[2026-09-26 20:58:23] ======================================================
[2026-09-26 20:58:23] 시작: 이미지 rename + 마크다운 참조 업데이트
[2026-09-26 20:58:23] 노트 디렉토리  : /home/lwh/Documents/001_Brain_Notes
[2026-09-26 20:58:23] 이미지 디렉토리: /home/lwh/Pictures/힣_Brain_Notes
[2026-09-26 20:58:23] ======================================================
[2026-09-26 20:58:23] 발견된 이미지 파일 수: 476
[2026-09-26 20:58:24] 
[2026-09-26 20:58:24] ------------------------------------------------------
[2026-09-26 20:58:24] 파일명 길이 14자 검사 중...
[2026-09-26 20:58:24] ------------------------------------------------------
[2026-09-26 20:58:24] [0;36m검사: 5619_5250_2811.jpg (basename 14자)[0m
[2026-09-26 20:58:24]   [0;32m매칭된 마크다운 파일 수: 1[0m
[2026-09-26 20:58:24]   이름 변경: 5619_5250_2811.jpg → dhovzh2p63wk03tu6t.jpg
[2026-09-26 20:58:24]   ✓ 이미지 rename 완료
[2026-09-26 20:58:24]   ✓ 마크다운 업데이트: 테레사 효과.md
[2026-09-26 20:58:25] ------------------------------------------------------
[2026-09-26 20:58:25] 파일명 길이 13자 검사 중...
[2026-09-26 20:58:25] ------------------------------------------------------
[2026-09-26 20:58:25] [0;36m검사: 1788064832806.png (basename 13자)[0m
[2026-09-26 20:58:25]   [0;32m매칭된 마크다운 파일 수: 1[0m
[2026-09-26 20:58:25]   이름 변경: 1788064832806.png → sphqg3ibf14afw6c9a.png
[2026-09-26 20:58:25]   ✓ 이미지 rename 완료
[2026-09-26 20:58:25]   ✓ 마크다운 업데이트: 잘못된 인과관계의 오류.md
[2026-09-26 20:58:25] [0;36m검사: 1788425135434.png (basename 13자)[0m
[2026-09-26 20:58:25]   [0;32m매칭된 마크다운 파일 수: 1[0m
[2026-09-26 20:58:25]   이름 변경: 1788425135434.png → gmfsday1fwkgsjdprq.png
[2026-09-26 20:58:25]   ✓ 이미지 rename 완료
[2026-09-26 20:58:25]   ✓ 마크다운 업데이트: 존재론 - 결론.md
[2026-09-26 20:58:25] [0;36m검사: 1786851100554.png (basename 13자)[0m
[2026-09-26 20:58:25]   [0;32m매칭된 마크다운 파일 수: 1[0m
[2026-09-26 20:58:25]   이름 변경: 1786851100554.png → x0z2ay4vp7xt718w36.png
[2026-09-26 20:58:25]   ✓ 이미지 rename 완료
[2026-09-26 20:58:25]   ✓ 마크다운 업데이트: 초끈이론과 막 우주론.md
[2026-09-26 20:58:25] [0;36m검사: 1786850629518.png (basename 13자)[0m
[2026-09-26 20:58:25]   [0;32m매칭된 마크다운 파일 수: 1[0m
[2026-09-26 20:58:25]   이름 변경: 1786850629518.png → 658d0m3istggekmeww.png
[2026-09-26 20:58:25]   ✓ 이미지 rename 완료
[2026-09-26 20:58:25]   ✓ 마크다운 업데이트: 온도별 적정 습도 정보.md
[2026-09-26 20:58:25] [0;36m검사: 1788072480817.png (basename 13자)[0m
[2026-09-26 20:58:25]   [0;32m매칭된 마크다운 파일 수: 1[0m
[2026-09-26 20:58:25]   이름 변경: 1788072480817.png → uro4141em94g7p3bmz.png
[2026-09-26 20:58:25]   ✓ 이미지 rename 완료
[2026-09-26 20:58:25]   ✓ 마크다운 업데이트: 산후우울증.md
[2026-09-26 20:58:25] [0;36m검사: 1787715880160.png (basename 13자)[0m
[2026-09-26 20:58:25]   [0;32m매칭된 마크다운 파일 수: 1[0m
[2026-09-26 20:58:25]   이름 변경: 1787715880160.png → j47ppvllrwz2m3sjif.png
[2026-09-26 20:58:25]   ✓ 이미지 rename 완료
[2026-09-26 20:58:25]   ✓ 마크다운 업데이트: 응용윤리학 - 나의 견해 분석.md
[2026-09-26 20:58:25] [0;36m검사: 1787557198013.png (basename 13자)[0m
[2026-09-26 20:58:26]   [0;32m매칭된 마크다운 파일 수: 1[0m
[2026-09-26 20:58:26]   이름 변경: 1787557198013.png → y1eyi454sni65q1ial.png
[2026-09-26 20:58:26]   ✓ 이미지 rename 완료
[2026-09-26 20:58:26]   ✓ 마크다운 업데이트: 신체경험치료.md
[2026-09-26 20:58:26] [0;36m검사: 1789228713300.png (basename 13자)[0m
[2026-09-26 20:58:26]   [0;32m매칭된 마크다운 파일 수: 1[0m
[2026-09-26 20:58:26]   이름 변경: 1789228713300.png → ys914lccthddfuhnap.png
[2026-09-26 20:58:26]   ✓ 이미지 rename 완료
[2026-09-26 20:58:26]   ✓ 마크다운 업데이트: GABA(가바).md
[2026-09-26 20:58:26] [0;36m검사: 1786737790008.png (basename 13자)[0m
[2026-09-26 20:58:26]   [0;32m매칭된 마크다운 파일 수: 1[0m
[2026-09-26 20:58:26]   이름 변경: 1786737790008.png → zbdtfx8sfre7b9e9wt.png
[2026-09-26 20:58:26]   ✓ 이미지 rename 완료
[2026-09-26 20:58:26]   ✓ 마크다운 업데이트: 좋은 의존과 나쁜 의존.md
[2026-09-26 20:58:26] [0;36m검사: 0830_파랑새증후군02.jpg (basename 13자)[0m
[2026-09-26 20:58:26]   [0;32m매칭된 마크다운 파일 수: 1[0m
[2026-09-26 20:58:26]   이름 변경: 0830_파랑새증후군02.jpg → a1q33ftu1i5ecvuzq6.jpg
[2026-09-26 20:58:26]   ✓ 이미지 rename 완료
[2026-09-26 20:58:26]   ✓ 마크다운 업데이트: 파랑새 증후군.md
[2026-09-26 20:58:26] [0;36m검사: 1787405724019.png (basename 13자)[0m
[2026-09-26 20:58:26]   [0;32m매칭된 마크다운 파일 수: 1[0m
[2026-09-26 20:58:26]   이름 변경: 1787405724019.png → rmzfe86lqpt6y7xgk3.png
[2026-09-26 20:58:26]   ✓ 이미지 rename 완료
[2026-09-26 20:58:26]   ✓ 마크다운 업데이트: 샌드위치 증후군.md
[2026-09-26 20:58:26] [0;36m검사: 1784167561885.jpg (basename 13자)[0m
[2026-09-26 20:58:26]   [0;32m매칭된 마크다운 파일 수: 1[0m
[2026-09-26 20:58:26]   이름 변경: 1784167561885.jpg → piktfg79znf75s0n1y.jpg
[2026-09-26 20:58:26]   ✓ 이미지 rename 완료
[2026-09-26 20:58:26]   ✓ 마크다운 업데이트: 삼성 프린터 토너 MLT-D115L.md
[2026-09-26 20:58:26] [0;36m검사: 1787024691339.png (basename 13자)[0m
[2026-09-26 20:58:26]   [0;32m매칭된 마크다운 파일 수: 1[0m
[2026-09-26 20:58:26]   이름 변경: 1787024691339.png → e0pqfpvriojq5kqm35.png
[2026-09-26 20:58:26]   ✓ 이미지 rename 완료
[2026-09-26 20:58:26]   ✓ 마크다운 업데이트: 상징적 소속감.md
[2026-09-26 20:58:26] [0;36m검사: 1786430066711.png (basename 13자)[0m
[2026-09-26 20:58:26]   [0;32m매칭된 마크다운 파일 수: 1[0m
[2026-09-26 20:58:26]   이름 변경: 1786430066711.png → rzmbhq9cd8v4eoivny.png
[2026-09-26 20:58:26]   ✓ 이미지 rename 완료
[2026-09-26 20:58:26]   ✓ 마크다운 업데이트: 음식 참견 대처 방법.md
[2026-09-26 20:58:26] [0;36m검사: 1787548299705.png (basename 13자)[0m
[2026-09-26 20:58:26]   [0;32m매칭된 마크다운 파일 수: 1[0m
[2026-09-26 20:58:26]   이름 변경: 1787548299705.png → ucsa6mrh4p643xg43g.png
[2026-09-26 20:58:26]   ✓ 이미지 rename 완료
[2026-09-26 20:58:26]   ✓ 마크다운 업데이트: 종교적 오염 불안.md
[2026-09-26 20:58:26] [0;36m검사: 1788251930662.png (basename 13자)[0m
[2026-09-26 20:58:26]   [0;32m매칭된 마크다운 파일 수: 1[0m
[2026-09-26 20:58:26]   이름 변경: 1788251930662.png → mpltoiwad0wv54851x.png
[2026-09-26 20:58:26]   ✓ 이미지 rename 완료
[2026-09-26 20:58:26]   ✓ 마크다운 업데이트: 나의 메모 흐름도.md
[2026-09-26 20:58:26] [0;36m검사: 1787458585152.png (basename 13자)[0m
[2026-09-26 20:58:26]   [0;32m매칭된 마크다운 파일 수: 1[0m
[2026-09-26 20:58:26]   이름 변경: 1787458585152.png → i8al7urdkmpdk9nwsr.png
[2026-09-26 20:58:26]   ✓ 이미지 rename 완료
[2026-09-26 20:58:26]   ✓ 마크다운 업데이트: 사람과의 음식 대화.md
[2026-09-26 20:58:26] [0;36m검사: 1787458223619.png (basename 13자)[0m
[2026-09-26 20:58:26]   [0;32m매칭된 마크다운 파일 수: 1[0m
[2026-09-26 20:58:26]   이름 변경: 1787458223619.png → kmzu4w5grakutirpfe.png
[2026-09-26 20:58:26]   ✓ 이미지 rename 완료
[2026-09-26 20:58:26]   ✓ 마크다운 업데이트: 집단적 방어 기제.md
[2026-09-26 20:58:26] [0;36m검사: 1788065270395.png (basename 13자)[0m
[2026-09-26 20:58:26]   [0;32m매칭된 마크다운 파일 수: 1[0m
[2026-09-26 20:58:26]   이름 변경: 1788065270395.png → ke6lbghpaf686u04fu.png
[2026-09-26 20:58:26]   ✓ 이미지 rename 완료
[2026-09-26 20:58:26]   ✓ 마크다운 업데이트: 잘못된 비유의 오류.md
[2026-09-26 20:58:26] [0;36m검사: mqoju4cdbub81.png (basename 13자)[0m
[2026-09-26 20:58:26]   [0;32m매칭된 마크다운 파일 수: 1[0m
[2026-09-26 20:58:26]   이름 변경: mqoju4cdbub81.png → v24jjlvq57kkromb0w.png
[2026-09-26 20:58:26]   ✓ 이미지 rename 완료
[2026-09-26 20:58:26]   ✓ 마크다운 업데이트: 세키로 게임 지도 진행 순서.md
[2026-09-26 20:58:26] [0;36m검사: 1786612044905.png (basename 13자)[0m
[2026-09-26 20:58:26]   [0;32m매칭된 마크다운 파일 수: 1[0m
[2026-09-26 20:58:26]   이름 변경: 1786612044905.png → ckpdqllgyrethsw4mf.png
[2026-09-26 20:58:26]   ✓ 이미지 rename 완료
[2026-09-26 20:58:26]   ✓ 마크다운 업데이트: 자이가르닉 효과.md
[2026-09-26 20:58:26] [0;36m검사: 1787301607871.png (basename 13자)[0m
[2026-09-26 20:58:26]   [0;32m매칭된 마크다운 파일 수: 1[0m
[2026-09-26 20:58:26]   이름 변경: 1787301607871.png → u17o7auu5jpdlr36fs.png
[2026-09-26 20:58:26]   ✓ 이미지 rename 완료
[2026-09-26 20:58:26]   ✓ 마크다운 업데이트: 통제 가능한 것에 집중하기.md
[2026-09-26 20:58:26] [0;36m검사: 1787633337142.png (basename 13자)[0m
[2026-09-26 20:58:26]   [0;32m매칭된 마크다운 파일 수: 1[0m
[2026-09-26 20:58:26]   이름 변경: 1787633337142.png → 6k8di5yl25jqmkt38k.png
[2026-09-26 20:58:26]   ✓ 이미지 rename 완료
[2026-09-26 20:58:26]   ✓ 마크다운 업데이트: 사회적 편향 분석.md
[2026-09-26 20:58:26] [0;36m검사: 1788159346829.png (basename 13자)[0m
[2026-09-26 20:58:26]   [0;32m매칭된 마크다운 파일 수: 1[0m
[2026-09-26 20:58:26]   이름 변경: 1788159346829.png → olkaad9vago7quj1xg.png
[2026-09-26 20:58:26]   ✓ 이미지 rename 완료
[2026-09-26 20:58:26]   ✓ 마크다운 업데이트: 철학적 사고는 필요한가.md
[2026-09-26 20:58:26] [0;36m검사: 1786850537868.png (basename 13자)[0m
[2026-09-26 20:58:26]   [0;32m매칭된 마크다운 파일 수: 1[0m
[2026-09-26 20:58:26]   이름 변경: 1786850537868.png → a0acsxtcs1keh41npa.png
[2026-09-26 20:58:26]   ✓ 이미지 rename 완료
[2026-09-26 20:58:26]   ✓ 마크다운 업데이트: 더운 여름철 식욕 저하 이유.md
[2026-09-26 20:58:26] [0;36m검사: 1788419710833.png (basename 13자)[0m
[2026-09-26 20:58:26]   [0;32m매칭된 마크다운 파일 수: 1[0m
[2026-09-26 20:58:26]   이름 변경: 1788419710833.png → tpodbixis79vsp2qlp.png
[2026-09-26 20:58:26]   ✓ 이미지 rename 완료
[2026-09-26 20:58:26]   ✓ 마크다운 업데이트: 철학과 옵시디언 - 생각의 프레임.md
[2026-09-26 20:58:26] [0;36m검사: 1787626742792.png (basename 13자)[0m
[2026-09-26 20:58:26]   [0;32m매칭된 마크다운 파일 수: 1[0m
[2026-09-26 20:58:26]   이름 변경: 1787626742792.png → wsxgco0s20pom9gnqs.png
[2026-09-26 20:58:26]   ✓ 이미지 rename 완료
[2026-09-26 20:58:26]   ✓ 마크다운 업데이트: 손실 회피 편향.md
[2026-09-26 20:58:26] [0;36m검사: 1788431858855.png (basename 13자)[0m
[2026-09-26 20:58:26]   [0;32m매칭된 마크다운 파일 수: 2[0m
[2026-09-26 20:58:26]   이름 변경: 1788431858855.png → ehljmernkb8hkpa7ne.png
[2026-09-26 20:58:26]   ✓ 이미지 rename 완료
[2026-09-26 20:58:26]   ✓ 마크다운 업데이트: AI 공존 시대를 위한 심리적 스탠스.md
[2026-09-26 20:58:26]   ✓ 마크다운 업데이트: 인간과 AI 공존을 위한 심리.md
[2026-09-26 20:58:26] [0;36m검사: 1788234370179.png (basename 13자)[0m
[2026-09-26 20:58:26]   [0;32m매칭된 마크다운 파일 수: 1[0m
[2026-09-26 20:58:26]   이름 변경: 1788234370179.png → fzixq6ahd4i65ktyuz.png
[2026-09-26 20:58:26]   ✓ 이미지 rename 완료
[2026-09-26 20:58:26]   ✓ 마크다운 업데이트: 문간에 발 들여놓기 기법.md
[2026-09-26 20:58:26] [0;36m검사: 1788065408018.png (basename 13자)[0m
[2026-09-26 20:58:27]   [0;32m매칭된 마크다운 파일 수: 1[0m
[2026-09-26 20:58:27]   이름 변경: 1788065408018.png → yccoe11iybki9z9qhb.png
[2026-09-26 20:58:27]   ✓ 이미지 rename 완료
[2026-09-26 20:58:27]   ✓ 마크다운 업데이트: 무지에의 호소.md
[2026-09-26 20:58:27] [0;36m검사: 1789222109591.png (basename 13자)[0m
[2026-09-26 20:58:27]   [0;32m매칭된 마크다운 파일 수: 1[0m
[2026-09-26 20:58:27]   이름 변경: 1789222109591.png → rlsenakbwjgjh5ozyc.png
[2026-09-26 20:58:27]   ✓ 이미지 rename 완료
[2026-09-26 20:58:27]   ✓ 마크다운 업데이트: 법은 조금씩 변해야 한다.md
[2026-09-26 20:58:27] [0;36m검사: 1787390798975.png (basename 13자)[0m
[2026-09-26 20:58:27]   [0;32m매칭된 마크다운 파일 수: 1[0m
[2026-09-26 20:58:27]   이름 변경: 1787390798975.png → 78xmgeiam61rz1u5x6.png
[2026-09-26 20:58:27]   ✓ 이미지 rename 완료
[2026-09-26 20:58:27]   ✓ 마크다운 업데이트: 과잉보상.md
[2026-09-26 20:58:27] [0;36m검사: 1787723180623.png (basename 13자)[0m
[2026-09-26 20:58:27]   [0;32m매칭된 마크다운 파일 수: 1[0m
[2026-09-26 20:58:27]   이름 변경: 1787723180623.png → v7fdi0dk0o260acwe8.png
[2026-09-26 20:58:27]   ✓ 이미지 rename 완료
[2026-09-26 20:58:27]   ✓ 마크다운 업데이트: 감정 해소 - 적당한 타이밍.md
[2026-09-26 20:58:27] [0;36m검사: 1788239334875.png (basename 13자)[0m
[2026-09-26 20:58:27]   [0;32m매칭된 마크다운 파일 수: 1[0m
[2026-09-26 20:58:27]   이름 변경: 1788239334875.png → hoe0i0d28aa379u2qw.png
[2026-09-26 20:58:27]   ✓ 이미지 rename 완료
[2026-09-26 20:58:27]   ✓ 마크다운 업데이트: 프로파일링 모델 기법.md
[2026-09-26 20:58:27] [0;36m검사: 1788323849056.png (basename 13자)[0m
[2026-09-26 20:58:27]   [0;32m매칭된 마크다운 파일 수: 1[0m
[2026-09-26 20:58:27]   이름 변경: 1788323849056.png → qkmq8ybfpfby7ehauf.png
[2026-09-26 20:58:27]   ✓ 이미지 rename 완료
[2026-09-26 20:58:27]   ✓ 마크다운 업데이트: 인간 메모 기록의 한계와 미래.md
[2026-09-26 20:58:27] [0;36m검사: 1787569567439.png (basename 13자)[0m
[2026-09-26 20:58:27]   [0;32m매칭된 마크다운 파일 수: 1[0m
[2026-09-26 20:58:27]   이름 변경: 1787569567439.png → 6kx0sbxyfx3hodk4tn.png
[2026-09-26 20:58:27]   ✓ 이미지 rename 완료
[2026-09-26 20:58:27]   ✓ 마크다운 업데이트: 앨리스 증후군.md
[2026-09-26 20:58:27] [0;36m검사: 1787459018617.png (basename 13자)[0m
[2026-09-26 20:58:27]   [0;32m매칭된 마크다운 파일 수: 1[0m
[2026-09-26 20:58:27]   이름 변경: 1787459018617.png → goelu6bk0gpm5hnj0u.png
[2026-09-26 20:58:27]   ✓ 이미지 rename 완료
[2026-09-26 20:58:27]   ✓ 마크다운 업데이트: 인간이 추구하는 영원한 권력.md
[2026-09-26 20:58:27] [0;36m검사: 1788590865822.png (basename 13자)[0m
[2026-09-26 20:58:27]   [0;32m매칭된 마크다운 파일 수: 1[0m
[2026-09-26 20:58:27]   이름 변경: 1788590865822.png → 36cvbo3ohmijr7asmq.png
[2026-09-26 20:58:27]   ✓ 이미지 rename 완료
[2026-09-26 20:58:27]   ✓ 마크다운 업데이트: 대용량 데이터에 대한 고찰.md
[2026-09-26 20:58:27] [0;36m검사: 1786984700680.png (basename 13자)[0m
[2026-09-26 20:58:27]   [0;32m매칭된 마크다운 파일 수: 1[0m
[2026-09-26 20:58:27]   이름 변경: 1786984700680.png → batk25c62xxubx2938.png
[2026-09-26 20:58:27]   ✓ 이미지 rename 완료
[2026-09-26 20:58:27]   ✓ 마크다운 업데이트: LIST KR 사건.md
[2026-09-26 20:58:27] [0;36m검사: 1787404757669.png (basename 13자)[0m
[2026-09-26 20:58:27]   [0;32m매칭된 마크다운 파일 수: 1[0m
[2026-09-26 20:58:27]   이름 변경: 1787404757669.png → f6qlfu0j76ufbjzvm4.png
[2026-09-26 20:58:27]   ✓ 이미지 rename 완료
[2026-09-26 20:58:27]   ✓ 마크다운 업데이트: 구원자 콤플렉스.md
[2026-09-26 20:58:27] [0;36m검사: 1788740887715.png (basename 13자)[0m
[2026-09-26 20:58:27]   [0;32m매칭된 마크다운 파일 수: 1[0m
[2026-09-26 20:58:27]   이름 변경: 1788740887715.png → ge8r4fd5qbffb91pi8.png
[2026-09-26 20:58:27]   ✓ 이미지 rename 완료
[2026-09-26 20:58:27]   ✓ 마크다운 업데이트: 사회불안장애 치료법.md
[2026-09-26 20:58:27] [0;36m검사: 1788055821569.png (basename 13자)[0m
[2026-09-26 20:58:27]   [0;32m매칭된 마크다운 파일 수: 1[0m
[2026-09-26 20:58:27]   이름 변경: 1788055821569.png → ovrlg1aonkp9ulxj1m.png
[2026-09-26 20:58:27]   ✓ 이미지 rename 완료
[2026-09-26 20:58:27]   ✓ 마크다운 업데이트: 허수아비 논증 오류.md
[2026-09-26 20:58:27] [0;36m검사: 1786850278941.png (basename 13자)[0m
[2026-09-26 20:58:27]   [0;32m매칭된 마크다운 파일 수: 1[0m
[2026-09-26 20:58:27]   이름 변경: 1786850278941.png → kcjaesldd51b9egfno.png
[2026-09-26 20:58:27]   ✓ 이미지 rename 완료
[2026-09-26 20:58:27]   ✓ 마크다운 업데이트: 고기압과 저기압 구분.md
[2026-09-26 20:58:27] [0;36m검사: 1788534643195.png (basename 13자)[0m
[2026-09-26 20:58:27]   [0;32m매칭된 마크다운 파일 수: 1[0m
[2026-09-26 20:58:27]   이름 변경: 1788534643195.png → 1zinxhjttbupnvca1f.png
[2026-09-26 20:58:27]   ✓ 이미지 rename 완료
[2026-09-26 20:58:27]   ✓ 마크다운 업데이트: 스놉 효과.md
[2026-09-26 20:58:27] [0;36m검사: 1787549179782.png (basename 13자)[0m
[2026-09-26 20:58:27]   [0;32m매칭된 마크다운 파일 수: 1[0m
[2026-09-26 20:58:27]   이름 변경: 1787549179782.png → qneh4vk265sdua2i9o.png
[2026-09-26 20:58:27]   ✓ 이미지 rename 완료
[2026-09-26 20:58:27]   ✓ 마크다운 업데이트: 심리적 기전.md
[2026-09-26 20:58:27] [0;36m검사: 1789278626308.png (basename 13자)[0m
[2026-09-26 20:58:27]   [0;32m매칭된 마크다운 파일 수: 1[0m
[2026-09-26 20:58:27]   이름 변경: 1789278626308.png → 04wvxycrv4806bibzw.png
[2026-09-26 20:58:27]   ✓ 이미지 rename 완료
[2026-09-26 20:58:27]   ✓ 마크다운 업데이트: 인슐린.md
[2026-09-26 20:58:27] [0;36m검사: 1789162109359.png (basename 13자)[0m
[2026-09-26 20:58:27]   [0;32m매칭된 마크다운 파일 수: 1[0m
[2026-09-26 20:58:27]   이름 변경: 1789162109359.png → 8ha5e9mcx11zxaspen.png
[2026-09-26 20:58:27]   ✓ 이미지 rename 완료
[2026-09-26 20:58:27]   ✓ 마크다운 업데이트: 수급자 혼인신고 시 생계급여 변화.md
[2026-09-26 20:58:27] [0;36m검사: 1787812517160.png (basename 13자)[0m
[2026-09-26 20:58:27]   [0;32m매칭된 마크다운 파일 수: 1[0m
[2026-09-26 20:58:27]   이름 변경: 1787812517160.png → xdccbh1idodf3jwoyj.png
[2026-09-26 20:58:27]   ✓ 이미지 rename 완료
[2026-09-26 20:58:27]   ✓ 마크다운 업데이트: 감정 소화 - 루틴.md
[2026-09-26 20:58:27] [0;36m검사: 1787814949821.png (basename 13자)[0m
[2026-09-26 20:58:27]   [0;32m매칭된 마크다운 파일 수: 1[0m
[2026-09-26 20:58:27]   이름 변경: 1787814949821.png → 7eos8s81bxaidcbf2l.png
[2026-09-26 20:58:27]   ✓ 이미지 rename 완료
[2026-09-26 20:58:27]   ✓ 마크다운 업데이트: 사회 공정성의 실종.md
[2026-09-26 20:58:27] [0;36m검사: 1788761026275.png (basename 13자)[0m
[2026-09-26 20:58:27]   [0;32m매칭된 마크다운 파일 수: 1[0m
[2026-09-26 20:58:27]   이름 변경: 1788761026275.png → xjn3qtlore8vjek0lm.png
[2026-09-26 20:58:27]   ✓ 이미지 rename 완료
[2026-09-26 20:58:27]   ✓ 마크다운 업데이트: 사회생활을 바라보는 시점.md
[2026-09-26 20:58:27] [0;36m검사: 1788065788870.png (basename 13자)[0m
[2026-09-26 20:58:27]   [0;32m매칭된 마크다운 파일 수: 1[0m
[2026-09-26 20:58:27]   이름 변경: 1788065788870.png → 7pgglcjtg9jx4apqsj.png
[2026-09-26 20:58:27]   ✓ 이미지 rename 완료
[2026-09-26 20:58:27]   ✓ 마크다운 업데이트: 군중에의 호소.md
[2026-09-26 20:58:27] [0;36m검사: 1788059441143.png (basename 13자)[0m
[2026-09-26 20:58:27]   [0;32m매칭된 마크다운 파일 수: 1[0m
[2026-09-26 20:58:27]   이름 변경: 1788059441143.png → hrdphsq45isbi0flrt.png
[2026-09-26 20:58:27]   ✓ 이미지 rename 완료
[2026-09-26 20:58:27]   ✓ 마크다운 업데이트: 피장파장의 오류.md
[2026-09-26 20:58:27] [0;36m검사: 1787710883276.png (basename 13자)[0m
[2026-09-26 20:58:27]   [0;32m매칭된 마크다운 파일 수: 1[0m
[2026-09-26 20:58:27]   이름 변경: 1787710883276.png → wfdlwv9p3h8xw1na7m.png
[2026-09-26 20:58:27]   ✓ 이미지 rename 완료
[2026-09-26 20:58:27]   ✓ 마크다운 업데이트: 사회 집단 편향.md
[2026-09-26 20:58:27] [0;36m검사: 1788063780742.png (basename 13자)[0m
[2026-09-26 20:58:27]   [0;32m매칭된 마크다운 파일 수: 1[0m
[2026-09-26 20:58:27]   이름 변경: 1788063780742.png → by3wuere5y1v9u7r1q.png
[2026-09-26 20:58:27]   ✓ 이미지 rename 완료
[2026-09-26 20:58:27]   ✓ 마크다운 업데이트: 전건 부정의 오류.md
[2026-09-26 20:58:28] [0;36m검사: 1788575915306.png (basename 13자)[0m
[2026-09-26 20:58:28]   [0;32m매칭된 마크다운 파일 수: 1[0m
[2026-09-26 20:58:28]   이름 변경: 1788575915306.png → voxi9sz62c0vnlocnv.png
[2026-09-26 20:58:28]   ✓ 이미지 rename 완료
[2026-09-26 20:58:28]   ✓ 마크다운 업데이트: 변형된 PARA 구조.md
[2026-09-26 20:58:28] [0;36m검사: 1786851012214.png (basename 13자)[0m
[2026-09-26 20:58:28]   [0;32m매칭된 마크다운 파일 수: 1[0m
[2026-09-26 20:58:28]   이름 변경: 1786851012214.png → sljxp0nkcy2whcm185.png
[2026-09-26 20:58:28]   ✓ 이미지 rename 완료
[2026-09-26 20:58:28]   ✓ 마크다운 업데이트: 현재의 AI model 한계점.md
[2026-09-26 20:58:28] [0;36m검사: 1786421145075.png (basename 13자)[0m
[2026-09-26 20:58:28]   [0;32m매칭된 마크다운 파일 수: 1[0m
[2026-09-26 20:58:28]   이름 변경: 1786421145075.png → su2x43i91muw42lpti.png
[2026-09-26 20:58:28]   ✓ 이미지 rename 완료
[2026-09-26 20:58:28]   ✓ 마크다운 업데이트: 의식과 무의식 욕구의 충돌.md
[2026-09-26 20:58:28] [0;36m검사: 1505_2502_569.png (basename 13자)[0m
[2026-09-26 20:58:28]   [0;32m매칭된 마크다운 파일 수: 1[0m
[2026-09-26 20:58:28]   이름 변경: 1505_2502_569.png → p8tcg5fr1proarp8p0.png
[2026-09-26 20:58:28]   ✓ 이미지 rename 완료
[2026-09-26 20:58:28]   ✓ 마크다운 업데이트: 최후통첩 게임.md
[2026-09-26 20:58:28] [0;36m검사: 1788062945643.png (basename 13자)[0m
[2026-09-26 20:58:28]   [0;32m매칭된 마크다운 파일 수: 1[0m
[2026-09-26 20:58:28]   이름 변경: 1788062945643.png → 3gd1i880zut66ta9vz.png
[2026-09-26 20:58:28]   ✓ 이미지 rename 완료
[2026-09-26 20:58:28]   ✓ 마크다운 업데이트: 후건 긍정의 오류.md
[2026-09-26 20:58:28] [0;36m검사: 1788235349728.png (basename 13자)[0m
[2026-09-26 20:58:28]   [0;32m매칭된 마크다운 파일 수: 1[0m
[2026-09-26 20:58:28]   이름 변경: 1788235349728.png → 7cmpu7obeyw4v1zygq.png
[2026-09-26 20:58:28]   ✓ 이미지 rename 완료
[2026-09-26 20:58:28]   ✓ 마크다운 업데이트: 내집단 편향.md
[2026-09-26 20:58:28] [0;36m검사: 1788147204585.png (basename 13자)[0m
[2026-09-26 20:58:28]   [0;32m매칭된 마크다운 파일 수: 1[0m
[2026-09-26 20:58:28]   이름 변경: 1788147204585.png → dlscaklxkmyn93rb5p.png
[2026-09-26 20:58:28]   ✓ 이미지 rename 완료
[2026-09-26 20:58:28]   ✓ 마크다운 업데이트: 스케일링 전략.md
[2026-09-26 20:58:28] [0;36m검사: 1784167564595.jpg (basename 13자)[0m
[2026-09-26 20:58:28]   [0;32m매칭된 마크다운 파일 수: 1[0m
[2026-09-26 20:58:28]   이름 변경: 1784167564595.jpg → 3s4is6d7ngu917kuft.jpg
[2026-09-26 20:58:28]   ✓ 이미지 rename 완료
[2026-09-26 20:58:28]   ✓ 마크다운 업데이트: 삼성 프린터 토너 MLT-D115L.md
[2026-09-26 20:58:28] [0;36m검사: 1787505825309.png (basename 13자)[0m
[2026-09-26 20:58:28]   [0;32m매칭된 마크다운 파일 수: 1[0m
[2026-09-26 20:58:28]   이름 변경: 1787505825309.png → 35fdf1xph7m1dstk5c.png
[2026-09-26 20:58:28]   ✓ 이미지 rename 완료
[2026-09-26 20:58:28]   ✓ 마크다운 업데이트: 자연주의적 오류.md
[2026-09-26 20:58:28] [0;36m검사: 1788238441897.png (basename 13자)[0m
[2026-09-26 20:58:28]   [0;32m매칭된 마크다운 파일 수: 2[0m
[2026-09-26 20:58:28]   이름 변경: 1788238441897.png → ijzx4xooaxinwzp32r.png
[2026-09-26 20:58:28]   ✓ 이미지 rename 완료
[2026-09-26 20:58:28]   ✓ 마크다운 업데이트: 심리 선동의 학문적 연구 분야.md
[2026-09-26 20:58:28]   ✓ 마크다운 업데이트: 심리 조정 선동의 학문적 연구 분야.md
[2026-09-26 20:58:28] [0;36m검사: 1787512404394.png (basename 13자)[0m
[2026-09-26 20:58:28]   [0;32m매칭된 마크다운 파일 수: 1[0m
[2026-09-26 20:58:28]   이름 변경: 1787512404394.png → sd3e3n7s58gpi6unn9.png
[2026-09-26 20:58:28]   ✓ 이미지 rename 완료
[2026-09-26 20:58:28]   ✓ 마크다운 업데이트: 도덕적 순결주의.md
[2026-09-26 20:58:28] [0;36m검사: 1788244879517.png (basename 13자)[0m
[2026-09-26 20:58:28]   [0;32m매칭된 마크다운 파일 수: 1[0m
[2026-09-26 20:58:28]   이름 변경: 1788244879517.png → mcgmy1e4bl6i88foxz.png
[2026-09-26 20:58:28]   ✓ 이미지 rename 완료
[2026-09-26 20:58:28]   ✓ 마크다운 업데이트: 방아쇠 수지 신경 압박.md
[2026-09-26 20:58:28] [0;36m검사: 201235387_500.jpg (basename 13자)[0m
[2026-09-26 20:58:28]   [0;32m매칭된 마크다운 파일 수: 1[0m
[2026-09-26 20:58:28]   이름 변경: 201235387_500.jpg → 8kv3rp81lebbw5whla.jpg
[2026-09-26 20:58:28]   ✓ 이미지 rename 완료
[2026-09-26 20:58:28]   ✓ 마크다운 업데이트: 잠꼬대 욕설.md
[2026-09-26 20:58:28] [0;36m검사: 1788060489566.png (basename 13자)[0m
[2026-09-26 20:58:28]   [0;32m매칭된 마크다운 파일 수: 1[0m
[2026-09-26 20:58:28]   이름 변경: 1788060489566.png → sk4hewbm42a7r6klmk.png
[2026-09-26 20:58:28]   ✓ 이미지 rename 완료
[2026-09-26 20:58:28]   ✓ 마크다운 업데이트: 순환논리의 오류.md
[2026-09-26 20:58:28] [0;36m검사: 1786157494781.png (basename 13자)[0m
[2026-09-26 20:58:28]   [0;32m매칭된 마크다운 파일 수: 1[0m
[2026-09-26 20:58:28]   이름 변경: 1786157494781.png → ev1srjuqobmeznt1lu.png
[2026-09-26 20:58:28]   ✓ 이미지 rename 완료
[2026-09-26 20:58:28]   ✓ 마크다운 업데이트: 루시퍼 효과.md
[2026-09-26 20:58:28] [0;36m검사: 1788061618853.png (basename 13자)[0m
[2026-09-26 20:58:28]   [0;32m매칭된 마크다운 파일 수: 1[0m
[2026-09-26 20:58:28]   이름 변경: 1788061618853.png → foyrpvff201wi5n6sp.png
[2026-09-26 20:58:28]   ✓ 이미지 rename 완료
[2026-09-26 20:58:28]   ✓ 마크다운 업데이트: 복합질문의 오류.md
[2026-09-26 20:58:28] [0;36m검사: 1787557778442.png (basename 13자)[0m
[2026-09-26 20:58:28]   [0;32m매칭된 마크다운 파일 수: 1[0m
[2026-09-26 20:58:28]   이름 변경: 1787557778442.png → 7sx1jawm2ex8op5b7m.png
[2026-09-26 20:58:28]   ✓ 이미지 rename 완료
[2026-09-26 20:58:28]   ✓ 마크다운 업데이트: 자비 중심 치료.md
[2026-09-26 20:58:28] [0;36m검사: 1788859671432.png (basename 13자)[0m
[2026-09-26 20:58:28]   [0;32m매칭된 마크다운 파일 수: 1[0m
[2026-09-26 20:58:28]   이름 변경: 1788859671432.png → bj0zwprl2goes4ahh1.png
[2026-09-26 20:58:28]   ✓ 이미지 rename 완료
[2026-09-26 20:58:28]   ✓ 마크다운 업데이트: 자기 투사.md
[2026-09-26 20:58:28] [0;36m검사: 1788323382918.png (basename 13자)[0m
[2026-09-26 20:58:28]   [0;32m매칭된 마크다운 파일 수: 1[0m
[2026-09-26 20:58:28]   이름 변경: 1788323382918.png → 5zvrr26e1cltio304q.png
[2026-09-26 20:58:28]   ✓ 이미지 rename 완료
[2026-09-26 20:58:28]   ✓ 마크다운 업데이트: 옵시디언 첨부파일 처리.md
[2026-09-26 20:58:28] [0;36m검사: 1788060359066.png (basename 13자)[0m
[2026-09-26 20:58:28]   [0;32m매칭된 마크다운 파일 수: 1[0m
[2026-09-26 20:58:28]   이름 변경: 1788060359066.png → hpr3saje2io37owu05.png
[2026-09-26 20:58:28]   ✓ 이미지 rename 완료
[2026-09-26 20:58:28]   ✓ 마크다운 업데이트: 미끄러운 경사면의 오류.md
[2026-09-26 20:58:28] [0;36m검사: 1788239819071.png (basename 13자)[0m
[2026-09-26 20:58:28]   [0;32m매칭된 마크다운 파일 수: 1[0m
[2026-09-26 20:58:28]   이름 변경: 1788239819071.png → ej0q8axieerai165cf.png
[2026-09-26 20:58:28]   ✓ 이미지 rename 완료
[2026-09-26 20:58:28]   ✓ 마크다운 업데이트: 프로파일링 모델 기법.md
[2026-09-26 20:58:28] [0;36m검사: 1787332045201.png (basename 13자)[0m
[2026-09-26 20:58:28]   [0;32m매칭된 마크다운 파일 수: 1[0m
[2026-09-26 20:58:28]   이름 변경: 1787332045201.png → ubluag98dzjiyvouwe.png
[2026-09-26 20:58:28]   ✓ 이미지 rename 완료
[2026-09-26 20:58:28]   ✓ 마크다운 업데이트: 옵시디언 작업대 비유.md
[2026-09-26 20:58:28] [0;36m검사: 1786510728206.png (basename 13자)[0m
[2026-09-26 20:58:28]   [0;32m매칭된 마크다운 파일 수: 1[0m
[2026-09-26 20:58:28]   이름 변경: 1786510728206.png → e50jy8erhwh1gomlbi.png
[2026-09-26 20:58:28]   ✓ 이미지 rename 완료
[2026-09-26 20:58:28]   ✓ 마크다운 업데이트: 자기 효능감.md
[2026-09-26 20:58:28] [0;36m검사: 1788413214806.png (basename 13자)[0m
[2026-09-26 20:58:28]   [0;32m매칭된 마크다운 파일 수: 1[0m
[2026-09-26 20:58:28]   이름 변경: 1788413214806.png → 83s1irz2sldinf3blk.png
[2026-09-26 20:58:28]   ✓ 이미지 rename 완료
[2026-09-26 20:58:28]   ✓ 마크다운 업데이트: 신은 인간 마음의 나침반.md
[2026-09-26 20:58:28] [0;36m검사: 1788217182161.png (basename 13자)[0m
[2026-09-26 20:58:29]   [0;32m매칭된 마크다운 파일 수: 1[0m
[2026-09-26 20:58:29]   이름 변경: 1788217182161.png → klars2gdgeeitd8wqr.png
[2026-09-26 20:58:29]   ✓ 이미지 rename 완료
[2026-09-26 20:58:29]   ✓ 마크다운 업데이트: 멘탈 모델.md
[2026-09-26 20:58:29] [0;36m검사: 1788239458024.png (basename 13자)[0m
[2026-09-26 20:58:29]   [0;32m매칭된 마크다운 파일 수: 1[0m
[2026-09-26 20:58:29]   이름 변경: 1788239458024.png → wftfntpmgjyf8d64r4.png
[2026-09-26 20:58:29]   ✓ 이미지 rename 완료
[2026-09-26 20:58:29]   ✓ 마크다운 업데이트: 프로파일링 모델 기법.md
[2026-09-26 20:58:29] [0;36m검사: 1788570245895.png (basename 13자)[0m
[2026-09-26 20:58:29]   [0;32m매칭된 마크다운 파일 수: 1[0m
[2026-09-26 20:58:29]   이름 변경: 1788570245895.png → yl0s1jxxnv61dsqbha.png
[2026-09-26 20:58:29]   ✓ 이미지 rename 완료
[2026-09-26 20:58:29]   ✓ 마크다운 업데이트: 옵시디언 MOC 구성법.md
[2026-09-26 20:58:29] [0;36m검사: 1788411038407.png (basename 13자)[0m
[2026-09-26 20:58:29]   [0;32m매칭된 마크다운 파일 수: 1[0m
[2026-09-26 20:58:29]   이름 변경: 1788411038407.png → dobqmlmgaxu9lydqw8.png
[2026-09-26 20:58:29]   ✓ 이미지 rename 완료
[2026-09-26 20:58:29]   ✓ 마크다운 업데이트: 사회 정체성 이론.md
[2026-09-26 20:58:29] [0;36m검사: 1786152784682.png (basename 13자)[0m
[2026-09-26 20:58:29]   [0;32m매칭된 마크다운 파일 수: 1[0m
[2026-09-26 20:58:29]   이름 변경: 1786152784682.png → t1vslo31x2p6ibn2k8.png
[2026-09-26 20:58:29]   ✓ 이미지 rename 완료
[2026-09-26 20:58:29]   ✓ 마크다운 업데이트: 그레셤의 법칙.md
[2026-09-26 20:58:29] [0;36m검사: 1789216259432.png (basename 13자)[0m
[2026-09-26 20:58:29]   [0;32m매칭된 마크다운 파일 수: 1[0m
[2026-09-26 20:58:29]   이름 변경: 1789216259432.png → xgo7i4rfpza3703024.png
[2026-09-26 20:58:29]   ✓ 이미지 rename 완료
[2026-09-26 20:58:29]   ✓ 마크다운 업데이트: 뇌 건강 관리.md
[2026-09-26 20:58:29] [0;36m검사: 1788064356895.png (basename 13자)[0m
[2026-09-26 20:58:29]   [0;32m매칭된 마크다운 파일 수: 1[0m
[2026-09-26 20:58:29]   이름 변경: 1788064356895.png → quezf87uy9reu19f61.png
[2026-09-26 20:58:29]   ✓ 이미지 rename 완료
[2026-09-26 20:58:29]   ✓ 마크다운 업데이트: 분할의 오류.md
[2026-09-26 20:58:29] [0;36m검사: 1788216963296.png (basename 13자)[0m
[2026-09-26 20:58:29]   [0;32m매칭된 마크다운 파일 수: 1[0m
[2026-09-26 20:58:29]   이름 변경: 1788216963296.png → vnm48rf3y1fokodiz0.png
[2026-09-26 20:58:29]   ✓ 이미지 rename 완료
[2026-09-26 20:58:29]   ✓ 마크다운 업데이트: 인지적 구두쇠.md
[2026-09-26 20:58:29] [0;36m검사: 1788061999065.png (basename 13자)[0m
[2026-09-26 20:58:29]   [0;32m매칭된 마크다운 파일 수: 1[0m
[2026-09-26 20:58:29]   이름 변경: 1788061999065.png → 7ie87k1a5p9s6u5ddq.png
[2026-09-26 20:58:29]   ✓ 이미지 rename 완료
[2026-09-26 20:58:29]   ✓ 마크다운 업데이트: 붉은 청어의 오류.md
[2026-09-26 20:58:29] [0;36m검사: 1788239239035.png (basename 13자)[0m
[2026-09-26 20:58:29]   [0;32m매칭된 마크다운 파일 수: 1[0m
[2026-09-26 20:58:29]   이름 변경: 1788239239035.png → kkkl44lzrc8yb708n7.png
[2026-09-26 20:58:29]   ✓ 이미지 rename 완료
[2026-09-26 20:58:29]   ✓ 마크다운 업데이트: 프로파일링 모델 기법.md
[2026-09-26 20:58:29] [0;36m검사: 1788064097057.png (basename 13자)[0m
[2026-09-26 20:58:29]   [0;32m매칭된 마크다운 파일 수: 1[0m
[2026-09-26 20:58:29]   이름 변경: 1788064097057.png → jh3i02u3gn2fekt2im.png
[2026-09-26 20:58:29]   ✓ 이미지 rename 완료
[2026-09-26 20:58:29]   ✓ 마크다운 업데이트: 결합의 오류.md
[2026-09-26 20:58:29] [0;36m검사: 1787493441452.png (basename 13자)[0m
[2026-09-26 20:58:29]   [0;32m매칭된 마크다운 파일 수: 1[0m
[2026-09-26 20:58:29]   이름 변경: 1787493441452.png → 316qxsy6oo8rpnfszu.png
[2026-09-26 20:58:29]   ✓ 이미지 rename 완료
[2026-09-26 20:58:29]   ✓ 마크다운 업데이트: 이면 감정.md
[2026-09-26 20:58:29] [0;36m검사: 1788060679161.png (basename 13자)[0m
[2026-09-26 20:58:29]   [0;32m매칭된 마크다운 파일 수: 1[0m
[2026-09-26 20:58:29]   이름 변경: 1788060679161.png → 6follmn5suep68rjy3.png
[2026-09-26 20:58:29]   ✓ 이미지 rename 완료
[2026-09-26 20:58:29]   ✓ 마크다운 업데이트: 흑백논리의 오류.md
[2026-09-26 20:58:29] [0;36m검사: 1788412069366.png (basename 13자)[0m
[2026-09-26 20:58:29]   [0;32m매칭된 마크다운 파일 수: 1[0m
[2026-09-26 20:58:29]   이름 변경: 1788412069366.png → 3i9dyiivekjmitumha.png
[2026-09-26 20:58:29]   ✓ 이미지 rename 완료
[2026-09-26 20:58:29]   ✓ 마크다운 업데이트: 인간의 초월적 갈망과 메시아.md
[2026-09-26 20:58:29] [0;36m검사: 1786589245182.png (basename 13자)[0m
[2026-09-26 20:58:29]   [0;32m매칭된 마크다운 파일 수: 1[0m
[2026-09-26 20:58:29]   이름 변경: 1786589245182.png → c2i4x3wn9a3v9bun6l.png
[2026-09-26 20:58:29]   ✓ 이미지 rename 완료
[2026-09-26 20:58:29]   ✓ 마크다운 업데이트: 회상 효과.md
[2026-09-26 20:58:29] [0;36m검사: 1787730046683.png (basename 13자)[0m
[2026-09-26 20:58:29]   [0;32m매칭된 마크다운 파일 수: 1[0m
[2026-09-26 20:58:29]   이름 변경: 1787730046683.png → 54a52dzd94ijde4sjz.png
[2026-09-26 20:58:29]   ✓ 이미지 rename 완료
[2026-09-26 20:58:29]   ✓ 마크다운 업데이트: 업무 교육자의 스트레스 해소.md
[2026-09-26 20:58:29] [0;36m검사: 1787729797494.png (basename 13자)[0m
[2026-09-26 20:58:29]   [0;32m매칭된 마크다운 파일 수: 1[0m
[2026-09-26 20:58:29]   이름 변경: 1787729797494.png → dg8lm7fbd8q31lys9g.png
[2026-09-26 20:58:29]   ✓ 이미지 rename 완료
[2026-09-26 20:58:29]   ✓ 마크다운 업데이트: 업무 보상 시스템.md
[2026-09-26 20:58:29] [0;36m검사: 1788239568365.png (basename 13자)[0m
[2026-09-26 20:58:29]   [0;32m매칭된 마크다운 파일 수: 1[0m
[2026-09-26 20:58:29]   이름 변경: 1788239568365.png → kea2z5vz18mltqvc8b.png
[2026-09-26 20:58:29]   ✓ 이미지 rename 완료
[2026-09-26 20:58:29]   ✓ 마크다운 업데이트: 프로파일링 모델 기법.md
[2026-09-26 20:58:29] [0;36m검사: 1786537723881.png (basename 13자)[0m
[2026-09-26 20:58:29]   [0;32m매칭된 마크다운 파일 수: 1[0m
[2026-09-26 20:58:29]   이름 변경: 1786537723881.png → 3gbsk4c2jlvxel49lp.png
[2026-09-26 20:58:29]   ✓ 이미지 rename 완료
[2026-09-26 20:58:29]   ✓ 마크다운 업데이트: 사람들의 소통 변화 2026년.md
[2026-09-26 20:58:29] [0;36m검사: cts3705_img 1.jpg (basename 13자)[0m
[2026-09-26 20:58:29]   [0;32m매칭된 마크다운 파일 수: 1[0m
[2026-09-26 20:58:29]   이름 변경: cts3705_img 1.jpg → mtz831no4mwdie4hu5.jpg
[2026-09-26 20:58:29]   ✓ 이미지 rename 완료
[2026-09-26 20:58:29]   ✓ 마크다운 업데이트: 온몸운동 스트레칭 하기.md
[2026-09-26 20:58:29] [0;36m검사: 1787722886437.png (basename 13자)[0m
[2026-09-26 20:58:29]   [0;32m매칭된 마크다운 파일 수: 1[0m
[2026-09-26 20:58:29]   이름 변경: 1787722886437.png → 5kpibqe06e4fi5ohzq.png
[2026-09-26 20:58:29]   ✓ 이미지 rename 완료
[2026-09-26 20:58:29]   ✓ 마크다운 업데이트: 감정 분리 - 감정 과부하 해결하기.md
[2026-09-26 20:58:29] [0;36m검사: 1788066370152.png (basename 13자)[0m
[2026-09-26 20:58:29]   [0;32m매칭된 마크다운 파일 수: 1[0m
[2026-09-26 20:58:29]   이름 변경: 1788066370152.png → ioz4imo5f1iyt5jvh9.png
[2026-09-26 20:58:29]   ✓ 이미지 rename 완료
[2026-09-26 20:58:29]   ✓ 마크다운 업데이트: 절대적 진리.md
[2026-09-26 20:58:29] [0;36m검사: 1786153038628.png (basename 13자)[0m
[2026-09-26 20:58:29]   [0;32m매칭된 마크다운 파일 수: 1[0m
[2026-09-26 20:58:29]   이름 변경: 1786153038628.png → ey8qgnvcxqqel5mbwn.png
[2026-09-26 20:58:29]   ✓ 이미지 rename 완료
[2026-09-26 20:58:29]   ✓ 마크다운 업데이트: 샐리의 법칙.md
[2026-09-26 20:58:29] [0;36m검사: 1787708624242.png (basename 13자)[0m
[2026-09-26 20:58:29]   [0;32m매칭된 마크다운 파일 수: 1[0m
[2026-09-26 20:58:29]   이름 변경: 1787708624242.png → 4c1uz55arxoy1eskss.png
[2026-09-26 20:58:29]   ✓ 이미지 rename 완료
[2026-09-26 20:58:30]   ✓ 마크다운 업데이트: 대화의 편향성.md
[2026-09-26 20:58:30] [0;36m검사: 1788765595888.png (basename 13자)[0m
[2026-09-26 20:58:30]   [0;32m매칭된 마크다운 파일 수: 1[0m
[2026-09-26 20:58:30]   이름 변경: 1788765595888.png → 8ofzzz7kpz3hi8kyir.png
[2026-09-26 20:58:30]   ✓ 이미지 rename 완료
[2026-09-26 20:58:30]   ✓ 마크다운 업데이트: 나를 믿는 힘.md
[2026-09-26 20:58:30] [0;36m검사: 1789131467844.png (basename 13자)[0m
[2026-09-26 20:58:30]   [0;32m매칭된 마크다운 파일 수: 1[0m
[2026-09-26 20:58:30]   이름 변경: 1789131467844.png → i1ao9v319cwlfrmq3i.png
[2026-09-26 20:58:30]   ✓ 이미지 rename 완료
[2026-09-26 20:58:30]   ✓ 마크다운 업데이트: 아버지가 남긴 생각.md
[2026-09-26 20:58:30] [0;36m검사: 1788059707921.png (basename 13자)[0m
[2026-09-26 20:58:30]   [0;32m매칭된 마크다운 파일 수: 1[0m
[2026-09-26 20:58:30]   이름 변경: 1788059707921.png → zvu93nt1qdy7ljjcyk.png
[2026-09-26 20:58:30]   ✓ 이미지 rename 완료
[2026-09-26 20:58:30]   ✓ 마크다운 업데이트: 피에 의거한 논증.md
[2026-09-26 20:58:30] [0;36m검사: 1789272798404.png (basename 13자)[0m
[2026-09-26 20:58:30]   [0;32m매칭된 마크다운 파일 수: 1[0m
[2026-09-26 20:58:30]   이름 변경: 1789272798404.png → 6tl5h1xbd0a9rsoi5l.png
[2026-09-26 20:58:30]   ✓ 이미지 rename 완료
[2026-09-26 20:58:30]   ✓ 마크다운 업데이트: 통제 불가능 - 내가 할 건 다했다.md
[2026-09-26 20:58:30] [0;36m검사: 1787558350861.png (basename 13자)[0m
[2026-09-26 20:58:30]   [0;32m매칭된 마크다운 파일 수: 1[0m
[2026-09-26 20:58:30]   이름 변경: 1787558350861.png → h6gw4cir1ol3lioab3.png
[2026-09-26 20:58:30]   ✓ 이미지 rename 완료
[2026-09-26 20:58:30]   ✓ 마크다운 업데이트: 가족치료.md
[2026-09-26 20:58:30] [0;36m검사: 1787376456399.png (basename 13자)[0m
[2026-09-26 20:58:30]   [0;32m매칭된 마크다운 파일 수: 1[0m
[2026-09-26 20:58:30]   이름 변경: 1787376456399.png → uzjy2o4b5thmn7c5ad.png
[2026-09-26 20:58:30]   ✓ 이미지 rename 완료
[2026-09-26 20:58:30]   ✓ 마크다운 업데이트: 게슈랄트 치료 기법.md
[2026-09-26 20:58:30] [0;36m검사: 1787816028777.png (basename 13자)[0m
[2026-09-26 20:58:30]   [0;32m매칭된 마크다운 파일 수: 1[0m
[2026-09-26 20:58:30]   이름 변경: 1787816028777.png → kpcq4ua11tw9eom41x.png
[2026-09-26 20:58:30]   ✓ 이미지 rename 완료
[2026-09-26 20:58:30]   ✓ 마크다운 업데이트: 감정 절약.md
[2026-09-26 20:58:30] [0;36m검사: 1788064577459.png (basename 13자)[0m
[2026-09-26 20:58:30]   [0;32m매칭된 마크다운 파일 수: 1[0m
[2026-09-26 20:58:30]   이름 변경: 1788064577459.png → s5bd89s8ka95hl9l95.png
[2026-09-26 20:58:30]   ✓ 이미지 rename 완료
[2026-09-26 20:58:30]   ✓ 마크다운 업데이트: 애매어의 오류.md
[2026-09-26 20:58:30] [0;36m검사: 1787710089322.png (basename 13자)[0m
[2026-09-26 20:58:30]   [0;32m매칭된 마크다운 파일 수: 1[0m
[2026-09-26 20:58:30]   이름 변경: 1787710089322.png → rllptlmc2s3cyoq136.png
[2026-09-26 20:58:30]   ✓ 이미지 rename 완료
[2026-09-26 20:58:30]   ✓ 마크다운 업데이트: 현상 유지 편향.md
[2026-09-26 20:58:30] [0;36m검사: 1787815404821.png (basename 13자)[0m
[2026-09-26 20:58:30]   [0;32m매칭된 마크다운 파일 수: 1[0m
[2026-09-26 20:58:30]   이름 변경: 1787815404821.png → a9k1o66fvejrxbdqrb.png
[2026-09-26 20:58:30]   ✓ 이미지 rename 완료
[2026-09-26 20:58:30]   ✓ 마크다운 업데이트: 수단화된 인간 관계.md
[2026-09-26 20:58:30] [0;36m검사: 1786159417392.png (basename 13자)[0m
[2026-09-26 20:58:30]   [0;32m매칭된 마크다운 파일 수: 1[0m
[2026-09-26 20:58:30]   이름 변경: 1786159417392.png → 0zo9ig0hr4eoqyeu50.png
[2026-09-26 20:58:30]   ✓ 이미지 rename 완료
[2026-09-26 20:58:30]   ✓ 마크다운 업데이트: 자기 주장 이론.md
[2026-09-26 20:58:30] [0;36m검사: 1783133162218.png (basename 13자)[0m
[2026-09-26 20:58:30]   [0;32m매칭된 마크다운 파일 수: 1[0m
[2026-09-26 20:58:30]   이름 변경: 1783133162218.png → 2uzn6u8bklrsw8l26j.png
[2026-09-26 20:58:30]   ✓ 이미지 rename 완료
[2026-09-26 20:58:30]   ✓ 마크다운 업데이트: 심리 건강(회복탄력성).md
[2026-09-26 20:58:30] [0;36m검사: 1789272997604.png (basename 13자)[0m
[2026-09-26 20:58:30]   [0;32m매칭된 마크다운 파일 수: 1[0m
[2026-09-26 20:58:30]   이름 변경: 1789272997604.png → be3nfbs14hr4pmfscb.png
[2026-09-26 20:58:30]   ✓ 이미지 rename 완료
[2026-09-26 20:58:30]   ✓ 마크다운 업데이트: 카산드라 증후군.md
[2026-09-26 20:58:30] [0;36m검사: 1788059195815.png (basename 13자)[0m
[2026-09-26 20:58:30]   [0;32m매칭된 마크다운 파일 수: 1[0m
[2026-09-26 20:58:30]   이름 변경: 1788059195815.png → zv50c3h30k8nbjmf8i.png
[2026-09-26 20:58:30]   ✓ 이미지 rename 완료
[2026-09-26 20:58:30]   ✓ 마크다운 업데이트: 인신공격의 오류.md
[2026-09-26 20:58:30] [0;36m검사: 1788059931379.png (basename 13자)[0m
[2026-09-26 20:58:30]   [0;32m매칭된 마크다운 파일 수: 1[0m
[2026-09-26 20:58:30]   이름 변경: 1788059931379.png → yks6jewo6z6kaot6e7.png
[2026-09-26 20:58:30]   ✓ 이미지 rename 완료
[2026-09-26 20:58:30]   ✓ 마크다운 업데이트: 권위에 의거한 논증.md
[2026-09-26 20:58:30] [0;36m검사: 1788066023585.png (basename 13자)[0m
[2026-09-26 20:58:30]   [0;32m매칭된 마크다운 파일 수: 1[0m
[2026-09-26 20:58:30]   이름 변경: 1788066023585.png → 6dxtij3dhlry3ap7z5.png
[2026-09-26 20:58:30]   ✓ 이미지 rename 완료
[2026-09-26 20:58:30]   ✓ 마크다운 업데이트: 전통에의 호소.md
[2026-09-26 20:58:30] [0;36m검사: 1789458062203.png (basename 13자)[0m
[2026-09-26 20:58:30]   [0;32m매칭된 마크다운 파일 수: 1[0m
[2026-09-26 20:58:30]   이름 변경: 1789458062203.png → zsbyczxoub172qlhws.png
[2026-09-26 20:58:30]   ✓ 이미지 rename 완료
[2026-09-26 20:58:30]   ✓ 마크다운 업데이트: 차별금지법.md
[2026-09-26 20:58:30] [0;36m검사: 1789525093519.png (basename 13자)[0m
[2026-09-26 20:58:30]   [0;32m매칭된 마크다운 파일 수: 1[0m
[2026-09-26 20:58:30]   이름 변경: 1789525093519.png → xru7f9ck1fbgpu3sks.png
[2026-09-26 20:58:30]   ✓ 이미지 rename 완료
[2026-09-26 20:58:30]   ✓ 마크다운 업데이트: 걱정은 감사해요. 하지만.md
[2026-09-26 20:58:30] [0;36m검사: 1789536970844.png (basename 13자)[0m
[2026-09-26 20:58:30]   [0;32m매칭된 마크다운 파일 수: 1[0m
[2026-09-26 20:58:30]   이름 변경: 1789536970844.png → 0eyt1hxkj38wo97qcd.png
[2026-09-26 20:58:30]   ✓ 이미지 rename 완료
[2026-09-26 20:58:30]   ✓ 마크다운 업데이트: 건강한 고독.md
[2026-09-26 20:58:30] [0;36m검사: 1789607611352.png (basename 13자)[0m
[2026-09-26 20:58:30]   [0;32m매칭된 마크다운 파일 수: 1[0m
[2026-09-26 20:58:30]   이름 변경: 1789607611352.png → kjhjjm1tj93pngo6zl.png
[2026-09-26 20:58:30]   ✓ 이미지 rename 완료
[2026-09-26 20:58:30]   ✓ 마크다운 업데이트: 천안 종교 포교 대처.md
[2026-09-26 20:58:30] [0;36m검사: 1789604719459.png (basename 13자)[0m
[2026-09-26 20:58:30]   [0;32m매칭된 마크다운 파일 수: 1[0m
[2026-09-26 20:58:30]   이름 변경: 1789604719459.png → 5wup60a9dv8mqrdjzy.png
[2026-09-26 20:58:30]   ✓ 이미지 rename 완료
[2026-09-26 20:58:30]   ✓ 마크다운 업데이트: 자가포식.md
[2026-09-26 20:58:30] [0;36m검사: 1789712130357.png (basename 13자)[0m
[2026-09-26 20:58:30]   [0;32m매칭된 마크다운 파일 수: 1[0m
[2026-09-26 20:58:30]   이름 변경: 1789712130357.png → q8cgfg0g07vaypzw81.png
[2026-09-26 20:58:30]   ✓ 이미지 rename 완료
[2026-09-26 20:58:30]   ✓ 마크다운 업데이트: 뇌 과부하 - 생각을 줄이기.md
[2026-09-26 20:58:30] [0;36m검사: 1789708065507.png (basename 13자)[0m
[2026-09-26 20:58:30]   [0;32m매칭된 마크다운 파일 수: 1[0m
[2026-09-26 20:58:30]   이름 변경: 1789708065507.png → pjsp25x8peh7exy6sn.png
[2026-09-26 20:58:30]   ✓ 이미지 rename 완료
[2026-09-26 20:58:30]   ✓ 마크다운 업데이트: 나이 변화 - 고집이 세어지는 이유.md
[2026-09-26 20:58:30] [0;36m검사: 1789663821546.png (basename 13자)[0m
[2026-09-26 20:58:30]   [0;32m매칭된 마크다운 파일 수: 1[0m
[2026-09-26 20:58:30]   이름 변경: 1789663821546.png → 66u2ebypdiysxu8jm1.png
[2026-09-26 20:58:30]   ✓ 이미지 rename 완료
[2026-09-26 20:58:30]   ✓ 마크다운 업데이트: 인정 욕구 좌절.md
[2026-09-26 20:58:30] [0;36m검사: 1789780425790.png (basename 13자)[0m
[2026-09-26 20:58:30]   [0;32m매칭된 마크다운 파일 수: 1[0m
[2026-09-26 20:58:30]   이름 변경: 1789780425790.png → 1kpla0zv69mz7n28n9.png
[2026-09-26 20:58:30]   ✓ 이미지 rename 완료
[2026-09-26 20:58:30]   ✓ 마크다운 업데이트: 혼잣말을 하는 이유.md
[2026-09-26 20:58:30] [0;36m검사: 1789803059290.png (basename 13자)[0m
[2026-09-26 20:58:30]   [0;32m매칭된 마크다운 파일 수: 1[0m
[2026-09-26 20:58:30]   이름 변경: 1789803059290.png → 10nmhwoixth5irud38.png
[2026-09-26 20:58:30]   ✓ 이미지 rename 완료
[2026-09-26 20:58:31]   ✓ 마크다운 업데이트: 장벽 반응.md
[2026-09-26 20:58:31] [0;36m검사: 1789788267324.png (basename 13자)[0m
[2026-09-26 20:58:31]   [0;32m매칭된 마크다운 파일 수: 1[0m
[2026-09-26 20:58:31]   이름 변경: 1789788267324.png → n8fw2rl44hnh95dhqf.png
[2026-09-26 20:58:31]   ✓ 이미지 rename 완료
[2026-09-26 20:58:31]   ✓ 마크다운 업데이트: 나의 윤리 체계.md
[2026-09-26 20:58:31] [0;36m검사: 1789914392353.png (basename 13자)[0m
[2026-09-26 20:58:31]   [0;32m매칭된 마크다운 파일 수: 1[0m
[2026-09-26 20:58:31]   이름 변경: 1789914392353.png → y8wcamcjlxp238jj4e.png
[2026-09-26 20:58:31]   ✓ 이미지 rename 완료
[2026-09-26 20:58:31]   ✓ 마크다운 업데이트: 무지개 식사법.md
[2026-09-26 20:58:31] [0;36m검사: 1789915098582.png (basename 13자)[0m
[2026-09-26 20:58:31]   [0;32m매칭된 마크다운 파일 수: 1[0m
[2026-09-26 20:58:31]   이름 변경: 1789915098582.png → fjy80ykiuiyir65mby.png
[2026-09-26 20:58:31]   ✓ 이미지 rename 완료
[2026-09-26 20:58:31]   ✓ 마크다운 업데이트: 지중해식 식사법.md
[2026-09-26 20:58:31] [0;36m검사: 1789913050493.png (basename 13자)[0m
[2026-09-26 20:58:31]   [0;32m매칭된 마크다운 파일 수: 1[0m
[2026-09-26 20:58:31]   이름 변경: 1789913050493.png → 67sgyw79sck39746fh.png
[2026-09-26 20:58:31]   ✓ 이미지 rename 완료
[2026-09-26 20:58:31]   ✓ 마크다운 업데이트: 건강을 해치는 생활 습관.md
[2026-09-26 20:58:31] [0;36m검사: 1789919338074.png (basename 13자)[0m
[2026-09-26 20:58:31]   [0;32m매칭된 마크다운 파일 수: 1[0m
[2026-09-26 20:58:31]   이름 변경: 1789919338074.png → 87dhy3s1e6ufqmudme.png
[2026-09-26 20:58:31]   ✓ 이미지 rename 완료
[2026-09-26 20:58:31]   ✓ 마크다운 업데이트: 텅빈 마음 심리 대처.md
[2026-09-26 20:58:31] [0;36m검사: 1789895658500.png (basename 13자)[0m
[2026-09-26 20:58:31]   [0;32m매칭된 마크다운 파일 수: 1[0m
[2026-09-26 20:58:31]   이름 변경: 1789895658500.png → y0g40u5awze4ovd0mi.png
[2026-09-26 20:58:31]   ✓ 이미지 rename 완료
[2026-09-26 20:58:31]   ✓ 마크다운 업데이트: 혈관 노화.md
[2026-09-26 20:58:31] [0;36m검사: 1789916013021.png (basename 13자)[0m
[2026-09-26 20:58:31]   [0;32m매칭된 마크다운 파일 수: 1[0m
[2026-09-26 20:58:31]   이름 변경: 1789916013021.png → qjidljc79zq1clz4q5.png
[2026-09-26 20:58:31]   ✓ 이미지 rename 완료
[2026-09-26 20:58:31]   ✓ 마크다운 업데이트: DASH 식사법.md
[2026-09-26 20:58:31] [0;36m검사: 1789916204491.png (basename 13자)[0m
[2026-09-26 20:58:31]   [0;32m매칭된 마크다운 파일 수: 1[0m
[2026-09-26 20:58:31]   이름 변경: 1789916204491.png → n2maxd68grkynyvex4.png
[2026-09-26 20:58:31]   ✓ 이미지 rename 완료
[2026-09-26 20:58:31]   ✓ 마크다운 업데이트: MIND 식사법.md
[2026-09-26 20:58:31] [0;36m검사: 1789965970814.png (basename 13자)[0m
[2026-09-26 20:58:31]   [0;32m매칭된 마크다운 파일 수: 1[0m
[2026-09-26 20:58:31]   이름 변경: 1789965970814.png → k0tboct3k2xda6au6r.png
[2026-09-26 20:58:31]   ✓ 이미지 rename 완료
[2026-09-26 20:58:31]   ✓ 마크다운 업데이트: 백내장 발생 요인.md
[2026-09-26 20:58:31] [0;36m검사: 1789972256997.png (basename 13자)[0m
[2026-09-26 20:58:31]   [0;32m매칭된 마크다운 파일 수: 1[0m
[2026-09-26 20:58:31]   이름 변경: 1789972256997.png → uj6lbqf153svc9q1n1.png
[2026-09-26 20:58:31]   ✓ 이미지 rename 완료
[2026-09-26 20:58:31]   ✓ 마크다운 업데이트: 일기 쓰기 마음가짐.md
[2026-09-26 20:58:31] [0;36m검사: 1789971732135.png (basename 13자)[0m
[2026-09-26 20:58:31]   [0;32m매칭된 마크다운 파일 수: 1[0m
[2026-09-26 20:58:31]   이름 변경: 1789971732135.png → xu3fjxsftv3wf3x5b7.png
[2026-09-26 20:58:31]   ✓ 이미지 rename 완료
[2026-09-26 20:58:31]   ✓ 마크다운 업데이트: 감정 인지.md
[2026-09-26 20:58:31] [0;36m검사: 1789965215787.png (basename 13자)[0m
[2026-09-26 20:58:31]   [0;32m매칭된 마크다운 파일 수: 1[0m
[2026-09-26 20:58:31]   이름 변경: 1789965215787.png → fppe7w0w3yvys89p04.png
[2026-09-26 20:58:31]   ✓ 이미지 rename 완료
[2026-09-26 20:58:31]   ✓ 마크다운 업데이트: 면역력 강화와 자가면역질환 관계.md
[2026-09-26 20:58:31] [0;36m검사: 1789962129552.png (basename 13자)[0m
[2026-09-26 20:58:31]   [0;32m매칭된 마크다운 파일 수: 1[0m
[2026-09-26 20:58:31]   이름 변경: 1789962129552.png → rgt4piqdmhaarv25z3.png
[2026-09-26 20:58:31]   ✓ 이미지 rename 완료
[2026-09-26 20:58:31]   ✓ 마크다운 업데이트: 면역력 강화.md
[2026-09-26 20:58:31] [0;36m검사: 1789973471462.png (basename 13자)[0m
[2026-09-26 20:58:31]   [0;32m매칭된 마크다운 파일 수: 1[0m
[2026-09-26 20:58:31]   이름 변경: 1789973471462.png → 3l7sm34prlfm55ru21.png
[2026-09-26 20:58:31]   ✓ 이미지 rename 완료
[2026-09-26 20:58:31]   ✓ 마크다운 업데이트: 만성 염증.md
[2026-09-26 20:58:31] [0;36m검사: 1789971922874.png (basename 13자)[0m
[2026-09-26 20:58:31]   [0;32m매칭된 마크다운 파일 수: 1[0m
[2026-09-26 20:58:31]   이름 변경: 1789971922874.png → dckgopenps3bwakjmf.png
[2026-09-26 20:58:31]   ✓ 이미지 rename 완료
[2026-09-26 20:58:31]   ✓ 마크다운 업데이트: 머리 생각 비우기.md
[2026-09-26 20:58:31] [0;36m검사: 1789972071782.png (basename 13자)[0m
[2026-09-26 20:58:31]   [0;32m매칭된 마크다운 파일 수: 1[0m
[2026-09-26 20:58:31]   이름 변경: 1789972071782.png → 3cte6boxcs3mhualyb.png
[2026-09-26 20:58:31]   ✓ 이미지 rename 완료
[2026-09-26 20:58:31]   ✓ 마크다운 업데이트: 나의 의사결정 - 심리 가이드.md
[2026-09-26 20:58:31] [0;36m검사: 1789966448591.png (basename 13자)[0m
[2026-09-26 20:58:31]   [0;32m매칭된 마크다운 파일 수: 1[0m
[2026-09-26 20:58:31]   이름 변경: 1789966448591.png → uq5gjotslqdu1caauu.png
[2026-09-26 20:58:31]   ✓ 이미지 rename 완료
[2026-09-26 20:58:31]   ✓ 마크다운 업데이트: 치아 질환의 요인.md
[2026-09-26 20:58:31] [0;36m검사: 1789971819596.png (basename 13자)[0m
[2026-09-26 20:58:31]   [0;32m매칭된 마크다운 파일 수: 1[0m
[2026-09-26 20:58:31]   이름 변경: 1789971819596.png → eyz13v1gyx3n79t01q.png
[2026-09-26 20:58:31]   ✓ 이미지 rename 완료
[2026-09-26 20:58:31]   ✓ 마크다운 업데이트: 전두엽 휴식.md
[2026-09-26 20:58:31] [0;36m검사: 1789971657613.png (basename 13자)[0m
[2026-09-26 20:58:31]   [0;32m매칭된 마크다운 파일 수: 1[0m
[2026-09-26 20:58:31]   이름 변경: 1789971657613.png → dnox7xffyu0qos2zrh.png
[2026-09-26 20:58:31]   ✓ 이미지 rename 완료
[2026-09-26 20:58:31]   ✓ 마크다운 업데이트: 감정 분리 - 감정 살펴보기.md
[2026-09-26 20:58:31] [0;36m검사: 1789970506847.png (basename 13자)[0m
[2026-09-26 20:58:31]   [0;32m매칭된 마크다운 파일 수: 1[0m
[2026-09-26 20:58:31]   이름 변경: 1789970506847.png → enw359swvauucxdvj4.png
[2026-09-26 20:58:31]   ✓ 이미지 rename 완료
[2026-09-26 20:58:31]   ✓ 마크다운 업데이트: 진정한 지식공유 - 우월감 싫어요.md
[2026-09-26 20:58:31] [0;36m검사: 1789972430995.png (basename 13자)[0m
[2026-09-26 20:58:31]   [0;32m매칭된 마크다운 파일 수: 1[0m
[2026-09-26 20:58:31]   이름 변경: 1789972430995.png → ueifddb3ku14wbiny1.png
[2026-09-26 20:58:31]   ✓ 이미지 rename 완료
[2026-09-26 20:58:31]   ✓ 마크다운 업데이트: 감정 분리 - 부모 대화.md
[2026-09-26 20:58:31] [0;36m검사: 1789967072839.png (basename 13자)[0m
[2026-09-26 20:58:31]   [0;32m매칭된 마크다운 파일 수: 1[0m
[2026-09-26 20:58:31]   이름 변경: 1789967072839.png → as1qebv6o2t508kguc.png
[2026-09-26 20:58:31]   ✓ 이미지 rename 완료
[2026-09-26 20:58:31]   ✓ 마크다운 업데이트: 건강한 생활 습관.md
[2026-09-26 20:58:31] [0;36m검사: 1789972685482.png (basename 13자)[0m
[2026-09-26 20:58:31]   [0;32m매칭된 마크다운 파일 수: 1[0m
[2026-09-26 20:58:31]   이름 변경: 1789972685482.png → tl8q77pc5n4a6kpdo1.png
[2026-09-26 20:58:31]   ✓ 이미지 rename 완료
[2026-09-26 20:58:31]   ✓ 마크다운 업데이트: 균형을 유지하고 싶은 나 - 심리이론.md
[2026-09-26 20:58:31] [0;36m검사: 1789982777849.png (basename 13자)[0m
[2026-09-26 20:58:31]   [0;32m매칭된 마크다운 파일 수: 1[0m
[2026-09-26 20:58:31]   이름 변경: 1789982777849.png → sy8szs796ghcwk7jjs.png
[2026-09-26 20:58:31]   ✓ 이미지 rename 완료
[2026-09-26 20:58:31]   ✓ 마크다운 업데이트: 야식 대처.md
[2026-09-26 20:58:31] [0;36m검사: 1789972539572.png (basename 13자)[0m
[2026-09-26 20:58:31]   [0;32m매칭된 마크다운 파일 수: 1[0m
[2026-09-26 20:58:31]   이름 변경: 1789972539572.png → q6kci7nv745ikmdih5.png
[2026-09-26 20:58:31]   ✓ 이미지 rename 완료
[2026-09-26 20:58:31]   ✓ 마크다운 업데이트: 마음챙김 자기명상.md
[2026-09-26 20:58:31] [0;36m검사: 1789972174191.png (basename 13자)[0m
[2026-09-26 20:58:31]   [0;32m매칭된 마크다운 파일 수: 1[0m
[2026-09-26 20:58:31]   이름 변경: 1789972174191.png → f07xnfvebabfhm2at9.png
[2026-09-26 20:58:31]   ✓ 이미지 rename 완료
[2026-09-26 20:58:31]   ✓ 마크다운 업데이트: 절망감을 회복하기.md
[2026-09-26 20:58:31] [0;36m검사: 1789991749326.png (basename 13자)[0m
[2026-09-26 20:58:31]   [0;32m매칭된 마크다운 파일 수: 1[0m
[2026-09-26 20:58:31]   이름 변경: 1789991749326.png → o5r3ynarfy2sdcvigs.png
[2026-09-26 20:58:31]   ✓ 이미지 rename 완료
[2026-09-26 20:58:31]   ✓ 마크다운 업데이트: 근 감소증 예방.md
[2026-09-26 20:58:31] [0;36m검사: 1789990577887.png (basename 13자)[0m
[2026-09-26 20:58:31]   [0;32m매칭된 마크다운 파일 수: 1[0m
[2026-09-26 20:58:31]   이름 변경: 1789990577887.png → p5q7x9taglhqfzhn5z.png
[2026-09-26 20:58:31]   ✓ 이미지 rename 완료
[2026-09-26 20:58:31]   ✓ 마크다운 업데이트: 일주기 리듬 관리.md
[2026-09-26 20:58:31] [0;36m검사: 1789991012075.png (basename 13자)[0m
[2026-09-26 20:58:31]   [0;32m매칭된 마크다운 파일 수: 1[0m
[2026-09-26 20:58:31]   이름 변경: 1789991012075.png → ts593jxu6awhijxvm2.png
[2026-09-26 20:58:32]   ✓ 이미지 rename 완료
[2026-09-26 20:58:32]   ✓ 마크다운 업데이트: 통제 이분법.md
[2026-09-26 20:58:32] [0;36m검사: 1789988937881.png (basename 13자)[0m
[2026-09-26 20:58:32]   [0;32m매칭된 마크다운 파일 수: 1[0m
[2026-09-26 20:58:32]   이름 변경: 1789988937881.png → tokp6w31q8za1wf0cd.png
[2026-09-26 20:58:32]   ✓ 이미지 rename 완료
[2026-09-26 20:58:32]   ✓ 마크다운 업데이트: 대인관계 심리학.md
[2026-09-26 20:58:32] [0;36m검사: 1789990466045.png (basename 13자)[0m
[2026-09-26 20:58:32]   [0;32m매칭된 마크다운 파일 수: 1[0m
[2026-09-26 20:58:32]   이름 변경: 1789990466045.png → e43qp904u5i43v5gjy.png
[2026-09-26 20:58:32]   ✓ 이미지 rename 완료
[2026-09-26 20:58:32]   ✓ 마크다운 업데이트: 수면 위생.md
[2026-09-26 20:58:32] [0;36m검사: 1787129551927.png (basename 13자)[0m
[2026-09-26 20:58:32]   [0;32m매칭된 마크다운 파일 수: 1[0m
[2026-09-26 20:58:32]   이름 변경: 1787129551927.png → b63d18re38pfq55ec6.png
[2026-09-26 20:58:32]   ✓ 이미지 rename 완료
[2026-09-26 20:58:32]   ✓ 마크다운 업데이트: 비폭력 대화.md
[2026-09-26 20:58:32] [0;36m검사: 1789997235320.png (basename 13자)[0m
[2026-09-26 20:58:32]   [0;32m매칭된 마크다운 파일 수: 1[0m
[2026-09-26 20:58:32]   이름 변경: 1789997235320.png → vch4hpb5nytrnjxrav.png
[2026-09-26 20:58:32]   ✓ 이미지 rename 완료
[2026-09-26 20:58:32]   ✓ 마크다운 업데이트: 감정 표출.md
[2026-09-26 20:58:32] [0;36m검사: 1789994173629.png (basename 13자)[0m
[2026-09-26 20:58:32]   [0;32m매칭된 마크다운 파일 수: 1[0m
[2026-09-26 20:58:32]   이름 변경: 1789994173629.png → wggqegxjg60yse3l81.png
[2026-09-26 20:58:32]   ✓ 이미지 rename 완료
[2026-09-26 20:58:32]   ✓ 마크다운 업데이트: 가족을 위한 거리두기.md
[2026-09-26 20:58:32] [0;36m검사: 1790069248349.png (basename 13자)[0m
[2026-09-26 20:58:32]   [0;32m매칭된 마크다운 파일 수: 1[0m
[2026-09-26 20:58:32]   이름 변경: 1790069248349.png → cpswya6jy7mbx9ue4h.png
[2026-09-26 20:58:32]   ✓ 이미지 rename 완료
[2026-09-26 20:58:32]   ✓ 마크다운 업데이트: 남미새 여미새 심리적 분석.md
[2026-09-26 20:58:32] [0;36m검사: 1790062754022.png (basename 13자)[0m
[2026-09-26 20:58:32]   [0;32m매칭된 마크다운 파일 수: 1[0m
[2026-09-26 20:58:32]   이름 변경: 1790062754022.png → tnt88sp3xhfkcd0zeq.png
[2026-09-26 20:58:32]   ✓ 이미지 rename 완료
[2026-09-26 20:58:32]   ✓ 마크다운 업데이트: 자기 개방.md
[2026-09-26 20:58:32] [0;36m검사: 1790053261558.png (basename 13자)[0m
[2026-09-26 20:58:32]   [0;32m매칭된 마크다운 파일 수: 1[0m
[2026-09-26 20:58:32]   이름 변경: 1790053261558.png → 0bk4tbm2z0hktrqxnd.png
[2026-09-26 20:58:32]   ✓ 이미지 rename 완료
[2026-09-26 20:58:32]   ✓ 마크다운 업데이트: 사회 업무 갈등 해결 가이드.md
[2026-09-26 20:58:32] [0;36m검사: 1790044465981.png (basename 13자)[0m
[2026-09-26 20:58:32]   [0;32m매칭된 마크다운 파일 수: 1[0m
[2026-09-26 20:58:32]   이름 변경: 1790044465981.png → 0gpp124e74zdmymzws.png
[2026-09-26 20:58:32]   ✓ 이미지 rename 완료
[2026-09-26 20:58:32]   ✓ 마크다운 업데이트: 소통 채널의 다변화.md
[2026-09-26 20:58:32] [0;36m검사: 1790056573804.png (basename 13자)[0m
[2026-09-26 20:58:32]   [0;32m매칭된 마크다운 파일 수: 1[0m
[2026-09-26 20:58:32]   이름 변경: 1790056573804.png → t1aqtwv72r45kkucrw.png
[2026-09-26 20:58:32]   ✓ 이미지 rename 완료
[2026-09-26 20:58:32]   ✓ 마크다운 업데이트: 긍정 심리학.md
[2026-09-26 20:58:32] [0;36m검사: 1790050537789.png (basename 13자)[0m
[2026-09-26 20:58:32]   [0;32m매칭된 마크다운 파일 수: 1[0m
[2026-09-26 20:58:32]   이름 변경: 1790050537789.png → 5qejah35yut8bkij3l.png
[2026-09-26 20:58:32]   ✓ 이미지 rename 완료
[2026-09-26 20:58:32]   ✓ 마크다운 업데이트: 소통의 본질.md
[2026-09-26 20:58:32] [0;36m검사: 1790041050103.png (basename 13자)[0m
[2026-09-26 20:58:32]   [0;32m매칭된 마크다운 파일 수: 1[0m
[2026-09-26 20:58:32]   이름 변경: 1790041050103.png → sgs5913rowd6r9s2cl.png
[2026-09-26 20:58:32]   ✓ 이미지 rename 완료
[2026-09-26 20:58:32]   ✓ 마크다운 업데이트: 긍정적 강화.md
[2026-09-26 20:58:32] [0;36m검사: 1790040572932.png (basename 13자)[0m
[2026-09-26 20:58:32]   [0;32m매칭된 마크다운 파일 수: 1[0m
[2026-09-26 20:58:32]   이름 변경: 1790040572932.png → ncrbb5mq7cq23id4ca.png
[2026-09-26 20:58:32]   ✓ 이미지 rename 완료
[2026-09-26 20:58:32]   ✓ 마크다운 업데이트: 진정한 지식공유 - 우월감 싫어요.md
[2026-09-26 20:58:32] [0;36m검사: 1790041622614.png (basename 13자)[0m
[2026-09-26 20:58:32]   [0;32m매칭된 마크다운 파일 수: 1[0m
[2026-09-26 20:58:32]   이름 변경: 1790041622614.png → qnukoamlkmmbn9ibou.png
[2026-09-26 20:58:32]   ✓ 이미지 rename 완료
[2026-09-26 20:58:32]   ✓ 마크다운 업데이트: 긍정적 강화.md
[2026-09-26 20:58:32] [0;36m검사: 1790042929526.png (basename 13자)[0m
[2026-09-26 20:58:32]   [0;32m매칭된 마크다운 파일 수: 1[0m
[2026-09-26 20:58:32]   이름 변경: 1790042929526.png → e3vntquh84melin473.png
[2026-09-26 20:58:32]   ✓ 이미지 rename 완료
[2026-09-26 20:58:32]   ✓ 마크다운 업데이트: 애착 이론.md
[2026-09-26 20:58:32] [0;36m검사: 1790065658795.png (basename 13자)[0m
[2026-09-26 20:58:32]   [0;32m매칭된 마크다운 파일 수: 1[0m
[2026-09-26 20:58:32]   이름 변경: 1790065658795.png → zkgtnjec6buywycml7.png
[2026-09-26 20:58:32]   ✓ 이미지 rename 완료
[2026-09-26 20:58:32]   ✓ 마크다운 업데이트: 모임 채널의 목적과 정리 기준.md
[2026-09-26 20:58:32] [0;36m검사: 1790042680848.png (basename 13자)[0m
[2026-09-26 20:58:32]   [0;32m매칭된 마크다운 파일 수: 1[0m
[2026-09-26 20:58:32]   이름 변경: 1790042680848.png → ukmebh0vfbd41rgu75.png
[2026-09-26 20:58:32]   ✓ 이미지 rename 완료
[2026-09-26 20:58:32]   ✓ 마크다운 업데이트: 음식 주제 이후 대화의 이동.md
[2026-09-26 20:58:32] [0;36m검사: 1790142602788.png (basename 13자)[0m
[2026-09-26 20:58:32]   [0;32m매칭된 마크다운 파일 수: 1[0m
[2026-09-26 20:58:32]   이름 변경: 1790142602788.png → 8akgnjmf7yga0lkht2.png
[2026-09-26 20:58:32]   ✓ 이미지 rename 완료
[2026-09-26 20:58:32]   ✓ 마크다운 업데이트: 나이 변화 - 선택의 신중함은 글쎄.md
[2026-09-26 20:58:32] [0;36m검사: 1790087811301.png (basename 13자)[0m
[2026-09-26 20:58:32]   [0;32m매칭된 마크다운 파일 수: 1[0m
[2026-09-26 20:58:32]   이름 변경: 1790087811301.png → 8rzw91gykdxos4ovag.png
[2026-09-26 20:58:32]   ✓ 이미지 rename 완료
[2026-09-26 20:58:32]   ✓ 마크다운 업데이트: 설득의 수사학.md
[2026-09-26 20:58:32] [0;36m검사: 1790135847567.png (basename 13자)[0m
[2026-09-26 20:58:32]   [0;32m매칭된 마크다운 파일 수: 1[0m
[2026-09-26 20:58:32]   이름 변경: 1790135847567.png → j7hx7y83ijz5hsbuc1.png
[2026-09-26 20:58:32]   ✓ 이미지 rename 완료
[2026-09-26 20:58:32]   ✓ 마크다운 업데이트: 루틴화 미루기 - 심리 기전.md
[2026-09-26 20:58:32] [0;36m검사: 1790126968457.png (basename 13자)[0m
[2026-09-26 20:58:32]   [0;32m매칭된 마크다운 파일 수: 1[0m
[2026-09-26 20:58:32]   이름 변경: 1790126968457.png → 77yvs54n3hvj9fdkyh.png
[2026-09-26 20:58:32]   ✓ 이미지 rename 완료
[2026-09-26 20:58:32]   ✓ 마크다운 업데이트: 인지적 재 구조화.md
[2026-09-26 20:58:32] [0;36m검사: 1790144185115.png (basename 13자)[0m
[2026-09-26 20:58:32]   [0;32m매칭된 마크다운 파일 수: 1[0m
[2026-09-26 20:58:32]   이름 변경: 1790144185115.png → m0w2mqnd7yi51pd6u6.png
[2026-09-26 20:58:32]   ✓ 이미지 rename 완료
[2026-09-26 20:58:32]   ✓ 마크다운 업데이트: 피그말리온 효과.md
[2026-09-26 20:58:32] [0;36m검사: 1790137414169.png (basename 13자)[0m
[2026-09-26 20:58:32]   [0;32m매칭된 마크다운 파일 수: 1[0m
[2026-09-26 20:58:32]   이름 변경: 1790137414169.png → qvkqg7c2qu0k85h8h6.png
[2026-09-26 20:58:32]   ✓ 이미지 rename 완료
[2026-09-26 20:58:32]   ✓ 마크다운 업데이트: 루틴화 미루기 - 심리 기전.md
[2026-09-26 20:58:32] [0;36m검사: 1790131700123.png (basename 13자)[0m
[2026-09-26 20:58:32]   [0;32m매칭된 마크다운 파일 수: 1[0m
[2026-09-26 20:58:32]   이름 변경: 1790131700123.png → 2ts1h1h1djji6woxka.png
[2026-09-26 20:58:32]   ✓ 이미지 rename 완료
[2026-09-26 20:58:32]   ✓ 마크다운 업데이트: 감정회복패턴.md
[2026-09-26 20:58:32] [0;36m검사: 1790165884050.png (basename 13자)[0m
[2026-09-26 20:58:32]   [0;32m매칭된 마크다운 파일 수: 1[0m
[2026-09-26 20:58:32]   이름 변경: 1790165884050.png → ev19jqzz9c8g37vn8b.png
[2026-09-26 20:58:32]   ✓ 이미지 rename 완료
[2026-09-26 20:58:32]   ✓ 마크다운 업데이트: 외로우면 잘 주무세요.md
[2026-09-26 20:58:32] [0;36m검사: 1790171028089.png (basename 13자)[0m
[2026-09-26 20:58:32]   [0;32m매칭된 마크다운 파일 수: 1[0m
[2026-09-26 20:58:32]   이름 변경: 1790171028089.png → djvzudhe86a3c2dcmx.png
[2026-09-26 20:58:32]   ✓ 이미지 rename 완료
[2026-09-26 20:58:32]   ✓ 마크다운 업데이트: 이타성과 우호성.md
[2026-09-26 20:58:32] [0;36m검사: 1790163095706.png (basename 13자)[0m
[2026-09-26 20:58:32]   [0;32m매칭된 마크다운 파일 수: 1[0m
[2026-09-26 20:58:32]   이름 변경: 1790163095706.png → tvmb1wlz8959xp2u0f.png
[2026-09-26 20:58:32]   ✓ 이미지 rename 완료
[2026-09-26 20:58:32]   ✓ 마크다운 업데이트: 인정 투쟁.md
[2026-09-26 20:58:32] [0;36m검사: 1790171463496.png (basename 13자)[0m
[2026-09-26 20:58:32]   [0;32m매칭된 마크다운 파일 수: 1[0m
[2026-09-26 20:58:32]   이름 변경: 1790171463496.png → zalngt7ojxcgs0yfnn.png
[2026-09-26 20:58:32]   ✓ 이미지 rename 완료
[2026-09-26 20:58:32]   ✓ 마크다운 업데이트: 일과 동료 사이, 나를 지키는 기준.md
[2026-09-26 20:58:32] [0;36m검사: 1790164336413.png (basename 13자)[0m
[2026-09-26 20:58:33]   [0;32m매칭된 마크다운 파일 수: 1[0m
[2026-09-26 20:58:33]   이름 변경: 1790164336413.png → 4iv50gpj0990xmgnn0.png
[2026-09-26 20:58:33]   ✓ 이미지 rename 완료
[2026-09-26 20:58:33]   ✓ 마크다운 업데이트: 외로움 - 악순환.md
[2026-09-26 20:58:33] [0;36m검사: 1790206470713.png (basename 13자)[0m
[2026-09-26 20:58:33]   [0;32m매칭된 마크다운 파일 수: 1[0m
[2026-09-26 20:58:33]   이름 변경: 1790206470713.png → c9swjnllp80y00nbqz.png
[2026-09-26 20:58:33]   ✓ 이미지 rename 완료
[2026-09-26 20:58:33]   ✓ 마크다운 업데이트: 나만의 별을 만들기.md
[2026-09-26 20:58:33] [0;36m검사: 1790305047791.png (basename 13자)[0m
[2026-09-26 20:58:33]   [0;32m매칭된 마크다운 파일 수: 1[0m
[2026-09-26 20:58:33]   이름 변경: 1790305047791.png → tzk8xbrivqri7syp93.png
[2026-09-26 20:58:33]   ✓ 이미지 rename 완료
[2026-09-26 20:58:33]   ✓ 마크다운 업데이트: 심리 치료 상담자 마음가짐.md
[2026-09-26 20:58:33] [0;36m검사: 1790255679379.png (basename 13자)[0m
[2026-09-26 20:58:33]   [0;32m매칭된 마크다운 파일 수: 1[0m
[2026-09-26 20:58:33]   이름 변경: 1790255679379.png → l0npjc27yjhu0xcbo1.png
[2026-09-26 20:58:33]   ✓ 이미지 rename 완료
[2026-09-26 20:58:33]   ✓ 마크다운 업데이트: 중독과 습관의 재설계 - EBS 김경일 EP5.md
[2026-09-26 20:58:33] [0;36m검사: 1790251377842.png (basename 13자)[0m
[2026-09-26 20:58:33]   [0;32m매칭된 마크다운 파일 수: 1[0m
[2026-09-26 20:58:33]   이름 변경: 1790251377842.png → 1e82k8qzhp18fxzak1.png
[2026-09-26 20:58:33]   ✓ 이미지 rename 완료
[2026-09-26 20:58:33]   ✓ 마크다운 업데이트: 성격 성품 그리고 자기 성장 - EBS 김경일 EP1.md
[2026-09-26 20:58:33] [0;36m검사: 1790302359700.png (basename 13자)[0m
[2026-09-26 20:58:33]   [0;32m매칭된 마크다운 파일 수: 1[0m
[2026-09-26 20:58:33]   이름 변경: 1790302359700.png → bshhncwqa6vjkal8xf.png
[2026-09-26 20:58:33]   ✓ 이미지 rename 완료
[2026-09-26 20:58:33]   ✓ 마크다운 업데이트: 스트레스 해소 루틴.md
[2026-09-26 20:58:33] [0;36m검사: 1790322870034.png (basename 13자)[0m
[2026-09-26 20:58:33]   [0;32m매칭된 마크다운 파일 수: 1[0m
[2026-09-26 20:58:33]   이름 변경: 1790322870034.png → ev8jma653yzofyf7md.png
[2026-09-26 20:58:33]   ✓ 이미지 rename 완료
[2026-09-26 20:58:33]   ✓ 마크다운 업데이트: 심리 및 업무 적성 매커니즘.md
[2026-09-26 20:58:33] [0;36m검사: 1790321271085.png (basename 13자)[0m
[2026-09-26 20:58:33]   [0;32m매칭된 마크다운 파일 수: 1[0m
[2026-09-26 20:58:33]   이름 변경: 1790321271085.png → jsxmc7hkbvo67zlnxw.png
[2026-09-26 20:58:33]   ✓ 이미지 rename 완료
[2026-09-26 20:58:33]   ✓ 마크다운 업데이트: 생각의 비밀코드 - 김경일.md
[2026-09-26 20:58:33] [0;36m검사: 1790253219219.png (basename 13자)[0m
[2026-09-26 20:58:33]   [0;32m매칭된 마크다운 파일 수: 1[0m
[2026-09-26 20:58:33]   이름 변경: 1790253219219.png → 9ljwv12p3l47i0pvmv.png
[2026-09-26 20:58:33]   ✓ 이미지 rename 완료
[2026-09-26 20:58:33]   ✓ 마크다운 업데이트: 불안과 우울 정리 - EBS 김경일 EP2.md
[2026-09-26 20:58:33] [0;36m검사: 1790307285362.png (basename 13자)[0m
[2026-09-26 20:58:33]   [0;32m매칭된 마크다운 파일 수: 1[0m
[2026-09-26 20:58:33]   이름 변경: 1790307285362.png → l4rlxzl88gik6ps70u.png
[2026-09-26 20:58:33]   ✓ 이미지 rename 완료
[2026-09-26 20:58:33]   ✓ 마크다운 업데이트: 한국인의 집단심리 - EBS 김경일 EP9.md
[2026-09-26 20:58:33] [0;36m검사: 1790254465457.png (basename 13자)[0m
[2026-09-26 20:58:33]   [0;32m매칭된 마크다운 파일 수: 1[0m
[2026-09-26 20:58:33]   이름 변경: 1790254465457.png → hhth7wpf4c0dz04ufm.png
[2026-09-26 20:58:33]   ✓ 이미지 rename 완료
[2026-09-26 20:58:33]   ✓ 마크다운 업데이트: 성공하는 일반적 요건 - EBS 김경일 EP4.md
[2026-09-26 20:58:33] [0;36m검사: 1790309282116.png (basename 13자)[0m
[2026-09-26 20:58:33]   [0;32m매칭된 마크다운 파일 수: 1[0m
[2026-09-26 20:58:33]   이름 변경: 1790309282116.png → y2vf1wu5oxx97w1xxb.png
[2026-09-26 20:58:33]   ✓ 이미지 rename 완료
[2026-09-26 20:58:33]   ✓ 마크다운 업데이트: 우리는 어떤 리더를 원하는가 - 김경일.md
[2026-09-26 20:58:33] [0;36m검사: 1790256328904.png (basename 13자)[0m
[2026-09-26 20:58:33]   [0;32m매칭된 마크다운 파일 수: 1[0m
[2026-09-26 20:58:33]   이름 변경: 1790256328904.png → pisyag0xs1ska6obgk.png
[2026-09-26 20:58:33]   ✓ 이미지 rename 완료
[2026-09-26 20:58:33]   ✓ 마크다운 업데이트: 호감의 원리 - EBS 김경일 EP6.md
[2026-09-26 20:58:33] [0;36m검사: 1790323555274.png (basename 13자)[0m
[2026-09-26 20:58:33]   [0;32m매칭된 마크다운 파일 수: 1[0m
[2026-09-26 20:58:33]   이름 변경: 1790323555274.png → mourc7x10pszwpm7xr.png
[2026-09-26 20:58:33]   ✓ 이미지 rename 완료
[2026-09-26 20:58:33]   ✓ 마크다운 업데이트: 붓글씨 - 서예.md
[2026-09-26 20:58:33] [0;36m검사: 1790324335894.png (basename 13자)[0m
[2026-09-26 20:58:33]   [0;32m매칭된 마크다운 파일 수: 1[0m
[2026-09-26 20:58:33]   이름 변경: 1790324335894.png → guptnxne4d67ae7mxp.png
[2026-09-26 20:58:33]   ✓ 이미지 rename 완료
[2026-09-26 20:58:33]   ✓ 마크다운 업데이트: 나를 지키는 사회관계 심리학.md
[2026-09-26 20:58:33] [0;36m검사: 1790254035247.png (basename 13자)[0m
[2026-09-26 20:58:33]   [0;32m매칭된 마크다운 파일 수: 1[0m
[2026-09-26 20:58:33]   이름 변경: 1790254035247.png → g0vj9j051lc50i4ijw.png
[2026-09-26 20:58:33]   ✓ 이미지 rename 완료
[2026-09-26 20:58:33]   ✓ 마크다운 업데이트: 스크레스와 외로움 극복 - EBS 김경일 EP3.md
[2026-09-26 20:58:33] [0;36m검사: 1790257216372.png (basename 13자)[0m
[2026-09-26 20:58:33]   [0;32m매칭된 마크다운 파일 수: 1[0m
[2026-09-26 20:58:33]   이름 변경: 1790257216372.png → q06zbfukyp14wdbll0.png
[2026-09-26 20:58:33]   ✓ 이미지 rename 완료
[2026-09-26 20:58:33]   ✓ 마크다운 업데이트: 나쁜 사람은 조심해라 - EBS  김경일 EP7.md
[2026-09-26 20:58:33] [0;36m검사: 1790319025513.png (basename 13자)[0m
[2026-09-26 20:58:33]   [0;32m매칭된 마크다운 파일 수: 1[0m
[2026-09-26 20:58:33]   이름 변경: 1790319025513.png → uvowdcib32ngf2pdfy.png
[2026-09-26 20:58:33]   ✓ 이미지 rename 완료
[2026-09-26 20:58:33]   ✓ 마크다운 업데이트: 에고이스트.md
[2026-09-26 20:58:33] [0;36m검사: 1790306834249.png (basename 13자)[0m
[2026-09-26 20:58:33]   [0;32m매칭된 마크다운 파일 수: 1[0m
[2026-09-26 20:58:33]   이름 변경: 1790306834249.png → 4rppxrxz65xk4t2yjj.png
[2026-09-26 20:58:33]   ✓ 이미지 rename 완료
[2026-09-26 20:58:33]   ✓ 마크다운 업데이트: 연인 가족 관계의 심리학 - EBS 김경일 EP8.md
[2026-09-26 20:58:33] [0;36m검사: 1790314244608.png (basename 13자)[0m
[2026-09-26 20:58:33]   [0;32m매칭된 마크다운 파일 수: 1[0m
[2026-09-26 20:58:33]   이름 변경: 1790314244608.png → ezz1728qwo8blbl8hu.png
[2026-09-26 20:58:33]   ✓ 이미지 rename 완료
[2026-09-26 20:58:33]   ✓ 마크다운 업데이트: 일상 - 심리적 경계 습관화.md
[2026-09-26 20:58:33] [0;36m검사: 1790315838846.png (basename 13자)[0m
[2026-09-26 20:58:33]   [0;32m매칭된 마크다운 파일 수: 1[0m
[2026-09-26 20:58:33]   이름 변경: 1790315838846.png → ay3qm4j3y3srkejaud.png
[2026-09-26 20:58:33]   ✓ 이미지 rename 완료
[2026-09-26 20:58:33]   ✓ 마크다운 업데이트: 부지런함의 함정 - 적정 수면이 필요.md
[2026-09-26 20:58:33] [0;36m검사: 1790321185069.png (basename 13자)[0m
[2026-09-26 20:58:33]   [0;32m매칭된 마크다운 파일 수: 1[0m
[2026-09-26 20:58:33]   이름 변경: 1790321185069.png → qeu697sobsl1p7e65h.png
[2026-09-26 20:58:33]   ✓ 이미지 rename 완료
[2026-09-26 20:58:33]   ✓ 마크다운 업데이트: 생각의 비밀코드 - 김경일.md
[2026-09-26 20:58:33] [0;36m검사: 1790307970087.png (basename 13자)[0m
[2026-09-26 20:58:33]   [0;32m매칭된 마크다운 파일 수: 1[0m
[2026-09-26 20:58:33]   이름 변경: 1790307970087.png → qr0fqsdbj6nsqlk83w.png
[2026-09-26 20:58:33]   ✓ 이미지 rename 완료
[2026-09-26 20:58:33]   ✓ 마크다운 업데이트: 나이 들수록 깊어지는 사람들 - EBS 김경일 EP10.md
[2026-09-26 20:58:33] [0;36m검사: 1790322400911.png (basename 13자)[0m
[2026-09-26 20:58:33]   [0;32m매칭된 마크다운 파일 수: 1[0m
[2026-09-26 20:58:33]   이름 변경: 1790322400911.png → hcwp4w34heporlg31z.png
[2026-09-26 20:58:33]   ✓ 이미지 rename 완료
[2026-09-26 20:58:33]   ✓ 마크다운 업데이트: 심리 및 업무 적성 매커니즘.md
[2026-09-26 20:58:33] [0;36m검사: 1790328440123.png (basename 13자)[0m
[2026-09-26 20:58:33]   [0;32m매칭된 마크다운 파일 수: 1[0m
[2026-09-26 20:58:33]   이름 변경: 1790328440123.png → ge1xoaqfrv3lsyajgv.png
[2026-09-26 20:58:33]   ✓ 이미지 rename 완료
[2026-09-26 20:58:33]   ✓ 마크다운 업데이트: 친구 - 용어.md
[2026-09-26 20:58:33] [0;36m검사: 1790330062483.png (basename 13자)[0m
[2026-09-26 20:58:33]   [0;32m매칭된 마크다운 파일 수: 1[0m
[2026-09-26 20:58:33]   이름 변경: 1790330062483.png → ym7xaecnclrwndx5rc.png
[2026-09-26 20:58:33]   ✓ 이미지 rename 완료
[2026-09-26 20:58:33]   ✓ 마크다운 업데이트: 불행 - 용어.md
[2026-09-26 20:58:33] [0;36m검사: 1790332952140.png (basename 13자)[0m
[2026-09-26 20:58:33]   [0;32m매칭된 마크다운 파일 수: 1[0m
[2026-09-26 20:58:33]   이름 변경: 1790332952140.png → cewhmzphnb7m8w4xw3.png
[2026-09-26 20:58:33]   ✓ 이미지 rename 완료
[2026-09-26 20:58:33]   ✓ 마크다운 업데이트: 이향인.md
[2026-09-26 20:58:33] [0;36m검사: 1790337532957.png (basename 13자)[0m
[2026-09-26 20:58:33]   [0;32m매칭된 마크다운 파일 수: 1[0m
[2026-09-26 20:58:33]   이름 변경: 1790337532957.png → 6v2cbowp540dbb9lgo.png
[2026-09-26 20:58:33]   ✓ 이미지 rename 완료
[2026-09-26 20:58:33]   ✓ 마크다운 업데이트: 수용전념치료.md
[2026-09-26 20:58:33] [0;36m검사: 1790337620411.png (basename 13자)[0m
[2026-09-26 20:58:34]   [0;32m매칭된 마크다운 파일 수: 1[0m
[2026-09-26 20:58:34]   이름 변경: 1790337620411.png → 781rhgfxjwxu2xkydn.png
[2026-09-26 20:58:34]   ✓ 이미지 rename 완료
[2026-09-26 20:58:34]   ✓ 마크다운 업데이트: 스키마 치료.md
[2026-09-26 20:58:34] [0;36m검사: 1790331660792.png (basename 13자)[0m
[2026-09-26 20:58:34]   [0;32m매칭된 마크다운 파일 수: 1[0m
[2026-09-26 20:58:34]   이름 변경: 1790331660792.png → kxgy6e0vvs3d4ahmlb.png
[2026-09-26 20:58:34]   ✓ 이미지 rename 완료
[2026-09-26 20:58:34]   ✓ 마크다운 업데이트: 나의 프레임워크.md
[2026-09-26 20:58:34] [0;36m검사: 1790329683577.png (basename 13자)[0m
[2026-09-26 20:58:34]   [0;32m매칭된 마크다운 파일 수: 1[0m
[2026-09-26 20:58:34]   이름 변경: 1790329683577.png → 01ktp187bjefhofpfo.png
[2026-09-26 20:58:34]   ✓ 이미지 rename 완료
[2026-09-26 20:58:34]   ✓ 마크다운 업데이트: 행복 - 용어.md
[2026-09-26 20:58:34] [0;36m검사: 1790340241569.png (basename 13자)[0m
[2026-09-26 20:58:34]   [0;32m매칭된 마크다운 파일 수: 1[0m
[2026-09-26 20:58:34]   이름 변경: 1790340241569.png → borg1ftryhrg1oz7ll.png
[2026-09-26 20:58:34]   ✓ 이미지 rename 완료
[2026-09-26 20:58:34]   ✓ 마크다운 업데이트: 헌법 - 용어.md
[2026-09-26 20:58:34] [0;36m검사: 1790348488559.png (basename 13자)[0m
[2026-09-26 20:58:34]   [0;32m매칭된 마크다운 파일 수: 1[0m
[2026-09-26 20:58:34]   이름 변경: 1790348488559.png → k9vicyuunvj0gfrokk.png
[2026-09-26 20:58:34]   ✓ 이미지 rename 완료
[2026-09-26 20:58:34]   ✓ 마크다운 업데이트: 광고 회피.md
[2026-09-26 20:58:34] [0;36m검사: 1790384061362.png (basename 13자)[0m
[2026-09-26 20:58:34]   [0;32m매칭된 마크다운 파일 수: 1[0m
[2026-09-26 20:58:34]   이름 변경: 1790384061362.png → 24ukaib1mg5s0aui89.png
[2026-09-26 20:58:34]   ✓ 이미지 rename 완료
[2026-09-26 20:58:34]   ✓ 마크다운 업데이트: 문명사 요약 - 김태우.md
[2026-09-26 20:58:34] [0;36m검사: 1790397139219.jpg (basename 13자)[0m
[2026-09-26 20:58:34]   [0;32m매칭된 마크다운 파일 수: 1[0m
[2026-09-26 20:58:34]   이름 변경: 1790397139219.jpg → k9qseith8y4afi8h9o.jpg
[2026-09-26 20:58:34]   ✓ 이미지 rename 완료
[2026-09-26 20:58:34]   ✓ 마크다운 업데이트: 태도와 철학의 분석.md
[2026-09-26 20:58:34] [0;36m검사: 1790396123240.png (basename 13자)[0m
[2026-09-26 20:58:34]   [0;32m매칭된 마크다운 파일 수: 1[0m
[2026-09-26 20:58:34]   이름 변경: 1790396123240.png → 8a8dn8pqrifaqcsybm.png
[2026-09-26 20:58:34]   ✓ 이미지 rename 완료
[2026-09-26 20:58:34]   ✓ 마크다운 업데이트: 깊은 대화의 조건과 본질.md
[2026-09-26 20:58:34] [0;36m검사: 1790406345432.png (basename 13자)[0m
[2026-09-26 20:58:34]   [0;32m매칭된 마크다운 파일 수: 1[0m
[2026-09-26 20:58:34]   이름 변경: 1790406345432.png → eul8ckctamubczdiy8.png
[2026-09-26 20:58:34]   ✓ 이미지 rename 완료
[2026-09-26 20:58:34]   ✓ 마크다운 업데이트: 불교에서 전하는 메세지.md
[2026-09-26 20:58:34] [0;36m검사: 1790399027468.png (basename 13자)[0m
[2026-09-26 20:58:34]   [0;32m매칭된 마크다운 파일 수: 1[0m
[2026-09-26 20:58:34]   이름 변경: 1790399027468.png → q4bndkb6hgajr03is6.png
[2026-09-26 20:58:34]   ✓ 이미지 rename 완료
[2026-09-26 20:58:34]   ✓ 마크다운 업데이트: 좋은 어른의 품격.md
[2026-09-26 20:58:34] [0;36m검사: 1790402262395.png (basename 13자)[0m
[2026-09-26 20:58:34]   [0;32m매칭된 마크다운 파일 수: 1[0m
[2026-09-26 20:58:34]   이름 변경: 1790402262395.png → cezvxx2mtoq1xhphjc.png
[2026-09-26 20:58:34]   ✓ 이미지 rename 완료
[2026-09-26 20:58:34]   ✓ 마크다운 업데이트: 자존감 향상.md
[2026-09-26 20:58:34] ------------------------------------------------------
[2026-09-26 20:58:34] 파일명 길이 12자 검사 중...
[2026-09-26 20:58:34] ------------------------------------------------------
[2026-09-26 20:58:34] [0;36m검사: images (3) 2.jpeg (basename 12자)[0m
[2026-09-26 20:58:34]   [0;32m매칭된 마크다운 파일 수: 1[0m
[2026-09-26 20:58:34]   이름 변경: images (3) 2.jpeg → d01zb6h5duivddfmdf.jpeg
[2026-09-26 20:58:34]   ✓ 이미지 rename 완료
[2026-09-26 20:58:34]   ✓ 마크다운 업데이트: 심리극.md
[2026-09-26 20:58:34] [0;36m검사: img_283711_1.jpg (basename 12자)[0m
[2026-09-26 20:58:34]   [0;32m매칭된 마크다운 파일 수: 1[0m
[2026-09-26 20:58:34]   이름 변경: img_283711_1.jpg → mxik3hj9k4qp3ki3v4.jpg
[2026-09-26 20:58:34]   ✓ 이미지 rename 완료
[2026-09-26 20:58:34]   ✓ 마크다운 업데이트: 갈라파고스 증후군.md
[2026-09-26 20:58:34] [0;36m검사: images (4)_1.jpeg (basename 12자)[0m
[2026-09-26 20:58:34]   [0;32m매칭된 마크다운 파일 수: 1[0m
[2026-09-26 20:58:34]   이름 변경: images (4)_1.jpeg → oprxeagjghasd8e7yg.jpeg
[2026-09-26 20:58:34]   ✓ 이미지 rename 완료
[2026-09-26 20:58:34]   ✓ 마크다운 업데이트: 에펠탑 효과.md
[2026-09-26 20:58:34] [0;36m검사: images (1) 4.jpeg (basename 12자)[0m
[2026-09-26 20:58:34]   [0;32m매칭된 마크다운 파일 수: 1[0m
[2026-09-26 20:58:34]   이름 변경: images (1) 4.jpeg → 8lxtty316cvlmteg2k.jpeg
[2026-09-26 20:58:34]   ✓ 이미지 rename 완료
[2026-09-26 20:58:34]   ✓ 마크다운 업데이트: 만화를 읽을때 졸린 뇌과학적 이유.md
[2026-09-26 20:58:34] [0;36m검사: images (1) 3.jpeg (basename 12자)[0m
[2026-09-26 20:58:34]   [0;32m매칭된 마크다운 파일 수: 1[0m
[2026-09-26 20:58:34]   이름 변경: images (1) 3.jpeg → esp1jhzjnvsesy3j10.jpeg
[2026-09-26 20:58:34]   ✓ 이미지 rename 완료
[2026-09-26 20:58:34]   ✓ 마크다운 업데이트: 내면 아이.md
[2026-09-26 20:58:35] [0;36m검사: images (3) 1.jpeg (basename 12자)[0m
[2026-09-26 20:58:35]   [0;32m매칭된 마크다운 파일 수: 1[0m
[2026-09-26 20:58:35]   이름 변경: images (3) 1.jpeg → 4qu4kf127zefmdh7l7.jpeg
[2026-09-26 20:58:35]   ✓ 이미지 rename 완료
[2026-09-26 20:58:35]   ✓ 마크다운 업데이트: 베블렌 효과.md
[2026-09-26 20:58:35] [0;36m검사: images (1) 2.jpeg (basename 12자)[0m
[2026-09-26 20:58:35]   [0;32m매칭된 마크다운 파일 수: 1[0m
[2026-09-26 20:58:35]   이름 변경: images (1) 2.jpeg → zpr4z5hzfthczevqyy.jpeg
[2026-09-26 20:58:35]   ✓ 이미지 rename 완료
[2026-09-26 20:58:35]   ✓ 마크다운 업데이트: 긍정과 희망.md
[2026-09-26 20:58:35] [0;36m검사: images (2) 1.jpeg (basename 12자)[0m
[2026-09-26 20:58:35]   [0;32m매칭된 마크다운 파일 수: 1[0m
[2026-09-26 20:58:35]   이름 변경: images (2) 1.jpeg → ehtpwuudwbbjfljnud.jpeg
[2026-09-26 20:58:35]   ✓ 이미지 rename 완료
[2026-09-26 20:58:35]   ✓ 마크다운 업데이트: 줄리의 법칙.md
[2026-09-26 20:58:35] [0;36m검사: downloadfile.png (basename 12자)[0m
[2026-09-26 20:58:35]   [0;32m매칭된 마크다운 파일 수: 1[0m
[2026-09-26 20:58:35]   이름 변경: downloadfile.png → y83uxpo66ez1c66o9r.png
[2026-09-26 20:58:35]   ✓ 이미지 rename 완료
[2026-09-26 20:58:35]   ✓ 마크다운 업데이트: 부정성 효과.md
[2026-09-26 20:58:35] ------------------------------------------------------
[2026-09-26 20:58:35] 파일명 길이 11자 검사 중...
[2026-09-26 20:58:35] ------------------------------------------------------
[2026-09-26 20:58:35] [0;36m검사: images(1) 1.jpg (basename 11자)[0m
[2026-09-26 20:58:35]   [0;32m매칭된 마크다운 파일 수: 1[0m
[2026-09-26 20:58:35]   이름 변경: images(1) 1.jpg → 3gnm4g0q4n8e2trnqf.jpg
[2026-09-26 20:58:35]   ✓ 이미지 rename 완료
[2026-09-26 20:58:35]   ✓ 마크다운 업데이트: 뇌의 부위별 기능.md
[2026-09-26 20:58:36] [0;36m검사: images(2) 1.jpg (basename 11자)[0m
[2026-09-26 20:58:36]   → 마크다운 참조 없음. 스킵.
[2026-09-26 20:58:36] [0;36m검사: hqdefault 1.jpg (basename 11자)[0m
[2026-09-26 20:58:36]   [0;32m매칭된 마크다운 파일 수: 1[0m
[2026-09-26 20:58:36]   이름 변경: hqdefault 1.jpg → ifh3ie8kf5xl6vx763.jpg
[2026-09-26 20:58:36]   ✓ 이미지 rename 완료
[2026-09-26 20:58:36]   ✓ 마크다운 업데이트: 매몰 비용 오류.md
[2026-09-26 20:58:36] [0;36m검사: aldo4_jhnha.jpg (basename 11자)[0m
[2026-09-26 20:58:36]   [0;32m매칭된 마크다운 파일 수: 1[0m
[2026-09-26 20:58:36]   이름 변경: aldo4_jhnha.jpg → 0a75smn6xspm0vzgct.jpg
[2026-09-26 20:58:36]   ✓ 이미지 rename 완료
[2026-09-26 20:58:36]   ✓ 마크다운 업데이트: 상상의 존재.md
[2026-09-26 20:58:36] ------------------------------------------------------
[2026-09-26 20:58:36] 파일명 길이 10자 검사 중...
[2026-09-26 20:58:36] ------------------------------------------------------
[2026-09-26 20:58:36] [0;36m검사: images (8).jpeg (basename 10자)[0m
[2026-09-26 20:58:36]   [0;32m매칭된 마크다운 파일 수: 1[0m
[2026-09-26 20:58:36]   이름 변경: images (8).jpeg → 2lyv9q51aydkiorwno.jpeg
[2026-09-26 20:58:36]   ✓ 이미지 rename 완료
[2026-09-26 20:58:36]   ✓ 마크다운 업데이트: 호손 효과.md
[2026-09-26 20:58:36] [0;36m검사: images (6).jpeg (basename 10자)[0m
[2026-09-26 20:58:36]   [0;32m매칭된 마크다운 파일 수: 1[0m
[2026-09-26 20:58:36]   이름 변경: images (6).jpeg → zswqndup7w8g3k2ahm.jpeg
[2026-09-26 20:58:36]   ✓ 이미지 rename 완료
[2026-09-26 20:58:36]   ✓ 마크다운 업데이트: 피터팬 증후군.md
[2026-09-26 20:58:36] [0;36m검사: images (3).jpeg (basename 10자)[0m
[2026-09-26 20:58:36]   [0;32m매칭된 마크다운 파일 수: 1[0m
[2026-09-26 20:58:36]   이름 변경: images (3).jpeg → toeq8xwecyk2ledoif.jpeg
[2026-09-26 20:58:36]   ✓ 이미지 rename 완료
[2026-09-26 20:58:36]   ✓ 마크다운 업데이트: 최신 효과.md
[2026-09-26 20:58:36] [0;36m검사: images (7).jpeg (basename 10자)[0m
[2026-09-26 20:58:36]   [0;32m매칭된 마크다운 파일 수: 1[0m
[2026-09-26 20:58:36]   이름 변경: images (7).jpeg → ipzyvodif9i4hjcj7r.jpeg
[2026-09-26 20:58:36]   ✓ 이미지 rename 완료
[2026-09-26 20:58:36]   ✓ 마크다운 업데이트: 학습된 무력감.md
[2026-09-26 20:58:37] [0;36m검사: images (4).jpeg (basename 10자)[0m
[2026-09-26 20:58:37]   [0;32m매칭된 마크다운 파일 수: 1[0m
[2026-09-26 20:58:37]   이름 변경: images (4).jpeg → auzoqt9qt3y0z7ex9e.jpeg
[2026-09-26 20:58:37]   ✓ 이미지 rename 완료
[2026-09-26 20:58:37]   ✓ 마크다운 업데이트: 티핑포인트.md
[2026-09-26 20:58:37] [0;36m검사: images (1).jpeg (basename 10자)[0m
[2026-09-26 20:58:37]   [0;32m매칭된 마크다운 파일 수: 1[0m
[2026-09-26 20:58:37]   이름 변경: images (1).jpeg → s589oo5y3t15zjw6x2.jpeg
[2026-09-26 20:58:37]   ✓ 이미지 rename 완료
[2026-09-26 20:58:37]   ✓ 마크다운 업데이트: 암묵지.md
[2026-09-26 20:58:37] [0;36m검사: 1132797892.jpg (basename 10자)[0m
[2026-09-26 20:58:37]   [0;32m매칭된 마크다운 파일 수: 1[0m
[2026-09-26 20:58:37]   이름 변경: 1132797892.jpg → 77px6nzvhfsnbv0vzf.jpg
[2026-09-26 20:58:37]   ✓ 이미지 rename 완료
[2026-09-26 20:58:37]   ✓ 마크다운 업데이트: 리플리 증후군.md
[2026-09-26 20:58:37] [0;36m검사: 722727ssw2.png (basename 10자)[0m
[2026-09-26 20:58:37]   [0;32m매칭된 마크다운 파일 수: 1[0m
[2026-09-26 20:58:37]   이름 변경: 722727ssw2.png → no8qg4znnsh1gjpg8f.png
[2026-09-26 20:58:37]   ✓ 이미지 rename 완료
[2026-09-26 20:58:37]   ✓ 마크다운 업데이트: 착한 아이 증후군.md
[2026-09-26 20:58:37] ------------------------------------------------------
[2026-09-26 20:58:37] 파일명 길이 9자 검사 중...
[2026-09-26 20:58:37] ------------------------------------------------------
[2026-09-26 20:58:37] [0;36m검사: mqdefault.jpg (basename 9자)[0m
[2026-09-26 20:58:37]   [0;32m매칭된 마크다운 파일 수: 1[0m
[2026-09-26 20:58:37]   이름 변경: mqdefault.jpg → j7bgkyj8rsy7u987nh.jpg
[2026-09-26 20:58:37]   ✓ 이미지 rename 완료
[2026-09-26 20:58:37]   ✓ 마크다운 업데이트: 아도니스 증후군.md
[2026-09-26 20:58:38] [0;36m검사: images(1).jpg (basename 9자)[0m
[2026-09-26 20:58:38]   [0;32m매칭된 마크다운 파일 수: 1[0m
[2026-09-26 20:58:38]   이름 변경: images(1).jpg → sr1arao9z9ggbppa0q.jpg
[2026-09-26 20:58:38]   ✓ 이미지 rename 완료
[2026-09-26 20:58:38]   ✓ 마크다운 업데이트: 가르시아 효과.md
[2026-09-26 20:58:38] [0;36m검사: images(2).jpg (basename 9자)[0m
[2026-09-26 20:58:38]   [0;32m매칭된 마크다운 파일 수: 1[0m
[2026-09-26 20:58:38]   이름 변경: images(2).jpg → hnfhyrkijcizkylsge.jpg
[2026-09-26 20:58:38]   ✓ 이미지 rename 완료
[2026-09-26 20:58:38]   ✓ 마크다운 업데이트: 뇌의 부위별 기능.md
[2026-09-26 20:58:38] [0;36m검사: hqdefault.jpg (basename 9자)[0m
[2026-09-26 20:58:38]   [0;32m매칭된 마크다운 파일 수: 1[0m
[2026-09-26 20:58:38]   이름 변경: hqdefault.jpg → 11ccts0fzvd6v02eyk.jpg
[2026-09-26 20:58:38]   ✓ 이미지 rename 완료
[2026-09-26 20:58:38]   ✓ 마크다운 업데이트: 설단현상.md
[2026-09-26 20:58:38] [0;36m검사: asasas002.png (basename 9자)[0m
[2026-09-26 20:58:38]   [0;32m매칭된 마크다운 파일 수: 1[0m
[2026-09-26 20:58:38]   이름 변경: asasas002.png → otyi04tvf2pv5jgn9z.png
[2026-09-26 20:58:38]   ✓ 이미지 rename 완료
[2026-09-26 20:58:38]   ✓ 마크다운 업데이트: 사후 과잉 확신 편향.md
[2026-09-26 20:58:38] [0;36m검사: asasas001.png (basename 9자)[0m
[2026-09-26 20:58:38]   [0;32m매칭된 마크다운 파일 수: 1[0m
[2026-09-26 20:58:38]   이름 변경: asasas001.png → df78vhdmxmr071mf48.png
[2026-09-26 20:58:38]   ✓ 이미지 rename 완료
[2026-09-26 20:58:38]   ✓ 마크다운 업데이트: 떠벌림 효과.md
[2026-09-26 20:58:38] ------------------------------------------------------
[2026-09-26 20:58:38] 파일명 길이 8자 검사 중...
[2026-09-26 20:58:38] ------------------------------------------------------
[2026-09-26 20:58:38] [0;36m검사: images 5.jpeg (basename 8자)[0m
[2026-09-26 20:58:38]   [0;32m매칭된 마크다운 파일 수: 1[0m
[2026-09-26 20:58:38]   이름 변경: images 5.jpeg → 7e1v2dxdeoiat9zabd.jpeg
[2026-09-26 20:58:38]   ✓ 이미지 rename 완료
[2026-09-26 20:58:38]   ✓ 마크다운 업데이트: 편견 효과.md
[2026-09-26 20:58:38] [0;36m검사: images_1.png (basename 8자)[0m
[2026-09-26 20:58:38]   [0;32m매칭된 마크다운 파일 수: 1[0m
[2026-09-26 20:58:38]   이름 변경: images_1.png → 7h1oq7ambppr9ov3uk.png
[2026-09-26 20:58:38]   ✓ 이미지 rename 완료
[2026-09-26 20:58:38]   ✓ 마크다운 업데이트: 방아쇠 수지 신경 압박.md
[2026-09-26 20:58:38] [0;36m검사: images 3.jpg (basename 8자)[0m
[2026-09-26 20:58:38]   [0;32m매칭된 마크다운 파일 수: 1[0m
[2026-09-26 20:58:38]   이름 변경: images 3.jpg → rffr8raqtrg0sznx4a.jpg
[2026-09-26 20:58:38]   ✓ 이미지 rename 완료
[2026-09-26 20:58:38]   ✓ 마크다운 업데이트: 뇌의 부위별 기능.md
[2026-09-26 20:58:38] [0;36m검사: images 5.jpg (basename 8자)[0m
[2026-09-26 20:58:38]   [0;32m매칭된 마크다운 파일 수: 1[0m
[2026-09-26 20:58:38]   이름 변경: images 5.jpg → ejb3579glz9iclzgms.jpg
[2026-09-26 20:58:39]   ✓ 이미지 rename 완료
[2026-09-26 20:58:39]   ✓ 마크다운 업데이트: 안구운동 재처리.md
[2026-09-26 20:58:39] [0;36m검사: 에로망가선생-6.jpeg (basename 8자)[0m
[2026-09-26 20:58:39]   [0;32m매칭된 마크다운 파일 수: 1[0m
[2026-09-26 20:58:39]   이름 변경: 에로망가선생-6.jpeg → a6a8fpvod57n2q779x.jpeg
[2026-09-26 20:58:39]   ✓ 이미지 rename 완료
[2026-09-26 20:58:39]   ✓ 마크다운 업데이트: 웨스터마크 효과.md
[2026-09-26 20:58:39] [0;36m검사: images 3.jpeg (basename 8자)[0m
[2026-09-26 20:58:39]   [0;32m매칭된 마크다운 파일 수: 1[0m
[2026-09-26 20:58:39]   이름 변경: images 3.jpeg → sba3zzk94k0lo84ibg.jpeg
[2026-09-26 20:58:39]   ✓ 이미지 rename 완료
[2026-09-26 20:58:39]   ✓ 마크다운 업데이트: 현저성 효과.md
[2026-09-26 20:58:39] [0;36m검사: images 4.jpg (basename 8자)[0m
[2026-09-26 20:58:39]   [0;32m매칭된 마크다운 파일 수: 1[0m
[2026-09-26 20:58:39]   이름 변경: images 4.jpg → l2p95mynks9gl1tvea.jpg
[2026-09-26 20:58:39]   ✓ 이미지 rename 완료
[2026-09-26 20:58:39]   ✓ 마크다운 업데이트: 부모와 자녀의 관계.md
[2026-09-26 20:58:39] [0;36m검사: images 1.jpg (basename 8자)[0m
[2026-09-26 20:58:39]   [0;32m매칭된 마크다운 파일 수: 1[0m
[2026-09-26 20:58:39]   이름 변경: images 1.jpg → tow32zvg7mcquuhb6l.jpg
[2026-09-26 20:58:39]   ✓ 이미지 rename 완료
[2026-09-26 20:58:39]   ✓ 마크다운 업데이트: 공유지의 비극.md
[2026-09-26 20:58:39] [0;36m검사: images 2.jpg (basename 8자)[0m
[2026-09-26 20:58:39]   [0;32m매칭된 마크다운 파일 수: 1[0m
[2026-09-26 20:58:39]   이름 변경: images 2.jpg → 8fjbin9ihh60ng3l0g.jpg
[2026-09-26 20:58:39]   ✓ 이미지 rename 완료
[2026-09-26 20:58:39]   ✓ 마크다운 업데이트: 페르소나.md
[2026-09-26 20:58:39] [0;36m검사: IMG_2910.jpeg (basename 8자)[0m
[2026-09-26 20:58:39]   [0;32m매칭된 마크다운 파일 수: 1[0m
[2026-09-26 20:58:39]   이름 변경: IMG_2910.jpeg → ff325k7njsrhh7sjr9.jpeg
[2026-09-26 20:58:39]   ✓ 이미지 rename 완료
[2026-09-26 20:58:39]   ✓ 마크다운 업데이트: 흔들다리 효과.md
[2026-09-26 20:58:39] [0;36m검사: images 6.jpeg (basename 8자)[0m
[2026-09-26 20:58:39]   [0;32m매칭된 마크다운 파일 수: 1[0m
[2026-09-26 20:58:39]   이름 변경: images 6.jpeg → 8ke25c72egxsv7p2fc.jpeg
[2026-09-26 20:58:39]   ✓ 이미지 rename 완료
[2026-09-26 20:58:39]   ✓ 마크다운 업데이트: 언더독 효과.md
[2026-09-26 20:58:39] [0;36m검사: images 2.jpeg (basename 8자)[0m
[2026-09-26 20:58:39]   [0;32m매칭된 마크다운 파일 수: 1[0m
[2026-09-26 20:58:39]   이름 변경: images 2.jpeg → cn1vh454cxw9ysgos6.jpeg
[2026-09-26 20:58:39]   ✓ 이미지 rename 완료
[2026-09-26 20:58:39]   ✓ 마크다운 업데이트: 안아 주기 효과.md
[2026-09-26 20:58:39] [0;36m검사: images 7.jpeg (basename 8자)[0m
[2026-09-26 20:58:39]   [0;32m매칭된 마크다운 파일 수: 1[0m
[2026-09-26 20:58:39]   이름 변경: images 7.jpeg → p98behln1t8naan0xl.jpeg
[2026-09-26 20:58:39]   ✓ 이미지 rename 완료
[2026-09-26 20:58:39]   ✓ 마크다운 업데이트: 라포(Rapport).md
[2026-09-26 20:58:39] [0;36m검사: images 6.jpg (basename 8자)[0m
[2026-09-26 20:58:39]   [0;32m매칭된 마크다운 파일 수: 1[0m
[2026-09-26 20:58:39]   이름 변경: images 6.jpg → 2rlwi7o095e7x18qqx.jpg
[2026-09-26 20:58:39]   ✓ 이미지 rename 완료
[2026-09-26 20:58:39]   ✓ 마크다운 업데이트: 현상 유지 편향.md
[2026-09-26 20:58:39] [0;36m검사: 다운로드 (1).png (basename 8자)[0m
[2026-09-26 20:58:39]   [0;32m매칭된 마크다운 파일 수: 1[0m
[2026-09-26 20:58:39]   이름 변경: 다운로드 (1).png → q1ltaoj00bwy2g292d.png
[2026-09-26 20:58:39]   ✓ 이미지 rename 완료
[2026-09-26 20:58:39]   ✓ 마크다운 업데이트: 칵테일파티 효과.md
[2026-09-26 20:58:39] [0;36m검사: 상호성의법칙 1.png (basename 8자)[0m
[2026-09-26 20:58:39]   [0;32m매칭된 마크다운 파일 수: 1[0m
[2026-09-26 20:58:39]   이름 변경: 상호성의법칙 1.png → 09xv5g4qagj2f33p2z.png
[2026-09-26 20:58:39]   ✓ 이미지 rename 완료
[2026-09-26 20:58:39]   ✓ 마크다운 업데이트: 상호성의 법칙.md
[2026-09-26 20:58:39] [0;36m검사: images 8.jpeg (basename 8자)[0m
[2026-09-26 20:58:39]   [0;32m매칭된 마크다운 파일 수: 1[0m
[2026-09-26 20:58:39]   이름 변경: images 8.jpeg → l8nt23mjdj2y5kkitu.jpeg
[2026-09-26 20:58:39]   ✓ 이미지 rename 완료
[2026-09-26 20:58:39]   ✓ 마크다운 업데이트: 확증 편향.md
[2026-09-26 20:58:40] ------------------------------------------------------
[2026-09-26 20:58:40] 파일명 길이 7자 검사 중...
[2026-09-26 20:58:40] ------------------------------------------------------
[2026-09-26 20:58:40] [0;36m검사: DFDFADE.jpg (basename 7자)[0m
[2026-09-26 20:58:40]   [0;32m매칭된 마크다운 파일 수: 1[0m
[2026-09-26 20:58:40]   이름 변경: DFDFADE.jpg → bi6sazr9wg6q9h8g5v.jpg
[2026-09-26 20:58:40]   ✓ 이미지 rename 완료
[2026-09-26 20:58:40]   ✓ 마크다운 업데이트: 불안장애.md
[2026-09-26 20:58:40] ------------------------------------------------------
[2026-09-26 20:58:40] 파일명 길이 6자 검사 중...
[2026-09-26 20:58:40] ------------------------------------------------------
[2026-09-26 20:58:40] [0;36m검사: images.jpeg (basename 6자)[0m
[2026-09-26 20:58:40]   [0;32m매칭된 마크다운 파일 수: 1[0m
[2026-09-26 20:58:40]   이름 변경: images.jpeg → h0o9t31r5ij8yvtsx1.jpeg
[2026-09-26 20:58:40]   ✓ 이미지 rename 완료
[2026-09-26 20:58:40]   ✓ 마크다운 업데이트: 스톡데일 패러독스.md
[2026-09-26 20:58:40] [0;36m검사: 8480_1.jpg (basename 6자)[0m
[2026-09-26 20:58:40]   [0;32m매칭된 마크다운 파일 수: 1[0m
[2026-09-26 20:58:40]   이름 변경: 8480_1.jpg → 6sxjlm0rc710w1qxrp.jpg
[2026-09-26 20:58:40]   ✓ 이미지 rename 완료
[2026-09-26 20:58:40]   ✓ 마크다운 업데이트: 결정장애.md
[2026-09-26 20:58:40] [0;36m검사: 히스테리_뜻.jpg (basename 6자)[0m
[2026-09-26 20:58:40]   [0;32m매칭된 마크다운 파일 수: 1[0m
[2026-09-26 20:58:40]   이름 변경: 히스테리_뜻.jpg → mrly2ff6up7itgk12p.jpg
[2026-09-26 20:58:40]   ✓ 이미지 rename 완료
[2026-09-26 20:58:40]   ✓ 마크다운 업데이트: 히스테리.md
[2026-09-26 20:58:41] [0;36m검사: images.jpg (basename 6자)[0m
[2026-09-26 20:58:41]   [0;32m매칭된 마크다운 파일 수: 1[0m
[2026-09-26 20:58:41]   이름 변경: images.jpg → 45knul39vcsthx7x2a.jpg
[2026-09-26 20:58:41]   ✓ 이미지 rename 완료
[2026-09-26 20:58:41]   ✓ 마크다운 업데이트: 인도네시아 뜨거운 파스.md
[2026-09-26 20:58:41] [0;36m검사: images.png (basename 6자)[0m
[2026-09-26 20:58:41]   [0;32m매칭된 마크다운 파일 수: 1[0m
[2026-09-26 20:58:41]   이름 변경: images.png → hu15mmnxc22uaiwnr2.png
[2026-09-26 20:58:41]   ✓ 이미지 rename 완료
[2026-09-26 20:58:41]   ✓ 마크다운 업데이트: 감정 분리.md
[2026-09-26 20:58:41] ------------------------------------------------------
[2026-09-26 20:58:41] 파일명 길이 5자 검사 중...
[2026-09-26 20:58:41] ------------------------------------------------------
[2026-09-26 20:58:42] [0;36m검사: s16_3.jpg (basename 5자)[0m
[2026-09-26 20:58:42]   [0;32m매칭된 마크다운 파일 수: 1[0m
[2026-09-26 20:58:42]   이름 변경: s16_3.jpg → akknvm148w0vos4j6c.jpg
[2026-09-26 20:58:42]   ✓ 이미지 rename 완료
[2026-09-26 20:58:42]   ✓ 마크다운 업데이트: 성격장애.md
[2026-09-26 20:58:42] [0;36m검사: 플라시보1.jpeg (basename 5자)[0m
[2026-09-26 20:58:42]   [0;32m매칭된 마크다운 파일 수: 1[0m
[2026-09-26 20:58:42]   이름 변경: 플라시보1.jpeg → hkd6bjyqkns2n102a1.jpeg
[2026-09-26 20:58:42]   ✓ 이미지 rename 완료
[2026-09-26 20:58:42]   ✓ 마크다운 업데이트: 플라시보 효과.md
[2026-09-26 20:58:42] [0;36m검사: hq720.jpg (basename 5자)[0m
[2026-09-26 20:58:42]   [0;32m매칭된 마크다운 파일 수: 1[0m
[2026-09-26 20:58:42]   이름 변경: hq720.jpg → nmde5m52q62rfi3lbb.jpg
[2026-09-26 20:58:42]   ✓ 이미지 rename 완료
[2026-09-26 20:58:42]   ✓ 마크다운 업데이트: 일반화의 오류.md
[2026-09-26 20:58:42] 
[2026-09-26 20:58:42] ======================================================
[2026-09-26 20:58:42] 완료 요약
[2026-09-26 20:58:42]   rename 처리: 277건
[2026-09-26 20:58:42]   마크다운 참조 없어 스킵: 1건
[2026-09-26 20:58:42]   로그 파일: /home/lwh/.local/bin/rename_images.log
[2026-09-26 20:58:42] ======================================================
[2026-09-26 21:03:13] ======================================================
[2026-09-26 21:03:13] 시작: 이미지 rename + 마크다운 참조 업데이트
[2026-09-26 21:03:13] 노트 디렉토리  : /home/lwh/Documents/001_Brain_Notes
[2026-09-26 21:03:13] 이미지 디렉토리: /home/lwh/Pictures/힣_Brain_Notes
[2026-09-26 21:03:14] ======================================================
[2026-09-26 21:03:14] 발견된 이미지 파일 수: 476
[2026-09-26 21:03:14] 
[2026-09-26 21:03:14] ------------------------------------------------------
[2026-09-26 21:03:14] 파일명 길이 14자 검사 중...
[2026-09-26 21:03:14] ------------------------------------------------------
[2026-09-26 21:03:15] ------------------------------------------------------
[2026-09-26 21:03:15] 파일명 길이 13자 검사 중...
[2026-09-26 21:03:15] ------------------------------------------------------
[2026-09-26 21:03:17] ------------------------------------------------------
[2026-09-26 21:03:17] 파일명 길이 12자 검사 중...
[2026-09-26 21:03:17] ------------------------------------------------------
[2026-09-26 21:03:19] ------------------------------------------------------
[2026-09-26 21:03:19] 파일명 길이 11자 검사 중...
[2026-09-26 21:03:19] ------------------------------------------------------
[2026-09-26 21:03:19] [0;36m검사: images(2) 1.jpg (basename 11자)[0m
[2026-09-26 21:03:19]   → 마크다운 참조 없음. 스킵.
[2026-09-26 21:03:20] ------------------------------------------------------
[2026-09-26 21:03:20] 파일명 길이 10자 검사 중...
[2026-09-26 21:03:20] ------------------------------------------------------
[2026-09-26 21:03:22] ------------------------------------------------------
[2026-09-26 21:03:22] 파일명 길이 9자 검사 중...
[2026-09-26 21:03:22] ------------------------------------------------------
[2026-09-26 21:03:24] [0;36m검사: imgqweqwe.jpg (basename 9자)[0m
[2026-09-26 21:03:24]   [0;32m매칭된 마크다운 파일 수: 1[0m
[2026-09-26 21:03:24]   이름 변경: imgqweqwe.jpg → xbdlayo6wofr9cyj3f.jpg
[2026-09-26 21:03:24]   ✓ 이미지 rename 완료
[2026-09-26 21:03:24]   ✓ 마크다운 업데이트: 플린 효과.md
[2026-09-26 21:03:24] ------------------------------------------------------
[2026-09-26 21:03:24] 파일명 길이 8자 검사 중...
[2026-09-26 21:03:24] ------------------------------------------------------
[2026-09-26 21:03:26] ------------------------------------------------------
[2026-09-26 21:03:26] 파일명 길이 7자 검사 중...
[2026-09-26 21:03:26] ------------------------------------------------------
[2026-09-26 21:03:28] ------------------------------------------------------
[2026-09-26 21:03:28] 파일명 길이 6자 검사 중...
[2026-09-26 21:03:28] ------------------------------------------------------
[2026-09-26 21:03:29] ------------------------------------------------------
[2026-09-26 21:03:29] 파일명 길이 5자 검사 중...
[2026-09-26 21:03:29] ------------------------------------------------------
[2026-09-26 21:03:31] 
[2026-09-26 21:03:31] ======================================================
[2026-09-26 21:03:31] 완료 요약
[2026-09-26 21:03:31]   rename 처리: 1건
[2026-09-26 21:03:31]   마크다운 참조 없어 스킵: 1건
[2026-09-26 21:03:31]   로그 파일: /home/lwh/.local/bin/rename_images.log
[2026-09-26 21:03:31] ======================================================
[2026-09-26 21:03:48] ======================================================
[2026-09-26 21:03:48] 시작: 이미지 rename + 마크다운 참조 업데이트
[2026-09-26 21:03:48] 노트 디렉토리  : /home/lwh/Documents/001_Brain_Notes
[2026-09-26 21:03:48] 이미지 디렉토리: /home/lwh/Pictures/힣_Brain_Notes
[2026-09-26 21:03:48] ======================================================
[2026-09-26 21:03:48] 발견된 이미지 파일 수: 475
[2026-09-26 21:03:48] 
[2026-09-26 21:03:48] ------------------------------------------------------
[2026-09-26 21:03:48] 파일명 길이 14자 검사 중...
[2026-09-26 21:03:48] ------------------------------------------------------
[2026-09-26 21:03:49] ------------------------------------------------------
[2026-09-26 21:03:49] 파일명 길이 13자 검사 중...
[2026-09-26 21:03:49] ------------------------------------------------------
[2026-09-26 21:03:51] ------------------------------------------------------
[2026-09-26 21:03:51] 파일명 길이 12자 검사 중...
[2026-09-26 21:03:51] ------------------------------------------------------
[2026-09-26 21:03:53] ------------------------------------------------------
[2026-09-26 21:03:53] 파일명 길이 11자 검사 중...
[2026-09-26 21:03:53] ------------------------------------------------------
[2026-09-26 21:03:55] ------------------------------------------------------
[2026-09-26 21:03:55] 파일명 길이 10자 검사 중...
[2026-09-26 21:03:55] ------------------------------------------------------
[2026-09-26 21:03:56] ------------------------------------------------------
[2026-09-26 21:03:56] 파일명 길이 9자 검사 중...
[2026-09-26 21:03:56] ------------------------------------------------------
[2026-09-26 21:03:58] ------------------------------------------------------
[2026-09-26 21:03:58] 파일명 길이 8자 검사 중...
[2026-09-26 21:03:58] ------------------------------------------------------
[2026-09-26 21:04:00] ------------------------------------------------------
[2026-09-26 21:04:00] 파일명 길이 7자 검사 중...
[2026-09-26 21:04:00] ------------------------------------------------------
[2026-09-26 21:04:01] ------------------------------------------------------
[2026-09-26 21:04:01] 파일명 길이 6자 검사 중...
[2026-09-26 21:04:01] ------------------------------------------------------
[2026-09-26 21:04:03] ------------------------------------------------------
[2026-09-26 21:04:03] 파일명 길이 5자 검사 중...
[2026-09-26 21:04:03] ------------------------------------------------------
[2026-09-26 21:04:05] 
[2026-09-26 21:04:05] ======================================================
[2026-09-26 21:04:05] 완료 요약
[2026-09-26 21:04:05]   rename 처리: 0건
[2026-09-26 21:04:05]   마크다운 참조 없어 스킵: 0건
[2026-09-26 21:04:05]   로그 파일: /home/lwh/.local/bin/rename_images.log
[2026-09-26 21:04:05] ======================================================
[2026-09-26 21:12:14] ======================================================
[2026-09-26 21:12:14] 시작: 이미지 rename + 마크다운 참조 업데이트
[2026-09-26 21:12:14] 노트 디렉토리  : /home/lwh/Documents/001_Brain_Notes
[2026-09-26 21:12:14] 이미지 디렉토리: /home/lwh/Pictures/힣_Brain_Notes
[2026-09-26 21:12:14] ======================================================
[2026-09-26 21:12:14] 발견된 이미지 파일 수: 475
[2026-09-26 21:12:14] 
[2026-09-26 21:12:14] ------------------------------------------------------
[2026-09-26 21:12:14] 파일명 길이 15자 검사 중...
[2026-09-26 21:12:14] ------------------------------------------------------
[2026-09-26 21:12:15] [0;36m검사: 한전고객번호_20251221.jpg (basename 15자)[0m
[2026-09-26 21:12:15]   [0;32m매칭된 마크다운 파일 수: 1[0m
[2026-09-26 21:12:15]   이름 변경: 한전고객번호_20251221.jpg → 252pp307dvbm1rc_20260926211215.jpg
[2026-09-26 21:12:15]   ✓ 이미지 rename 완료
[2026-09-26 21:12:15]   ✓ 마크다운 업데이트: 나의 공과금 - 한국전력 전기.md
[2026-09-26 21:12:15] [0;36m검사: 1787301335708_1.png (basename 15자)[0m
[2026-09-26 21:12:15]   [0;32m매칭된 마크다운 파일 수: 1[0m
[2026-09-26 21:12:15]   이름 변경: 1787301335708_1.png → wl20uq2u21hbu4d_20260926211215.png
[2026-09-26 21:12:15]   ✓ 이미지 rename 완료
[2026-09-26 21:12:15]   ✓ 마크다운 업데이트: 통제 가능한 것에 집중하기.md
[2026-09-26 21:12:15] [0;36m검사: 1787815785556 1.png (basename 15자)[0m
[2026-09-26 21:12:15]   [0;32m매칭된 마크다운 파일 수: 1[0m
[2026-09-26 21:12:15]   이름 변경: 1787815785556 1.png → mdnzj1gk94bqd6v_20260926211215.png
[2026-09-26 21:12:15]   ✓ 이미지 rename 완료
[2026-09-26 21:12:15]   ✓ 마크다운 업데이트: 감정 절약.md
[2026-09-26 21:12:15] [0;36m검사: 35424_31878_123.png (basename 15자)[0m
[2026-09-26 21:12:15]   [0;32m매칭된 마크다운 파일 수: 1[0m
[2026-09-26 21:12:15]   이름 변경: 35424_31878_123.png → lrisrrj6puw8oje_20260926211215.png
[2026-09-26 21:12:15]   ✓ 이미지 rename 완료
[2026-09-26 21:12:15]   ✓ 마크다운 업데이트: 망상장애.md
[2026-09-26 21:12:15] [0;36m검사: 33606_47073_256.png (basename 15자)[0m
[2026-09-26 21:12:15]   [0;32m매칭된 마크다운 파일 수: 1[0m
[2026-09-26 21:12:15]   이름 변경: 33606_47073_256.png → c12bqb7b4krqje8_20260926211215.png
[2026-09-26 21:12:15]   ✓ 이미지 rename 완료
[2026-09-26 21:12:15]   ✓ 마크다운 업데이트: 방어 기제.md
[2026-09-26 21:12:15] [0;36m검사: 2018111900345_0.jpg (basename 15자)[0m
[2026-09-26 21:12:15]   [0;32m매칭된 마크다운 파일 수: 1[0m
[2026-09-26 21:12:15]   이름 변경: 2018111900345_0.jpg → sfztd0k4z4pqcws_20260926211215.jpg
[2026-09-26 21:12:15]   ✓ 이미지 rename 완료
[2026-09-26 21:12:15]   ✓ 마크다운 업데이트: 공유지의 비극.md
[2026-09-26 21:12:15] [0;36m검사: 30592_21552_141.png (basename 15자)[0m
[2026-09-26 21:12:15]   [0;32m매칭된 마크다운 파일 수: 1[0m
[2026-09-26 21:12:15]   이름 변경: 30592_21552_141.png → ulrg1x7juoa0r9z_20260926211215.png
[2026-09-26 21:12:15]   ✓ 이미지 rename 완료
[2026-09-26 21:12:15]   ✓ 마크다운 업데이트: 인지 부조화 이론.md
[2026-09-26 21:12:15] [0;36m검사: aa43_019_sam_i1.jpg (basename 15자)[0m
[2026-09-26 21:12:15]   [0;32m매칭된 마크다운 파일 수: 1[0m
[2026-09-26 21:12:15]   이름 변경: aa43_019_sam_i1.jpg → gijxdu416y3f29a_20260926211215.jpg
[2026-09-26 21:12:15]   ✓ 이미지 rename 완료
[2026-09-26 21:12:15]   ✓ 마크다운 업데이트: 스트룹 효과.md
[2026-09-26 21:12:15] [0;36m검사: 35127_31476_536.png (basename 15자)[0m
[2026-09-26 21:12:15]   [0;32m매칭된 마크다운 파일 수: 1[0m
[2026-09-26 21:12:15]   이름 변경: 35127_31476_536.png → 1fr4t0akfdxfinf_20260926211215.png
[2026-09-26 21:12:15]   ✓ 이미지 rename 완료
[2026-09-26 21:12:15]   ✓ 마크다운 업데이트: 유사성 효과.md
[2026-09-26 21:12:16] ------------------------------------------------------
[2026-09-26 21:12:16] 파일명 길이 14자 검사 중...
[2026-09-26 21:12:16] ------------------------------------------------------
[2026-09-26 21:12:18] [0;36m검사: deyeyfhfhwu189.jpg (basename 14자)[0m
[2026-09-26 21:12:18]   [0;32m매칭된 마크다운 파일 수: 1[0m
[2026-09-26 21:12:18]   이름 변경: deyeyfhfhwu189.jpg → zxls8dm0ksasmr5_20260926211218.jpg
[2026-09-26 21:12:18]   ✓ 이미지 rename 완료
[2026-09-26 21:12:18]   ✓ 마크다운 업데이트: 걸맞추기 원리.md
[2026-09-26 21:12:18] ------------------------------------------------------
[2026-09-26 21:12:18] 파일명 길이 13자 검사 중...
[2026-09-26 21:12:18] ------------------------------------------------------
[2026-09-26 21:12:20] [0;36m검사: grubeueueu392.webp (basename 13자)[0m
[2026-09-26 21:12:20]   [0;32m매칭된 마크다운 파일 수: 1[0m
[2026-09-26 21:12:20]   이름 변경: grubeueueu392.webp → 295hm8rjf3ijeph_20260926211220.webp
[2026-09-26 21:12:20]   ✓ 이미지 rename 완료
[2026-09-26 21:12:20]   ✓ 마크다운 업데이트: GRUB rescue  repairing your Bootloader.md
[2026-09-26 21:12:20] ------------------------------------------------------
[2026-09-26 21:12:20] 파일명 길이 12자 검사 중...
[2026-09-26 21:12:20] ------------------------------------------------------
[2026-09-26 21:12:21] ------------------------------------------------------
[2026-09-26 21:12:21] 파일명 길이 11자 검사 중...
[2026-09-26 21:12:21] ------------------------------------------------------
[2026-09-26 21:12:23] ------------------------------------------------------
[2026-09-26 21:12:23] 파일명 길이 10자 검사 중...
[2026-09-26 21:12:23] ------------------------------------------------------
[2026-09-26 21:12:25] ------------------------------------------------------
[2026-09-26 21:12:25] 파일명 길이 9자 검사 중...
[2026-09-26 21:12:25] ------------------------------------------------------
[2026-09-26 21:12:26] ------------------------------------------------------
[2026-09-26 21:12:26] 파일명 길이 8자 검사 중...
[2026-09-26 21:12:26] ------------------------------------------------------
[2026-09-26 21:12:28] ------------------------------------------------------
[2026-09-26 21:12:28] 파일명 길이 7자 검사 중...
[2026-09-26 21:12:28] ------------------------------------------------------
[2026-09-26 21:12:30] ------------------------------------------------------
[2026-09-26 21:12:30] 파일명 길이 6자 검사 중...
[2026-09-26 21:12:30] ------------------------------------------------------
[2026-09-26 21:12:32] ------------------------------------------------------
[2026-09-26 21:12:32] 파일명 길이 5자 검사 중...
[2026-09-26 21:12:32] ------------------------------------------------------
[2026-09-26 21:12:33] 
[2026-09-26 21:12:33] ======================================================
[2026-09-26 21:12:33] 완료 요약
[2026-09-26 21:12:33]   rename 처리: 11건
[2026-09-26 21:12:33]   마크다운 참조 없어 스킵: 0건
[2026-09-26 21:12:33]   로그 파일: /home/lwh/.local/bin/rename_images.log
[2026-09-26 21:12:33] ======================================================
[2026-09-26 21:14:33] ======================================================
[2026-09-26 21:14:33] 시작: 이미지 rename + 마크다운 참조 업데이트
[2026-09-26 21:14:33] 노트 디렉토리  : /home/lwh/Documents/001_Brain_Notes
[2026-09-26 21:14:33] 이미지 디렉토리: /home/lwh/Pictures/힣_Brain_Notes
[2026-09-26 21:14:33] ======================================================
[2026-09-26 21:14:33] 발견된 이미지 파일 수: 475
[2026-09-26 21:14:33] 
[2026-09-26 21:14:33] ------------------------------------------------------
[2026-09-26 21:14:33] 파일명 길이 15자 검사 중...
[2026-09-26 21:14:33] ------------------------------------------------------
[2026-09-26 21:14:34] ------------------------------------------------------
[2026-09-26 21:14:34] 파일명 길이 14자 검사 중...
[2026-09-26 21:14:34] ------------------------------------------------------
[2026-09-26 21:14:36] ------------------------------------------------------
[2026-09-26 21:14:36] 파일명 길이 13자 검사 중...
[2026-09-26 21:14:36] ------------------------------------------------------
[2026-09-26 21:14:38] ------------------------------------------------------
[2026-09-26 21:14:38] 파일명 길이 12자 검사 중...
[2026-09-26 21:14:38] ------------------------------------------------------
[2026-09-26 21:14:40] ------------------------------------------------------
[2026-09-26 21:14:40] 파일명 길이 11자 검사 중...
[2026-09-26 21:14:40] ------------------------------------------------------
[2026-09-26 21:14:41] ------------------------------------------------------
[2026-09-26 21:14:41] 파일명 길이 10자 검사 중...
[2026-09-26 21:14:41] ------------------------------------------------------
[2026-09-26 21:14:43] ------------------------------------------------------
[2026-09-26 21:14:43] 파일명 길이 9자 검사 중...
[2026-09-26 21:14:43] ------------------------------------------------------
[2026-09-26 21:14:45] ------------------------------------------------------
[2026-09-26 21:14:45] 파일명 길이 8자 검사 중...
[2026-09-26 21:14:45] ------------------------------------------------------
[2026-09-26 21:14:46] ------------------------------------------------------
[2026-09-26 21:14:46] 파일명 길이 7자 검사 중...
[2026-09-26 21:14:46] ------------------------------------------------------
[2026-09-26 21:14:48] ------------------------------------------------------
[2026-09-26 21:14:48] 파일명 길이 6자 검사 중...
[2026-09-26 21:14:48] ------------------------------------------------------
[2026-09-26 21:14:50] ------------------------------------------------------
[2026-09-26 21:14:50] 파일명 길이 5자 검사 중...
[2026-09-26 21:14:50] ------------------------------------------------------
[2026-09-26 21:14:52] 
[2026-09-26 21:14:52] ======================================================
[2026-09-26 21:14:52] 완료 요약
[2026-09-26 21:14:52]   rename 처리: 0건
[2026-09-26 21:14:52]   마크다운 참조 없어 스킵: 0건
[2026-09-26 21:14:52]   로그 파일: /home/lwh/.local/bin/rename_images.log
[2026-09-26 21:14:52] ======================================================
[2026-09-26 21:18:26] ======================================================
[2026-09-26 21:18:26] 시작: 이미지 rename + 마크다운 참조 업데이트
[2026-09-26 21:18:26] 노트 디렉토리  : /home/lwh/Documents/001_Brain_Notes
[2026-09-26 21:18:26] 이미지 디렉토리: /home/lwh/Pictures/힣_Brain_Notes
[2026-09-26 21:18:26] ======================================================
[2026-09-26 21:18:26] 발견된 이미지 파일 수: 475
[2026-09-26 21:18:26] 
[2026-09-26 21:18:26] ------------------------------------------------------
[2026-09-26 21:18:26] 파일명 길이 15자 검사 중...
[2026-09-26 21:18:26] ------------------------------------------------------
[2026-09-26 21:18:28] ------------------------------------------------------
[2026-09-26 21:18:28] 파일명 길이 14자 검사 중...
[2026-09-26 21:18:28] ------------------------------------------------------
[2026-09-26 21:18:30] ------------------------------------------------------
[2026-09-26 21:18:30] 파일명 길이 13자 검사 중...
[2026-09-26 21:18:30] ------------------------------------------------------
[2026-09-26 21:18:31] ------------------------------------------------------
[2026-09-26 21:18:31] 파일명 길이 12자 검사 중...
[2026-09-26 21:18:31] ------------------------------------------------------
[2026-09-26 21:18:33] ------------------------------------------------------
[2026-09-26 21:18:33] 파일명 길이 11자 검사 중...
[2026-09-26 21:18:33] ------------------------------------------------------
[2026-09-26 21:18:35] ------------------------------------------------------
[2026-09-26 21:18:35] 파일명 길이 10자 검사 중...
[2026-09-26 21:18:35] ------------------------------------------------------
[2026-09-26 21:18:37] ------------------------------------------------------
[2026-09-26 21:18:37] 파일명 길이 9자 검사 중...
[2026-09-26 21:18:37] ------------------------------------------------------
[2026-09-26 21:18:38] ------------------------------------------------------
[2026-09-26 21:18:38] 파일명 길이 8자 검사 중...
[2026-09-26 21:18:38] ------------------------------------------------------
[2026-09-26 21:18:40] ------------------------------------------------------
[2026-09-26 21:18:40] 파일명 길이 7자 검사 중...
[2026-09-26 21:18:40] ------------------------------------------------------
[2026-09-26 21:18:42] ------------------------------------------------------
[2026-09-26 21:18:42] 파일명 길이 6자 검사 중...
[2026-09-26 21:18:42] ------------------------------------------------------
[2026-09-26 21:18:43] ------------------------------------------------------
[2026-09-26 21:18:43] 파일명 길이 5자 검사 중...
[2026-09-26 21:18:43] ------------------------------------------------------
[2026-09-26 21:18:45] 
[2026-09-26 21:18:45] ======================================================
[2026-09-26 21:18:45] 완료 요약
[2026-09-26 21:18:45]   rename 처리: 0건
[2026-09-26 21:18:45]   마크다운 참조 없어 스킵: 0건
[2026-09-26 21:18:45]   로그 파일: /home/lwh/.local/bin/rename_images.log
[2026-09-26 21:18:45] ======================================================
[2026-09-26 21:18:53] ======================================================
[2026-09-26 21:18:53] 시작: 이미지 rename + 마크다운 참조 업데이트
[2026-09-26 21:18:53] 노트 디렉토리  : /home/lwh/Documents/001_Brain_Notes
[2026-09-26 21:18:53] 이미지 디렉토리: /home/lwh/Pictures/힣_Brain_Notes
[2026-09-26 21:18:53] ======================================================
[2026-09-26 21:18:53] 발견된 이미지 파일 수: 475
[2026-09-26 21:18:53] 
[2026-09-26 21:18:53] ------------------------------------------------------
[2026-09-26 21:18:53] 파일명 길이 14자 검사 중...
[2026-09-26 21:18:53] ------------------------------------------------------
[2026-09-26 21:18:55] ------------------------------------------------------
[2026-09-26 21:18:55] 파일명 길이 13자 검사 중...
[2026-09-26 21:18:55] ------------------------------------------------------
[2026-09-26 21:18:56] ------------------------------------------------------
[2026-09-26 21:18:56] 파일명 길이 12자 검사 중...
[2026-09-26 21:18:56] ------------------------------------------------------
[2026-09-26 21:18:58] ------------------------------------------------------
[2026-09-26 21:18:58] 파일명 길이 11자 검사 중...
[2026-09-26 21:18:58] ------------------------------------------------------
[2026-09-26 21:19:00] ------------------------------------------------------
[2026-09-26 21:19:00] 파일명 길이 10자 검사 중...
[2026-09-26 21:19:00] ------------------------------------------------------
[2026-09-26 21:19:02] ------------------------------------------------------
[2026-09-26 21:19:02] 파일명 길이 9자 검사 중...
[2026-09-26 21:19:02] ------------------------------------------------------
[2026-09-26 21:19:03] ------------------------------------------------------
[2026-09-26 21:19:03] 파일명 길이 8자 검사 중...
[2026-09-26 21:19:03] ------------------------------------------------------
[2026-09-26 21:19:05] ------------------------------------------------------
[2026-09-26 21:19:05] 파일명 길이 7자 검사 중...
[2026-09-26 21:19:05] ------------------------------------------------------
[2026-09-26 21:19:07] ------------------------------------------------------
[2026-09-26 21:19:07] 파일명 길이 6자 검사 중...
[2026-09-26 21:19:07] ------------------------------------------------------
[2026-09-26 21:19:08] ------------------------------------------------------
[2026-09-26 21:19:08] 파일명 길이 5자 검사 중...
[2026-09-26 21:19:08] ------------------------------------------------------
[2026-09-26 21:19:10] 
[2026-09-26 21:19:10] ======================================================
[2026-09-26 21:19:10] 완료 요약
[2026-09-26 21:19:10]   rename 처리: 0건
[2026-09-26 21:19:10]   마크다운 참조 없어 스킵: 0건
[2026-09-26 21:19:10]   로그 파일: /home/lwh/.local/bin/rename_images.log
[2026-09-26 21:19:10] ======================================================
[26-09-26 21:45:53] ======================================================
[26-09-26 21:45:53] 시작: 이미지 rename + 마크다운 참조 업데이트
[26-09-26 21:45:53] 노트 디렉토리  : /home/lwh/Documents/001_Brain_Notes
[26-09-26 21:45:53] 이미지 디렉토리: /home/lwh/Pictures/힣_Brain_Notes
[26-09-26 21:45:53] ======================================================
[26-09-26 21:45:53] 발견된 이미지 파일 수: 475
[26-09-26 21:45:53] 
[26-09-26 21:45:53] ------------------------------------------------------
[26-09-26 21:45:53] 파일명 길이 150자 검사 중...
[26-09-26 21:45:53] ------------------------------------------------------
[26-09-26 21:45:53] [0;36m검사: FLDQKwr09UDxzrOyYdGqrhnES9is_-1kCi3LgTMVaWmgJRyse6A19JF6SeYZDTVccNXQnJJ5J907pwjCxQA3I8O4IVvIjHTquovgLbylhWM3c_wOV43e02G57N8IVbWdp_o4ZHDwgDGqiGMjEZyrvQ.webp (basename 150자)[0m
[26-09-26 21:45:54]   [0;32m매칭된 마크다운 파일 수: 1[0m
[26-09-26 21:45:54]   이름 변경: FLDQKwr09UDxzrOyYdGqrhnES9is_-1kCi3LgTMVaWmgJRyse6A19JF6SeYZDTVccNXQnJJ5J907pwjCxQA3I8O4IVvIjHTquovgLbylhWM3c_wOV43e02G57N8IVbWdp_o4ZHDwgDGqiGMjEZyrvQ.webp → fr57r2mc96va_20260926214554.webp
[26-09-26 21:45:54]   ✓ 이미지 rename 완료
[26-09-26 21:45:54]   ✓ 마크다운 업데이트: 파이어 엠블렘 만자천홍 세계관.md
[26-09-26 21:45:55] ------------------------------------------------------
[26-09-26 21:45:55] 파일명 길이 149자 검사 중...
[26-09-26 21:45:55] ------------------------------------------------------
[26-09-26 21:45:56] ------------------------------------------------------
[26-09-26 21:45:56] 파일명 길이 148자 검사 중...
[26-09-26 21:45:56] ------------------------------------------------------
[26-09-26 21:45:58] ------------------------------------------------------
[26-09-26 21:45:58] 파일명 길이 147자 검사 중...
[26-09-26 21:45:58] ------------------------------------------------------
[26-09-26 21:45:59] ------------------------------------------------------
[26-09-26 21:45:59] 파일명 길이 146자 검사 중...
[26-09-26 21:46:00] ------------------------------------------------------
[26-09-26 21:46:01] ------------------------------------------------------
[26-09-26 21:46:01] 파일명 길이 145자 검사 중...
[26-09-26 21:46:01] ------------------------------------------------------
[26-09-26 21:46:03] ------------------------------------------------------
[26-09-26 21:46:03] 파일명 길이 144자 검사 중...
[26-09-26 21:46:03] ------------------------------------------------------
[26-09-26 21:46:05] ------------------------------------------------------
[26-09-26 21:46:05] 파일명 길이 143자 검사 중...
[26-09-26 21:46:05] ------------------------------------------------------
[26-09-26 21:46:06] ------------------------------------------------------
[26-09-26 21:46:06] 파일명 길이 142자 검사 중...
[26-09-26 21:46:06] ------------------------------------------------------
[26-09-26 21:46:08] ------------------------------------------------------
[26-09-26 21:46:08] 파일명 길이 141자 검사 중...
[26-09-26 21:46:08] ------------------------------------------------------
[26-09-26 21:46:10] ------------------------------------------------------
[26-09-26 21:46:10] 파일명 길이 140자 검사 중...
[26-09-26 21:46:10] ------------------------------------------------------
[26-09-26 21:46:11] ------------------------------------------------------
[26-09-26 21:46:11] 파일명 길이 139자 검사 중...
[26-09-26 21:46:11] ------------------------------------------------------
[26-09-26 21:46:13] ------------------------------------------------------
[26-09-26 21:46:13] 파일명 길이 138자 검사 중...
[26-09-26 21:46:13] ------------------------------------------------------
[26-09-26 21:46:15] ------------------------------------------------------
[26-09-26 21:46:15] 파일명 길이 137자 검사 중...
[26-09-26 21:46:15] ------------------------------------------------------
[26-09-26 21:46:16] ------------------------------------------------------
[26-09-26 21:46:16] 파일명 길이 136자 검사 중...
[26-09-26 21:46:16] ------------------------------------------------------
[26-09-26 21:46:18] ------------------------------------------------------
[26-09-26 21:46:18] 파일명 길이 135자 검사 중...
[26-09-26 21:46:18] ------------------------------------------------------
[26-09-26 21:46:20] ------------------------------------------------------
[26-09-26 21:46:20] 파일명 길이 134자 검사 중...
[26-09-26 21:46:20] ------------------------------------------------------
[26-09-26 21:46:21] ------------------------------------------------------
[26-09-26 21:46:21] 파일명 길이 133자 검사 중...
[26-09-26 21:46:21] ------------------------------------------------------
[26-09-26 21:46:23] ------------------------------------------------------
[26-09-26 21:46:23] 파일명 길이 132자 검사 중...
[26-09-26 21:46:23] ------------------------------------------------------
[2026-09-26 21:46:30] ======================================================
[2026-09-26 21:46:30] 시작: 이미지 rename + 마크다운 참조 업데이트
[2026-09-26 21:46:30] 노트 디렉토리  : /home/lwh/Documents/001_Brain_Notes
[2026-09-26 21:46:30] 이미지 디렉토리: /home/lwh/Pictures/힣_Brain_Notes
[2026-09-26 21:46:30] ======================================================
[2026-09-26 21:46:30] 발견된 이미지 파일 수: 475
[2026-09-26 21:46:30] 
[2026-09-26 21:46:30] ------------------------------------------------------
[2026-09-26 21:46:30] 파일명 길이 150자 검사 중...
[2026-09-26 21:46:30] ------------------------------------------------------
[2026-09-26 21:46:32] ------------------------------------------------------
[2026-09-26 21:46:32] 파일명 길이 149자 검사 중...
[2026-09-26 21:46:32] ------------------------------------------------------
[2026-09-26 21:46:33] ------------------------------------------------------
[2026-09-26 21:46:33] 파일명 길이 148자 검사 중...
[2026-09-26 21:46:33] ------------------------------------------------------
[2026-09-26 21:46:35] ------------------------------------------------------
[2026-09-26 21:46:35] 파일명 길이 147자 검사 중...
[2026-09-26 21:46:35] ------------------------------------------------------
[2026-09-26 21:46:37] ------------------------------------------------------
[2026-09-26 21:46:37] 파일명 길이 146자 검사 중...
[2026-09-26 21:46:37] ------------------------------------------------------
[2026-09-26 21:46:38] ------------------------------------------------------
[2026-09-26 21:46:38] 파일명 길이 145자 검사 중...
[2026-09-26 21:46:38] ------------------------------------------------------
[2026-09-26 21:46:40] ------------------------------------------------------
[2026-09-26 21:46:40] 파일명 길이 144자 검사 중...
[2026-09-26 21:46:40] ------------------------------------------------------
[2026-09-26 21:46:42] ------------------------------------------------------
[2026-09-26 21:46:42] 파일명 길이 143자 검사 중...
[2026-09-26 21:46:42] ------------------------------------------------------
[2026-09-26 21:46:43] ------------------------------------------------------
[2026-09-26 21:46:43] 파일명 길이 142자 검사 중...
[2026-09-26 21:46:43] ------------------------------------------------------
[2026-09-26 21:46:45] ------------------------------------------------------
[2026-09-26 21:46:45] 파일명 길이 141자 검사 중...
[2026-09-26 21:46:45] ------------------------------------------------------
[2026-09-26 21:46:47] ------------------------------------------------------
[2026-09-26 21:46:47] 파일명 길이 140자 검사 중...
[2026-09-26 21:46:47] ------------------------------------------------------
[2026-09-26 21:46:49] ------------------------------------------------------
[2026-09-26 21:46:49] 파일명 길이 139자 검사 중...
[2026-09-26 21:46:49] ------------------------------------------------------
[2026-09-26 21:46:50] ------------------------------------------------------
[2026-09-26 21:46:50] 파일명 길이 138자 검사 중...
[2026-09-26 21:46:50] ------------------------------------------------------
[2026-09-26 21:46:52] ------------------------------------------------------
[2026-09-26 21:46:52] 파일명 길이 137자 검사 중...
[2026-09-26 21:46:52] ------------------------------------------------------
[2026-09-26 21:46:54] ------------------------------------------------------
[2026-09-26 21:46:54] 파일명 길이 136자 검사 중...
[2026-09-26 21:46:54] ------------------------------------------------------
[2026-09-26 21:46:55] ------------------------------------------------------
[2026-09-26 21:46:55] 파일명 길이 135자 검사 중...
[2026-09-26 21:46:55] ------------------------------------------------------
[2026-09-26 21:46:57] ------------------------------------------------------
[2026-09-26 21:46:57] 파일명 길이 134자 검사 중...
[2026-09-26 21:46:57] ------------------------------------------------------
[2026-09-26 21:46:59] ------------------------------------------------------
[2026-09-26 21:46:59] 파일명 길이 133자 검사 중...
[2026-09-26 21:46:59] ------------------------------------------------------
[2026-09-26 21:47:00] ------------------------------------------------------
[2026-09-26 21:47:00] 파일명 길이 132자 검사 중...
[2026-09-26 21:47:00] ------------------------------------------------------
[2026-09-26 21:47:17] ======================================================
[2026-09-26 21:47:17] 시작: 이미지 rename + 마크다운 참조 업데이트
[2026-09-26 21:47:17] 노트 디렉토리  : /home/lwh/Documents/001_Brain_Notes
[2026-09-26 21:47:17] 이미지 디렉토리: /home/lwh/Pictures/힣_Brain_Notes
[2026-09-26 21:47:17] ======================================================
[2026-09-26 21:47:17] 발견된 이미지 파일 수: 475
[2026-09-26 21:47:17] 
[2026-09-26 21:47:17] ------------------------------------------------------
[2026-09-26 21:47:17] 파일명 길이 50자 검사 중...
[2026-09-26 21:47:17] ------------------------------------------------------
[2026-09-26 21:47:19] ------------------------------------------------------
[2026-09-26 21:47:19] 파일명 길이 49자 검사 중...
[2026-09-26 21:47:19] ------------------------------------------------------
[2026-09-26 21:47:19] [0;36m검사: 꾸미기_고립효과,IsolatedEffect,혼자만의공간,둘이있으면왜싸울까,내몸전문가001.jpg (basename 49자)[0m
[2026-09-26 21:47:19]   [0;32m매칭된 마크다운 파일 수: 1[0m
[2026-09-26 21:47:19]   이름 변경: 꾸미기_고립효과,IsolatedEffect,혼자만의공간,둘이있으면왜싸울까,내몸전문가001.jpg → hrn8snytwceu_20260926214719.jpg
[2026-09-26 21:47:19]   ✓ 이미지 rename 완료
[2026-09-26 21:47:19]   ✓ 마크다운 업데이트: 고립 효과.md
[2026-09-26 21:47:20] ------------------------------------------------------
[2026-09-26 21:47:20] 파일명 길이 48자 검사 중...
[2026-09-26 21:47:20] ------------------------------------------------------
[2026-09-26 21:47:22] ------------------------------------------------------
[2026-09-26 21:47:22] 파일명 길이 47자 검사 중...
[2026-09-26 21:47:22] ------------------------------------------------------
[2026-09-26 21:47:23] ------------------------------------------------------
[2026-09-26 21:47:23] 파일명 길이 46자 검사 중...
[2026-09-26 21:47:23] ------------------------------------------------------
[2026-09-26 21:47:25] ------------------------------------------------------
[2026-09-26 21:47:25] 파일명 길이 45자 검사 중...
[2026-09-26 21:47:25] ------------------------------------------------------
[2026-09-26 21:47:27] ------------------------------------------------------
[2026-09-26 21:47:27] 파일명 길이 44자 검사 중...
[2026-09-26 21:47:27] ------------------------------------------------------
[2026-09-26 21:47:28] ------------------------------------------------------
[2026-09-26 21:47:28] 파일명 길이 43자 검사 중...
[2026-09-26 21:47:28] ------------------------------------------------------
[2026-09-26 21:47:30] ------------------------------------------------------
[2026-09-26 21:47:30] 파일명 길이 42자 검사 중...
[2026-09-26 21:47:30] ------------------------------------------------------
[2026-09-26 21:47:32] ------------------------------------------------------
[2026-09-26 21:47:32] 파일명 길이 41자 검사 중...
[2026-09-26 21:47:32] ------------------------------------------------------
[2026-09-26 21:47:32] [0;36m검사: 900＿file＿0000000072846246bba48ca6ad37a943.png (basename 41자)[0m
[2026-09-26 21:47:32]   [0;32m매칭된 마크다운 파일 수: 1[0m
[2026-09-26 21:47:32]   이름 변경: 900＿file＿0000000072846246bba48ca6ad37a943.png → 77sdutumvhuy_20260926214732.png
[2026-09-26 21:47:32]   ✓ 이미지 rename 완료
[2026-09-26 21:47:32]   ✓ 마크다운 업데이트: 파킨슨의 법칙.md
[2026-09-26 21:47:33] ------------------------------------------------------
[2026-09-26 21:47:33] 파일명 길이 40자 검사 중...
[2026-09-26 21:47:33] ------------------------------------------------------
[2026-09-26 21:47:34] [0;36m검사: d79bd320be8cb7eb1fecfb8a917f599e71d9eca4.jpg (basename 40자)[0m
[2026-09-26 21:47:34]   [0;32m매칭된 마크다운 파일 수: 1[0m
[2026-09-26 21:47:34]   이름 변경: d79bd320be8cb7eb1fecfb8a917f599e71d9eca4.jpg → ntf9h82svts3_20260926214734.jpg
[2026-09-26 21:47:34]   ✓ 이미지 rename 완료
[2026-09-26 21:47:34]   ✓ 마크다운 업데이트: 내면 아이.md
[2026-09-26 21:47:34] [0;36m검사: A4XSDLxQ1Ik5HKE9XycfA4XSDLxQ1Ik5HKE9Xycf.jpg (basename 40자)[0m
[2026-09-26 21:47:34]   [0;32m매칭된 마크다운 파일 수: 1[0m
[2026-09-26 21:47:34]   이름 변경: A4XSDLxQ1Ik5HKE9XycfA4XSDLxQ1Ik5HKE9Xycf.jpg → thpm7n388y8h_20260926214734.jpg
[2026-09-26 21:47:34]   ✓ 이미지 rename 완료
[2026-09-26 21:47:34]   ✓ 마크다운 업데이트: 감정인형 활용 내 친구 갸롱이 말랑이.md
[2026-09-26 21:47:34] [0;36m검사: 5c0c0f45-1542-4274-9dff-1d4b076ecfd2 (4).jpg (basename 40자)[0m
[2026-09-26 21:47:34]   [0;32m매칭된 마크다운 파일 수: 1[0m
[2026-09-26 21:47:34]   이름 변경: 5c0c0f45-1542-4274-9dff-1d4b076ecfd2 (4).jpg → sp3whtv67ae5_20260926214734.jpg
[2026-09-26 21:47:34]   ✓ 이미지 rename 완료
[2026-09-26 21:47:34]   ✓ 마크다운 업데이트: 좋은 어른의 품격.md
[2026-09-26 21:47:35] ------------------------------------------------------
[2026-09-26 21:47:35] 파일명 길이 39자 검사 중...
[2026-09-26 21:47:35] ------------------------------------------------------
[2026-09-26 21:47:35] [0;36m검사: Gemini_Generated_Image_8lkqpc8lkqpc8lkq.png (basename 39자)[0m
[2026-09-26 21:47:35]   [0;32m매칭된 마크다운 파일 수: 1[0m
[2026-09-26 21:47:35]   이름 변경: Gemini_Generated_Image_8lkqpc8lkqpc8lkq.png → smhfu5yrnme4_20260926214735.png
[2026-09-26 21:47:35]   ✓ 이미지 rename 완료
[2026-09-26 21:47:35]   ✓ 마크다운 업데이트: 가면 증후군.md
[2026-09-26 21:47:35] [0;36m검사: SE-744273ca-f60e-49bd-a48f-d07ce7b75bb6.jpg (basename 39자)[0m
[2026-09-26 21:47:35]   [0;32m매칭된 마크다운 파일 수: 1[0m
[2026-09-26 21:47:35]   이름 변경: SE-744273ca-f60e-49bd-a48f-d07ce7b75bb6.jpg → 8smraf4xs5r6_20260926214735.jpg
[2026-09-26 21:47:35]   ✓ 이미지 rename 완료
[2026-09-26 21:47:35]   ✓ 마크다운 업데이트: 오이디푸스 콤플렉스.md
[2026-09-26 21:47:36] [0;36m검사: SE-9c9811c9-7a7a-4c5b-b2ff-8eae632b6967.png (basename 39자)[0m
[2026-09-26 21:47:36]   [0;32m매칭된 마크다운 파일 수: 1[0m
[2026-09-26 21:47:36]   이름 변경: SE-9c9811c9-7a7a-4c5b-b2ff-8eae632b6967.png → 6rn8vfhkck9k_20260926214736.png
[2026-09-26 21:47:36]   ✓ 이미지 rename 완료
[2026-09-26 21:47:36]   ✓ 마크다운 업데이트: 조하리의 창.md
[2026-09-26 21:47:37] ------------------------------------------------------
[2026-09-26 21:47:37] 파일명 길이 38자 검사 중...
[2026-09-26 21:47:37] ------------------------------------------------------
[2026-09-26 21:47:37] [0;36m검사: ChatGPT Image Sep 6, 2026, 12_30_15 AM.png (basename 38자)[0m
[2026-09-26 21:47:37]   [0;32m매칭된 마크다운 파일 수: 2[0m
[2026-09-26 21:47:37]   이름 변경: ChatGPT Image Sep 6, 2026, 12_30_15 AM.png → evwm27xr3nnm_20260926214737.png
[2026-09-26 21:47:37]   ✓ 이미지 rename 완료
[2026-09-26 21:47:37]   ✓ 마크다운 업데이트: 궤적시리즈 인물 관계도.md
[2026-09-26 21:47:37]   ✓ 마크다운 업데이트: 궤적시리즈 인물 관계도.md
[2026-09-26 21:47:37] [0;36m검사: 79111b9e-9dd9-47dc-8a9a-f3c9b3fa3f23_1.png (basename 38자)[0m
[2026-09-26 21:47:37]   [0;32m매칭된 마크다운 파일 수: 1[0m
[2026-09-26 21:47:37]   이름 변경: 79111b9e-9dd9-47dc-8a9a-f3c9b3fa3f23_1.png → krk5p3vdhpxf_20260926214737.png
[2026-09-26 21:47:37]   ✓ 이미지 rename 완료
[2026-09-26 21:47:37]   ✓ 마크다운 업데이트: 카멜레온 효과.md
[2026-09-26 21:47:39] ------------------------------------------------------
[2026-09-26 21:47:39] 파일명 길이 37자 검사 중...
[2026-09-26 21:47:39] ------------------------------------------------------
[2026-09-26 21:47:39] [0;36m검사: 미니피시_IMG-666924829미니피시_IMG-1133566688.jpg (basename 37자)[0m
[2026-09-26 21:47:39]   [0;32m매칭된 마크다운 파일 수: 1[0m
[2026-09-26 21:47:39]   이름 변경: 미니피시_IMG-666924829미니피시_IMG-1133566688.jpg → m8kcunwb4eta_20260926214739.jpg
[2026-09-26 21:47:39]   ✓ 이미지 rename 완료
[2026-09-26 21:47:39]   ✓ 마크다운 업데이트: 미니PC.md
[2026-09-26 21:47:39] [0;36m검사: file_000000006ca08230a1314505d65017be.png (basename 37자)[0m
[2026-09-26 21:47:39]   [0;32m매칭된 마크다운 파일 수: 1[0m
[2026-09-26 21:47:39]   이름 변경: file_000000006ca08230a1314505d65017be.png → ykwmvfkaf2cb_20260926214739.png
[2026-09-26 21:47:39]   ✓ 이미지 rename 완료
[2026-09-26 21:47:39]   ✓ 마크다운 업데이트: 착한 아이 증후군.md
[2026-09-26 21:47:39] [0;36m검사: file_00000000c98c81f88a316db55baf29a5.png (basename 37자)[0m
[2026-09-26 21:47:39]   [0;32m매칭된 마크다운 파일 수: 1[0m
[2026-09-26 21:47:39]   이름 변경: file_00000000c98c81f88a316db55baf29a5.png → wmp4r645ya3m_20260926214739.png
[2026-09-26 21:47:39]   ✓ 이미지 rename 완료
[2026-09-26 21:47:39]   ✓ 마크다운 업데이트: 카인 컴플렉스.md
[2026-09-26 21:47:40] ------------------------------------------------------
[2026-09-26 21:47:40] 파일명 길이 36자 검사 중...
[2026-09-26 21:47:40] ------------------------------------------------------
[2026-09-26 21:47:41] [0;36m검사: 미니피시_IMG-665611981미니피시_IMG-721903490.jpg (basename 36자)[0m
[2026-09-26 21:47:41]   [0;32m매칭된 마크다운 파일 수: 1[0m
[2026-09-26 21:47:41]   이름 변경: 미니피시_IMG-665611981미니피시_IMG-721903490.jpg → f8623h3h69bp_20260926214741.jpg
[2026-09-26 21:47:41]   ✓ 이미지 rename 완료
[2026-09-26 21:47:41]   ✓ 마크다운 업데이트: 미니PC.md
[2026-09-26 21:47:41] [0;36m검사: f5be9d40-27ee-494f-933c-85931a1d92de.jpg (basename 36자)[0m
[2026-09-26 21:47:41]   [0;32m매칭된 마크다운 파일 수: 1[0m
[2026-09-26 21:47:41]   이름 변경: f5be9d40-27ee-494f-933c-85931a1d92de.jpg → ym85wm7gwf3t_20260926214741.jpg
[2026-09-26 21:47:41]   ✓ 이미지 rename 완료
[2026-09-26 21:47:41]   ✓ 마크다운 업데이트: 부채로 만든 세상 요약 - 신보성.md
[2026-09-26 21:47:41] [0;36m검사: 76f22bbf-4dbb-4a5c-8cc3-223b16ed0d97.jpg (basename 36자)[0m
[2026-09-26 21:47:41]   [0;32m매칭된 마크다운 파일 수: 1[0m
[2026-09-26 21:47:41]   이름 변경: 76f22bbf-4dbb-4a5c-8cc3-223b16ed0d97.jpg → 95u2uga54sfh_20260926214741.jpg
[2026-09-26 21:47:41]   ✓ 이미지 rename 완료
[2026-09-26 21:47:41]   ✓ 마크다운 업데이트: 주변에 좋은 사람을 만나자.md
[2026-09-26 21:47:41] [0;36m검사: e9b2053d-8b3d-4b06-8d84-1e8856757229.jpg (basename 36자)[0m
[2026-09-26 21:47:41]   [0;32m매칭된 마크다운 파일 수: 1[0m
[2026-09-26 21:47:41]   이름 변경: e9b2053d-8b3d-4b06-8d84-1e8856757229.jpg → 5nacrah552ag_20260926214741.jpg
[2026-09-26 21:47:41]   ✓ 이미지 rename 완료
[2026-09-26 21:47:41]   ✓ 마크다운 업데이트: 죄수의 딜레마.md
[2026-09-26 21:47:41] [0;36m검사: ac6476cb-cf8f-4f51-90f6-a0d211f72b51.jpg (basename 36자)[0m
[2026-09-26 21:47:41]   [0;32m매칭된 마크다운 파일 수: 1[0m
[2026-09-26 21:47:41]   이름 변경: ac6476cb-cf8f-4f51-90f6-a0d211f72b51.jpg → eb5c47sgv2yt_20260926214741.jpg
[2026-09-26 21:47:41]   ✓ 이미지 rename 완료
[2026-09-26 21:47:41]   ✓ 마크다운 업데이트: 지식의 저주.md
[2026-09-26 21:47:41] [0;36m검사: be988eb2-fec7-4176-9679-ad82759a490c.jpg (basename 36자)[0m
[2026-09-26 21:47:41]   [0;32m매칭된 마크다운 파일 수: 1[0m
[2026-09-26 21:47:41]   이름 변경: be988eb2-fec7-4176-9679-ad82759a490c.jpg → s6up9xcs8krr_20260926214741.jpg
[2026-09-26 21:47:41]   ✓ 이미지 rename 완료
[2026-09-26 21:47:41]   ✓ 마크다운 업데이트: 자격지심.md
[2026-09-26 21:47:42] ------------------------------------------------------
[2026-09-26 21:47:42] 파일명 길이 35자 검사 중...
[2026-09-26 21:47:42] ------------------------------------------------------
[2026-09-26 21:47:42] [0;36m검사: Screenshot_20260808_104929_Obsidian.jpg (basename 35자)[0m
[2026-09-26 21:47:42]   [0;32m매칭된 마크다운 파일 수: 1[0m
[2026-09-26 21:47:42]   이름 변경: Screenshot_20260808_104929_Obsidian.jpg → 6smh7gyr5pbe_20260926214742.jpg
[2026-09-26 21:47:42]   ✓ 이미지 rename 완료
[2026-09-26 21:47:42]   ✓ 마크다운 업데이트: 회복 탄력성.md
[2026-09-26 21:47:42] [0;36m검사: Screenshot_20260808_105158_Obsidian.jpg (basename 35자)[0m
[2026-09-26 21:47:42]   [0;32m매칭된 마크다운 파일 수: 1[0m
[2026-09-26 21:47:42]   이름 변경: Screenshot_20260808_105158_Obsidian.jpg → k6hxa9rr7ahg_20260926214742.jpg
[2026-09-26 21:47:42]   ✓ 이미지 rename 완료
[2026-09-26 21:47:42]   ✓ 마크다운 업데이트: 보보인형 실험.md
[2026-09-26 21:47:42] [0;36m검사: Screenshot_20260808_104736_Obsidian.jpg (basename 35자)[0m
[2026-09-26 21:47:42]   [0;32m매칭된 마크다운 파일 수: 1[0m
[2026-09-26 21:47:42]   이름 변경: Screenshot_20260808_104736_Obsidian.jpg → rk4fkkxkm7ex_20260926214742.jpg
[2026-09-26 21:47:42]   ✓ 이미지 rename 완료
[2026-09-26 21:47:42]   ✓ 마크다운 업데이트: 고슴도치 딜레마.md
[2026-09-26 21:47:43] [0;36m검사: Screenshot_20260808_105305_Obsidian.jpg (basename 35자)[0m
[2026-09-26 21:47:43]   [0;32m매칭된 마크다운 파일 수: 1[0m
[2026-09-26 21:47:43]   이름 변경: Screenshot_20260808_105305_Obsidian.jpg → vh3f9getpahf_20260926214743.jpg
[2026-09-26 21:47:43]   ✓ 이미지 rename 완료
[2026-09-26 21:47:43]   ✓ 마크다운 업데이트: 강박장애.md
[2026-09-26 21:47:43] [0;36m검사: Screenshot_20260808_113536_Obsidian.jpg (basename 35자)[0m
[2026-09-26 21:47:43]   [0;32m매칭된 마크다운 파일 수: 1[0m
[2026-09-26 21:47:43]   이름 변경: Screenshot_20260808_113536_Obsidian.jpg → ywgygky6uh6u_20260926214743.jpg
[2026-09-26 21:47:43]   ✓ 이미지 rename 완료
[2026-09-26 21:47:43]   ✓ 마크다운 업데이트: 쿠바드 증후군.md
[2026-09-26 21:47:44] ------------------------------------------------------
[2026-09-26 21:47:44] 파일명 길이 34자 검사 중...
[2026-09-26 21:47:44] ------------------------------------------------------
[2026-09-26 21:47:44] [0;36m검사: Screenshot_20260416_210026_YouTube.jpg (basename 34자)[0m
[2026-09-26 21:47:44]   [0;32m매칭된 마크다운 파일 수: 1[0m
[2026-09-26 21:47:44]   이름 변경: Screenshot_20260416_210026_YouTube.jpg → r4k7xwtycx89_20260926214744.jpg
[2026-09-26 21:47:44]   ✓ 이미지 rename 완료
[2026-09-26 21:47:44]   ✓ 마크다운 업데이트: btrfs 설정 리눅스 설치시.md
[2026-09-26 21:47:44] [0;36m검사: Screenshot_20260416_205940_YouTube.jpg (basename 34자)[0m
[2026-09-26 21:47:44]   [0;32m매칭된 마크다운 파일 수: 1[0m
[2026-09-26 21:47:44]   이름 변경: Screenshot_20260416_205940_YouTube.jpg → 63ep6dv7u9dv_20260926214744.jpg
[2026-09-26 21:47:44]   ✓ 이미지 rename 완료
[2026-09-26 21:47:44]   ✓ 마크다운 업데이트: btrfs 설정 리눅스 설치시.md
[2026-09-26 21:47:44] [0;36m검사: Screenshot_20260826_002852_Firefox.jpg (basename 34자)[0m
[2026-09-26 21:47:44]   [0;32m매칭된 마크다운 파일 수: 1[0m
[2026-09-26 21:47:44]   이름 변경: Screenshot_20260826_002852_Firefox.jpg → 4evycurkkk7n_20260926214744.jpg
[2026-09-26 21:47:44]   ✓ 이미지 rename 완료
[2026-09-26 21:47:44]   ✓ 마크다운 업데이트: 감정 분리.md
[2026-09-26 21:47:44] [0;36m검사: Screenshot_20260808_111509_Brave_1.jpg (basename 34자)[0m
[2026-09-26 21:47:44]   [0;32m매칭된 마크다운 파일 수: 1[0m
[2026-09-26 21:47:44]   이름 변경: Screenshot_20260808_111509_Brave_1.jpg → m2t576k2kmd4_20260926214744.jpg
[2026-09-26 21:47:44]   ✓ 이미지 rename 완료
[2026-09-26 21:47:44]   ✓ 마크다운 업데이트: 스마일 마스크 증후군.md
[2026-09-26 21:47:44] [0;36m검사: Screenshot_20260826_002737_Firefox.jpg (basename 34자)[0m
[2026-09-26 21:47:44]   [0;32m매칭된 마크다운 파일 수: 1[0m
[2026-09-26 21:47:44]   이름 변경: Screenshot_20260826_002737_Firefox.jpg → s59tk8yp6dx2_20260926214744.jpg
[2026-09-26 21:47:44]   ✓ 이미지 rename 완료
[2026-09-26 21:47:44]   ✓ 마크다운 업데이트: 번아웃 증후군.md
[2026-09-26 21:47:44] [0;36m검사: Screenshot_20260824_042046_Firefox.jpg (basename 34자)[0m
[2026-09-26 21:47:44]   [0;32m매칭된 마크다운 파일 수: 1[0m
[2026-09-26 21:47:44]   이름 변경: Screenshot_20260824_042046_Firefox.jpg → aw2u87vcu6g4_20260926214744.jpg
[2026-09-26 21:47:44]   ✓ 이미지 rename 완료
[2026-09-26 21:47:44]   ✓ 마크다운 업데이트: 자기 우월감.md
[2026-09-26 21:47:44] [0;36m검사: Screenshot_20260808_220517_Copilot.jpg (basename 34자)[0m
[2026-09-26 21:47:44]   [0;32m매칭된 마크다운 파일 수: 1[0m
[2026-09-26 21:47:44]   이름 변경: Screenshot_20260808_220517_Copilot.jpg → h7k9sa7eucwy_20260926214744.jpg
[2026-09-26 21:47:44]   ✓ 이미지 rename 완료
[2026-09-26 21:47:44]   ✓ 마크다운 업데이트: 피클볼.md
[2026-09-26 21:47:44] [0;36m검사: Screenshot_20260821_143506_Firefox.jpg (basename 34자)[0m
[2026-09-26 21:47:44]   [0;32m매칭된 마크다운 파일 수: 1[0m
[2026-09-26 21:47:44]   이름 변경: Screenshot_20260821_143506_Firefox.jpg → t9byk4bd8cpy_20260926214744.jpg
[2026-09-26 21:47:44]   ✓ 이미지 rename 완료
[2026-09-26 21:47:44]   ✓ 마크다운 업데이트: 감정인형 활용.md
[2026-09-26 21:47:44] [0;36m검사: Screenshot_20260617_234258_Firefox.jpg (basename 34자)[0m
[2026-09-26 21:47:44]   [0;32m매칭된 마크다운 파일 수: 1[0m
[2026-09-26 21:47:44]   이름 변경: Screenshot_20260617_234258_Firefox.jpg → 9rr79bdkfn4t_20260926214744.jpg
[2026-09-26 21:47:44]   ✓ 이미지 rename 완료
[2026-09-26 21:47:44]   ✓ 마크다운 업데이트: 나의 투자 전략.md
[2026-09-26 21:47:44] [0;36m검사: Screenshot_20260416_210340_YouTube.jpg (basename 34자)[0m
[2026-09-26 21:47:45]   [0;32m매칭된 마크다운 파일 수: 1[0m
[2026-09-26 21:47:45]   이름 변경: Screenshot_20260416_210340_YouTube.jpg → 29c7cnxhbnm9_20260926214744.jpg
[2026-09-26 21:47:45]   ✓ 이미지 rename 완료
[2026-09-26 21:47:45]   ✓ 마크다운 업데이트: btrfs 설정 리눅스 설치시.md
[2026-09-26 21:47:45] [0;36m검사: Screenshot_20260901_125437_Firefox.jpg (basename 34자)[0m
[2026-09-26 21:47:45]   [0;32m매칭된 마크다운 파일 수: 1[0m
[2026-09-26 21:47:45]   이름 변경: Screenshot_20260901_125437_Firefox.jpg → svpb79wdpnra_20260926214745.jpg
[2026-09-26 21:47:45]   ✓ 이미지 rename 완료
[2026-09-26 21:47:45]   ✓ 마크다운 업데이트: 동조 효과.md
[2026-09-26 21:47:45] [0;36m검사: Screenshot_20260106_214001_Firefox.jpg (basename 34자)[0m
[2026-09-26 21:47:45]   [0;32m매칭된 마크다운 파일 수: 1[0m
[2026-09-26 21:47:45]   이름 변경: Screenshot_20260106_214001_Firefox.jpg → t378buaw2ur3_20260926214745.jpg
[2026-09-26 21:47:45]   ✓ 이미지 rename 완료
[2026-09-26 21:47:45]   ✓ 마크다운 업데이트: 나의 KT APN 설정.md
[2026-09-26 21:47:45] [0;36m검사: Screenshot_20260824_191502_Firefox.jpg (basename 34자)[0m
[2026-09-26 21:47:45]   [0;32m매칭된 마크다운 파일 수: 1[0m
[2026-09-26 21:47:45]   이름 변경: Screenshot_20260824_191502_Firefox.jpg → cb8856v4psvv_20260926214745.jpg
[2026-09-26 21:47:45]   ✓ 이미지 rename 완료
[2026-09-26 21:47:45]   ✓ 마크다운 업데이트: 섭식장애.md
[2026-09-26 21:47:45] [0;36m검사: Screenshot_20260904_080809_Firefox.jpg (basename 34자)[0m
[2026-09-26 21:47:45]   [0;32m매칭된 마크다운 파일 수: 1[0m
[2026-09-26 21:47:45]   이름 변경: Screenshot_20260904_080809_Firefox.jpg → vp6whggd4hp8_20260926214745.jpg
[2026-09-26 21:47:45]   ✓ 이미지 rename 완료
[2026-09-26 21:47:45]   ✓ 마크다운 업데이트: 통제 욕구.md
[2026-09-26 21:47:45] [0;36m검사: Screenshot_20260416_205505_YouTube.jpg (basename 34자)[0m
[2026-09-26 21:47:45]   [0;32m매칭된 마크다운 파일 수: 1[0m
[2026-09-26 21:47:45]   이름 변경: Screenshot_20260416_205505_YouTube.jpg → 8f8skwb6sbdh_20260926214745.jpg
[2026-09-26 21:47:45]   ✓ 이미지 rename 완료
[2026-09-26 21:47:45]   ✓ 마크다운 업데이트: btrfs 설정 리눅스 설치시.md
[2026-09-26 21:47:45] [0;36m검사: Screenshot_20260924_132710_Firefox.jpg (basename 34자)[0m
[2026-09-26 21:47:45]   [0;32m매칭된 마크다운 파일 수: 1[0m
[2026-09-26 21:47:45]   이름 변경: Screenshot_20260924_132710_Firefox.jpg → ckgmdmfycc8d_20260926214745.jpg
[2026-09-26 21:47:45]   ✓ 이미지 rename 완료
[2026-09-26 21:47:45]   ✓ 마크다운 업데이트: 나의 HEXACO 검사 결과.md
[2026-09-26 21:47:45] [0;36m검사: Screenshot_20260926_010149_Firefox.jpg (basename 34자)[0m
[2026-09-26 21:47:45]   [0;32m매칭된 마크다운 파일 수: 1[0m
[2026-09-26 21:47:45]   이름 변경: Screenshot_20260926_010149_Firefox.jpg → v6r588abasvt_20260926214745.jpg
[2026-09-26 21:47:45]   ✓ 이미지 rename 완료
[2026-09-26 21:47:45]   ✓ 마크다운 업데이트: 파이어 엠블렘 만자천홍 세계관.md
[2026-09-26 21:47:46] ------------------------------------------------------
[2026-09-26 21:47:46] 파일명 길이 33자 검사 중...
[2026-09-26 21:47:46] ------------------------------------------------------
[2026-09-26 21:47:46] [0;36m검사: Screenshot_20260901_110619_Google.jpg (basename 33자)[0m
[2026-09-26 21:47:46]   [0;32m매칭된 마크다운 파일 수: 1[0m
[2026-09-26 21:47:46]   이름 변경: Screenshot_20260901_110619_Google.jpg → sr3pbtkb7s9v_20260926214746.jpg
[2026-09-26 21:47:46]   ✓ 이미지 rename 완료
[2026-09-26 21:47:46]   ✓ 마크다운 업데이트: 프레이밍.md
[2026-09-26 21:47:46] [0;36m검사: Screenshot_20260901_083032_Google.png (basename 33자)[0m
[2026-09-26 21:47:46]   [0;32m매칭된 마크다운 파일 수: 1[0m
[2026-09-26 21:47:46]   이름 변경: Screenshot_20260901_083032_Google.png → td6sn3msvbb2_20260926214746.png
[2026-09-26 21:47:46]   ✓ 이미지 rename 완료
[2026-09-26 21:47:46]   ✓ 마크다운 업데이트: 설득의 수사학.md
[2026-09-26 21:47:46] [0;36m검사: Screenshot_20260825_103249_Google.jpg (basename 33자)[0m
[2026-09-26 21:47:46]   [0;32m매칭된 마크다운 파일 수: 1[0m
[2026-09-26 21:47:46]   이름 변경: Screenshot_20260825_103249_Google.jpg → px8h7cwm6s8y_20260926214746.jpg
[2026-09-26 21:47:46]   ✓ 이미지 rename 완료
[2026-09-26 21:47:46]   ✓ 마크다운 업데이트: 인간주의적 오류.md
[2026-09-26 21:47:46] [0;36m검사: Screenshot_20260208_002207_Google.jpg (basename 33자)[0m
[2026-09-26 21:47:46]   [0;32m매칭된 마크다운 파일 수: 1[0m
[2026-09-26 21:47:46]   이름 변경: Screenshot_20260208_002207_Google.jpg → vwpk3dvgv8t8_20260926214746.jpg
[2026-09-26 21:47:46]   ✓ 이미지 rename 완료
[2026-09-26 21:47:46]   ✓ 마크다운 업데이트: 목표 몸무게.md
[2026-09-26 21:47:46] [0;36m검사: midnight-release-v0-aysoe51jygmh1.jpeg (basename 33자)[0m
[2026-09-26 21:47:46]   [0;32m매칭된 마크다운 파일 수: 1[0m
[2026-09-26 21:47:46]   이름 변경: midnight-release-v0-aysoe51jygmh1.jpeg → uaembb8nx2w6_20260926214746.jpeg
[2026-09-26 21:47:46]   ✓ 이미지 rename 완료
[2026-09-26 21:47:46]   ✓ 마크다운 업데이트: 낭만에 대한 그리움.md
[2026-09-26 21:47:46] [0;36m검사: Screenshot_20260901_133927_Google.jpg (basename 33자)[0m
[2026-09-26 21:47:46]   [0;32m매칭된 마크다운 파일 수: 1[0m
[2026-09-26 21:47:46]   이름 변경: Screenshot_20260901_133927_Google.jpg → 9v4u6u5udsde_20260926214746.jpg
[2026-09-26 21:47:46]   ✓ 이미지 rename 완료
[2026-09-26 21:47:46]   ✓ 마크다운 업데이트: 광합성의 양자 중첩.md
[2026-09-26 21:47:46] [0;36m검사: Screenshot_20260815_214851_Google.jpg (basename 33자)[0m
[2026-09-26 21:47:46]   [0;32m매칭된 마크다운 파일 수: 1[0m
[2026-09-26 21:47:46]   이름 변경: Screenshot_20260815_214851_Google.jpg → gh6eg5dprp86_20260926214746.jpg
[2026-09-26 21:47:46]   ✓ 이미지 rename 완료
[2026-09-26 21:47:46]   ✓ 마크다운 업데이트: 미시 입자에서 세포까지.md
[2026-09-26 21:47:46] [0;36m검사: Screenshot_20260901_130320_Google.jpg (basename 33자)[0m
[2026-09-26 21:47:47]   [0;32m매칭된 마크다운 파일 수: 1[0m
[2026-09-26 21:47:47]   이름 변경: Screenshot_20260901_130320_Google.jpg → s4g9243s7rdr_20260926214747.jpg
[2026-09-26 21:47:47]   ✓ 이미지 rename 완료
[2026-09-26 21:47:47]   ✓ 마크다운 업데이트: 내집단 편향.md
[2026-09-26 21:47:47] [0;36m검사: Screenshot_20260825_101414_Google.jpg (basename 33자)[0m
[2026-09-26 21:47:47]   [0;32m매칭된 마크다운 파일 수: 1[0m
[2026-09-26 21:47:47]   이름 변경: Screenshot_20260825_101414_Google.jpg → unb4988kp5ey_20260926214747.jpg
[2026-09-26 21:47:47]   ✓ 이미지 rename 완료
[2026-09-26 21:47:47]   ✓ 마크다운 업데이트: 부작위 편향.md
[2026-09-26 21:47:47] [0;36m검사: Screenshot_20260813_122929_Google.jpg (basename 33자)[0m
[2026-09-26 21:47:47]   [0;32m매칭된 마크다운 파일 수: 1[0m
[2026-09-26 21:47:47]   이름 변경: Screenshot_20260813_122929_Google.jpg → re8pmxyv5bxw_20260926214747.jpg
[2026-09-26 21:47:47]   ✓ 이미지 rename 완료
[2026-09-26 21:47:47]   ✓ 마크다운 업데이트: 나 먼저 원리.md
[2026-09-26 21:47:47] [0;36m검사: Screenshot_20260901_133255_Google.jpg (basename 33자)[0m
[2026-09-26 21:47:47]   [0;32m매칭된 마크다운 파일 수: 1[0m
[2026-09-26 21:47:47]   이름 변경: Screenshot_20260901_133255_Google.jpg → n7wdfw2yw5ad_20260926214747.jpg
[2026-09-26 21:47:47]   ✓ 이미지 rename 완료
[2026-09-26 21:47:47]   ✓ 마크다운 업데이트: 효소의 양자 터널링.md
[2026-09-26 21:47:47] [0;36m검사: Screenshot_20260915_015432_Google.jpg (basename 33자)[0m
[2026-09-26 21:47:47]   [0;32m매칭된 마크다운 파일 수: 1[0m
[2026-09-26 21:47:47]   이름 변경: Screenshot_20260915_015432_Google.jpg → d6gmft9krkwb_20260926214747.jpg
[2026-09-26 21:47:47]   ✓ 이미지 rename 완료
[2026-09-26 21:47:47]   ✓ 마크다운 업데이트: 상속포기 한정승인.md
[2026-09-26 21:47:47] [0;36m검사: Screenshot_20260918_131706_Claude.jpg (basename 33자)[0m
[2026-09-26 21:47:47]   [0;32m매칭된 마크다운 파일 수: 1[0m
[2026-09-26 21:47:47]   이름 변경: Screenshot_20260918_131706_Claude.jpg → kgmybd6fvem9_20260926214747.jpg
[2026-09-26 21:47:47]   ✓ 이미지 rename 완료
[2026-09-26 21:47:47]   ✓ 마크다운 업데이트: 원피스 스토리 요약.md
[2026-09-26 21:47:47] [0;36m검사: Screenshot_20260918_195022_Google.jpg (basename 33자)[0m
[2026-09-26 21:47:47]   [0;32m매칭된 마크다운 파일 수: 1[0m
[2026-09-26 21:47:47]   이름 변경: Screenshot_20260918_195022_Google.jpg → n2vrug4k6fww_20260926214747.jpg
[2026-09-26 21:47:47]   ✓ 이미지 rename 완료
[2026-09-26 21:47:47]   ✓ 마크다운 업데이트: 반물질.md
[2026-09-26 21:47:48] ------------------------------------------------------
[2026-09-26 21:47:48] 파일명 길이 32자 검사 중...
[2026-09-26 21:47:48] ------------------------------------------------------
[2026-09-26 21:47:48] [0;36m검사: 3240f7080149a9cdd3490bb994def5fb.jpg (basename 32자)[0m
[2026-09-26 21:47:48]   [0;32m매칭된 마크다운 파일 수: 1[0m
[2026-09-26 21:47:48]   이름 변경: 3240f7080149a9cdd3490bb994def5fb.jpg → mwn62s69csny_20260926214748.jpg
[2026-09-26 21:47:48]   ✓ 이미지 rename 완료
[2026-09-26 21:47:48]   ✓ 마크다운 업데이트: 펫로스 증후군.md
[2026-09-26 21:47:48] [0;36m검사: 1fc68abe094837c6741716914d1fa674.jpg (basename 32자)[0m
[2026-09-26 21:47:48]   [0;32m매칭된 마크다운 파일 수: 1[0m
[2026-09-26 21:47:48]   이름 변경: 1fc68abe094837c6741716914d1fa674.jpg → 4u2rms2rg6ck_20260926214748.jpg
[2026-09-26 21:47:48]   ✓ 이미지 rename 완료
[2026-09-26 21:47:48]   ✓ 마크다운 업데이트: 플스 엑박 스위치 - 패드별 키 배열.md
[2026-09-26 21:47:48] [0;36m검사: Screenshot_20260808_110851_Brave.jpg (basename 32자)[0m
[2026-09-26 21:47:48]   [0;32m매칭된 마크다운 파일 수: 1[0m
[2026-09-26 21:47:48]   이름 변경: Screenshot_20260808_110851_Brave.jpg → gsfect2fvpfa_20260926214748.jpg
[2026-09-26 21:47:48]   ✓ 이미지 rename 완료
[2026-09-26 21:47:48]   ✓ 마크다운 업데이트: 귀인이론.md
[2026-09-26 21:47:48] [0;36m검사: Screenshot_20260808_115234_Brave.jpg (basename 32자)[0m
[2026-09-26 21:47:48]   [0;32m매칭된 마크다운 파일 수: 1[0m
[2026-09-26 21:47:48]   이름 변경: Screenshot_20260808_115234_Brave.jpg → fgkxe7tkvh3s_20260926214748.jpg
[2026-09-26 21:47:48]   ✓ 이미지 rename 완료
[2026-09-26 21:47:48]   ✓ 마크다운 업데이트: 루시퍼 효과.md
[2026-09-26 21:47:48] [0;36m검사: Screenshot_20260816_130653_Brave.jpg (basename 32자)[0m
[2026-09-26 21:47:48]   [0;32m매칭된 마크다운 파일 수: 1[0m
[2026-09-26 21:47:48]   이름 변경: Screenshot_20260816_130653_Brave.jpg → k5nbd7ry9673_20260926214748.jpg
[2026-09-26 21:47:48]   ✓ 이미지 rename 완료
[2026-09-26 21:47:48]   ✓ 마크다운 업데이트: 혐오 치료.md
[2026-09-26 21:47:48] [0;36m검사: Screenshot_20260808_111316_Brave.jpg (basename 32자)[0m
[2026-09-26 21:47:48]   [0;32m매칭된 마크다운 파일 수: 1[0m
[2026-09-26 21:47:48]   이름 변경: Screenshot_20260808_111316_Brave.jpg → wep5u7bgvnba_20260926214748.jpg
[2026-09-26 21:47:48]   ✓ 이미지 rename 완료
[2026-09-26 21:47:48]   ✓ 마크다운 업데이트: 램프 증후군.md
[2026-09-26 21:47:48] [0;36m검사: cb7360fbe79c7d5bb4abc3303b9965c2.jpg (basename 32자)[0m
[2026-09-26 21:47:48]   [0;32m매칭된 마크다운 파일 수: 1[0m
[2026-09-26 21:47:48]   이름 변경: cb7360fbe79c7d5bb4abc3303b9965c2.jpg → ebxh5abvw64u_20260926214748.jpg
[2026-09-26 21:47:48]   ✓ 이미지 rename 완료
[2026-09-26 21:47:48]   ✓ 마크다운 업데이트: 초정상 자극.md
[2026-09-26 21:47:48] [0;36m검사: Screenshot_20260829_123425_Brave.jpg (basename 32자)[0m
[2026-09-26 21:47:48]   [0;32m매칭된 마크다운 파일 수: 1[0m
[2026-09-26 21:47:48]   이름 변경: Screenshot_20260829_123425_Brave.jpg → m8b5a6g6u7vg_20260926214748.jpg
[2026-09-26 21:47:48]   ✓ 이미지 rename 완료
[2026-09-26 21:47:48]   ✓ 마크다운 업데이트: SkyRoad (1993).md
[2026-09-26 21:47:50] ------------------------------------------------------
[2026-09-26 21:47:50] 파일명 길이 31자 검사 중...
[2026-09-26 21:47:50] ------------------------------------------------------
[2026-09-26 21:47:51] ------------------------------------------------------
[2026-09-26 21:47:51] 파일명 길이 30자 검사 중...
[2026-09-26 21:47:51] ------------------------------------------------------
[2026-09-26 21:47:51] [0;36m검사: gettyimages-1083714260-580x387.jpg (basename 30자)[0m
[2026-09-26 21:47:51]   [0;32m매칭된 마크다운 파일 수: 1[0m
[2026-09-26 21:47:51]   이름 변경: gettyimages-1083714260-580x387.jpg → by2r77s9e959_20260926214751.jpg
[2026-09-26 21:47:51]   ✓ 이미지 rename 완료
[2026-09-26 21:47:51]   ✓ 마크다운 업데이트: 대인기피증.md
[2026-09-26 21:47:52] [0;36m검사: 252pp307dvbm1rc_20260926211215.jpg (basename 30자)[0m
[2026-09-26 21:47:53]   [0;32m매칭된 마크다운 파일 수: 1[0m
[2026-09-26 21:47:53]   이름 변경: 252pp307dvbm1rc_20260926211215.jpg → 2rk5xkmwe7y5_20260926214752.jpg
[2026-09-26 21:47:53]   ✓ 이미지 rename 완료
[2026-09-26 21:47:53]   ✓ 마크다운 업데이트: 나의 공과금 - 한국전력 전기.md
[2026-09-26 21:47:53] [0;36m검사: wl20uq2u21hbu4d_20260926211215.png (basename 30자)[0m
[2026-09-26 21:47:53]   [0;32m매칭된 마크다운 파일 수: 1[0m
[2026-09-26 21:47:53]   이름 변경: wl20uq2u21hbu4d_20260926211215.png → em7ty63tggsn_20260926214753.png
[2026-09-26 21:47:53]   ✓ 이미지 rename 완료
[2026-09-26 21:47:53]   ✓ 마크다운 업데이트: 통제 가능한 것에 집중하기.md
[2026-09-26 21:47:53] [0;36m검사: mdnzj1gk94bqd6v_20260926211215.png (basename 30자)[0m
[2026-09-26 21:47:53]   [0;32m매칭된 마크다운 파일 수: 1[0m
[2026-09-26 21:47:53]   이름 변경: mdnzj1gk94bqd6v_20260926211215.png → 58sbpfyg3hw5_20260926214753.png
[2026-09-26 21:47:53]   ✓ 이미지 rename 완료
[2026-09-26 21:47:53]   ✓ 마크다운 업데이트: 감정 절약.md
[2026-09-26 21:47:53] [0;36m검사: lrisrrj6puw8oje_20260926211215.png (basename 30자)[0m
[2026-09-26 21:47:53]   [0;32m매칭된 마크다운 파일 수: 1[0m
[2026-09-26 21:47:53]   이름 변경: lrisrrj6puw8oje_20260926211215.png → a56c3vbagt5x_20260926214753.png
[2026-09-26 21:47:53]   ✓ 이미지 rename 완료
[2026-09-26 21:47:53]   ✓ 마크다운 업데이트: 망상장애.md
[2026-09-26 21:47:53] [0;36m검사: c12bqb7b4krqje8_20260926211215.png (basename 30자)[0m
[2026-09-26 21:47:53]   [0;32m매칭된 마크다운 파일 수: 1[0m
[2026-09-26 21:47:53]   이름 변경: c12bqb7b4krqje8_20260926211215.png → mxd6fcwxgae2_20260926214753.png
[2026-09-26 21:47:53]   ✓ 이미지 rename 완료
[2026-09-26 21:47:53]   ✓ 마크다운 업데이트: 방어 기제.md
[2026-09-26 21:47:53] [0;36m검사: sfztd0k4z4pqcws_20260926211215.jpg (basename 30자)[0m
[2026-09-26 21:47:53]   [0;32m매칭된 마크다운 파일 수: 1[0m
[2026-09-26 21:47:53]   이름 변경: sfztd0k4z4pqcws_20260926211215.jpg → mgr5e4dtatef_20260926214753.jpg
[2026-09-26 21:47:53]   ✓ 이미지 rename 완료
[2026-09-26 21:47:53]   ✓ 마크다운 업데이트: 공유지의 비극.md
[2026-09-26 21:47:53] [0;36m검사: ulrg1x7juoa0r9z_20260926211215.png (basename 30자)[0m
[2026-09-26 21:47:53]   [0;32m매칭된 마크다운 파일 수: 1[0m
[2026-09-26 21:47:53]   이름 변경: ulrg1x7juoa0r9z_20260926211215.png → atmka3x8v4nb_20260926214753.png
[2026-09-26 21:47:53]   ✓ 이미지 rename 완료
[2026-09-26 21:47:53]   ✓ 마크다운 업데이트: 인지 부조화 이론.md
[2026-09-26 21:47:53] [0;36m검사: gijxdu416y3f29a_20260926211215.jpg (basename 30자)[0m
[2026-09-26 21:47:53]   [0;32m매칭된 마크다운 파일 수: 1[0m
[2026-09-26 21:47:53]   이름 변경: gijxdu416y3f29a_20260926211215.jpg → b63ee37v823e_20260926214753.jpg
[2026-09-26 21:47:53]   ✓ 이미지 rename 완료
[2026-09-26 21:47:53]   ✓ 마크다운 업데이트: 스트룹 효과.md
[2026-09-26 21:47:53] [0;36m검사: 1fr4t0akfdxfinf_20260926211215.png (basename 30자)[0m
[2026-09-26 21:47:53]   [0;32m매칭된 마크다운 파일 수: 1[0m
[2026-09-26 21:47:53]   이름 변경: 1fr4t0akfdxfinf_20260926211215.png → hu9gca32wrh7_20260926214753.png
[2026-09-26 21:47:53]   ✓ 이미지 rename 완료
[2026-09-26 21:47:53]   ✓ 마크다운 업데이트: 유사성 효과.md
[2026-09-26 21:47:53] [0;36m검사: zxls8dm0ksasmr5_20260926211218.jpg (basename 30자)[0m
[2026-09-26 21:47:53]   [0;32m매칭된 마크다운 파일 수: 1[0m
[2026-09-26 21:47:53]   이름 변경: zxls8dm0ksasmr5_20260926211218.jpg → rfhweu2kau75_20260926214753.jpg
[2026-09-26 21:47:53]   ✓ 이미지 rename 완료
[2026-09-26 21:47:53]   ✓ 마크다운 업데이트: 걸맞추기 원리.md
[2026-09-26 21:47:53] [0;36m검사: 295hm8rjf3ijeph_20260926211220.webp (basename 30자)[0m
[2026-09-26 21:47:53]   [0;32m매칭된 마크다운 파일 수: 1[0m
[2026-09-26 21:47:53]   이름 변경: 295hm8rjf3ijeph_20260926211220.webp → xrhfrx5vbcrg_20260926214753.webp
[2026-09-26 21:47:53]   ✓ 이미지 rename 완료
[2026-09-26 21:47:53]   ✓ 마크다운 업데이트: GRUB rescue  repairing your Bootloader.md
[2026-09-26 21:47:53] ------------------------------------------------------
[2026-09-26 21:47:53] 파일명 길이 29자 검사 중...
[2026-09-26 21:47:53] ------------------------------------------------------
[2026-09-26 21:47:53] [0;36m검사: 20220405_클라인펠터증후군_외모가_어떻길래_01.jpg (basename 29자)[0m
[2026-09-26 21:47:53]   [0;32m매칭된 마크다운 파일 수: 1[0m
[2026-09-26 21:47:53]   이름 변경: 20220405_클라인펠터증후군_외모가_어떻길래_01.jpg → ean824n9m3wa_20260926214753.jpg
[2026-09-26 21:47:53]   ✓ 이미지 rename 완료
[2026-09-26 21:47:53]   ✓ 마크다운 업데이트: 클라인펠터 증후군.md
[2026-09-26 21:47:53] [0;36m검사: 미니피시_IMG-1732875833400f66f48d.jpg (basename 29자)[0m
[2026-09-26 21:47:53]   [0;32m매칭된 마크다운 파일 수: 1[0m
[2026-09-26 21:47:53]   이름 변경: 미니피시_IMG-1732875833400f66f48d.jpg → ak9e53dkstbg_20260926214753.jpg
[2026-09-26 21:47:53]   ✓ 이미지 rename 완료
[2026-09-26 21:47:53]   ✓ 마크다운 업데이트: 미니PC.md
[2026-09-26 21:47:53] [0;36m검사: 미니피시_IMG-173287583336924812b7.jpg (basename 29자)[0m
[2026-09-26 21:47:53]   [0;32m매칭된 마크다운 파일 수: 1[0m
[2026-09-26 21:47:53]   이름 변경: 미니피시_IMG-173287583336924812b7.jpg → nn5scpwy7922_20260926214753.jpg
[2026-09-26 21:47:53]   ✓ 이미지 rename 완료
[2026-09-26 21:47:53]   ✓ 마크다운 업데이트: 미니PC.md
[2026-09-26 21:47:54] ------------------------------------------------------
[2026-09-26 21:47:54] 파일명 길이 28자 검사 중...
[2026-09-26 21:47:54] ------------------------------------------------------
[2026-09-26 21:47:55] [0;36m검사: 복사본_복사본_365마디척한의원_교통사고_홍보용_4.jpg (basename 28자)[0m
[2026-09-26 21:47:55]   [0;32m매칭된 마크다운 파일 수: 1[0m
[2026-09-26 21:47:55]   이름 변경: 복사본_복사본_365마디척한의원_교통사고_홍보용_4.jpg → 6trx8r34s27r_20260926214755.jpg
[2026-09-26 21:47:55]   ✓ 이미지 rename 완료
[2026-09-26 21:47:55]   ✓ 마크다운 업데이트: 인지행동치료.md
[2026-09-26 21:47:55] [0;36m검사: how-to-keep-learning-records.jpg (basename 28자)[0m
[2026-09-26 21:47:55]   [0;32m매칭된 마크다운 파일 수: 1[0m
[2026-09-26 21:47:55]   이름 변경: how-to-keep-learning-records.jpg → frd8garmbcpg_20260926214755.jpg
[2026-09-26 21:47:55]   ✓ 이미지 rename 완료
[2026-09-26 21:47:55]   ✓ 마크다운 업데이트: 기록 효과.md
[2026-09-26 21:47:56] ------------------------------------------------------
[2026-09-26 21:47:56] 파일명 길이 27자 검사 중...
[2026-09-26 21:47:56] ------------------------------------------------------
[2026-09-26 21:47:56] [0;36m검사: Pasted image 20260807145929.png (basename 27자)[0m
[2026-09-26 21:47:56]   [0;32m매칭된 마크다운 파일 수: 1[0m
[2026-09-26 21:47:56]   이름 변경: Pasted image 20260807145929.png → ur2ptgm38n8h_20260926214756.png
[2026-09-26 21:47:56]   ✓ 이미지 rename 완료
[2026-09-26 21:47:56]   ✓ 마크다운 업데이트: 서브리미널 효과.md
[2026-09-26 21:47:56] [0;36m검사: Pasted image 20260804225959.png (basename 27자)[0m
[2026-09-26 21:47:56]   [0;32m매칭된 마크다운 파일 수: 1[0m
[2026-09-26 21:47:56]   이름 변경: Pasted image 20260804225959.png → guhng6b8pef3_20260926214756.png
[2026-09-26 21:47:56]   ✓ 이미지 rename 완료
[2026-09-26 21:47:56]   ✓ 마크다운 업데이트: 블랭킷 증후군.md
[2026-09-26 21:47:56] [0;36m검사: Pasted image 20260804223806.png (basename 27자)[0m
[2026-09-26 21:47:56]   [0;32m매칭된 마크다운 파일 수: 2[0m
[2026-09-26 21:47:56]   이름 변경: Pasted image 20260804223806.png → a4udcbnvddtb_20260926214756.png
[2026-09-26 21:47:56]   ✓ 이미지 rename 완료
[2026-09-26 21:47:56]   ✓ 마크다운 업데이트: 베르니케 실어증.md
[2026-09-26 21:47:56]   ✓ 마크다운 업데이트: 브로카 실어증.md
[2026-09-26 21:47:56] [0;36m검사: copilot_image_1788227162666.jpeg (basename 27자)[0m
[2026-09-26 21:47:56]   [0;32m매칭된 마크다운 파일 수: 1[0m
[2026-09-26 21:47:56]   이름 변경: copilot_image_1788227162666.jpeg → uw9a6wbefsga_20260926214756.jpeg
[2026-09-26 21:47:56]   ✓ 이미지 rename 완료
[2026-09-26 21:47:56]   ✓ 마크다운 업데이트: 카이로스.md
[2026-09-26 21:47:56] [0;36m검사: Pasted image 20260804220959.png (basename 27자)[0m
[2026-09-26 21:47:56]   [0;32m매칭된 마크다운 파일 수: 1[0m
[2026-09-26 21:47:56]   이름 변경: Pasted image 20260804220959.png → shftw8b7un3y_20260926214756.png
[2026-09-26 21:47:56]   ✓ 이미지 rename 완료
[2026-09-26 21:47:56]   ✓ 마크다운 업데이트: 넛지(Nudge).md
[2026-09-26 21:47:56] [0;36m검사: Pasted image 20260804211508.png (basename 27자)[0m
[2026-09-26 21:47:56]   [0;32m매칭된 마크다운 파일 수: 1[0m
[2026-09-26 21:47:56]   이름 변경: Pasted image 20260804211508.png → eg65kbudv749_20260926214756.png
[2026-09-26 21:47:56]   ✓ 이미지 rename 완료
[2026-09-26 21:47:56]   ✓ 마크다운 업데이트: 악의 평범성.md
[2026-09-26 21:47:56] [0;36m검사: Pasted image 20260804222016.png (basename 27자)[0m
[2026-09-26 21:47:56]   [0;32m매칭된 마크다운 파일 수: 1[0m
[2026-09-26 21:47:56]   이름 변경: Pasted image 20260804222016.png → 5mtsfpercd8n_20260926214756.png
[2026-09-26 21:47:56]   ✓ 이미지 rename 완료
[2026-09-26 21:47:56]   ✓ 마크다운 업데이트: 리마 증후군.md
[2026-09-26 21:47:56] [0;36m검사: Pasted image 20260804212227.png (basename 27자)[0m
[2026-09-26 21:47:56]   [0;32m매칭된 마크다운 파일 수: 1[0m
[2026-09-26 21:47:56]   이름 변경: Pasted image 20260804212227.png → dd4ap5uyywhb_20260926214756.png
[2026-09-26 21:47:56]   ✓ 이미지 rename 완료
[2026-09-26 21:47:56]   ✓ 마크다운 업데이트: 파노플리 효과.md
[2026-09-26 21:47:56] [0;36m검사: Pasted image 20260804213316.png (basename 27자)[0m
[2026-09-26 21:47:56]   [0;32m매칭된 마크다운 파일 수: 1[0m
[2026-09-26 21:47:56]   이름 변경: Pasted image 20260804213316.png → pgpruxn5y74a_20260926214756.png
[2026-09-26 21:47:56]   ✓ 이미지 rename 완료
[2026-09-26 21:47:56]   ✓ 마크다운 업데이트: 머피의 법칙.md
[2026-09-26 21:47:56] [0;36m검사: Pasted image 20260804212427.png (basename 27자)[0m
[2026-09-26 21:47:56]   [0;32m매칭된 마크다운 파일 수: 1[0m
[2026-09-26 21:47:56]   이름 변경: Pasted image 20260804212427.png → nt8na648m33r_20260926214756.png
[2026-09-26 21:47:56]   ✓ 이미지 rename 완료
[2026-09-26 21:47:56]   ✓ 마크다운 업데이트: 하인츠 딜레마.md
[2026-09-26 21:47:56] [0;36m검사: Pasted image 20251013021130.png (basename 27자)[0m
[2026-09-26 21:47:56]   [0;32m매칭된 마크다운 파일 수: 1[0m
[2026-09-26 21:47:56]   이름 변경: Pasted image 20251013021130.png → pxw4p3rrystx_20260926214756.png
[2026-09-26 21:47:56]   ✓ 이미지 rename 완료
[2026-09-26 21:47:56]   ✓ 마크다운 업데이트: 치아 관리.md
[2026-09-26 21:47:56] [0;36m검사: Pasted image 20260804224522.png (basename 27자)[0m
[2026-09-26 21:47:56]   [0;32m매칭된 마크다운 파일 수: 1[0m
[2026-09-26 21:47:56]   이름 변경: Pasted image 20260804224522.png → 7fu6e34vmeg5_20260926214756.png
[2026-09-26 21:47:56]   ✓ 이미지 rename 완료
[2026-09-26 21:47:56]   ✓ 마크다운 업데이트: 벽에 붙은 파리 효과.md
[2026-09-26 21:47:56] [0;36m검사: Pasted image 20260406104256.jpg (basename 27자)[0m
[2026-09-26 21:47:56]   [0;32m매칭된 마크다운 파일 수: 1[0m
[2026-09-26 21:47:56]   이름 변경: Pasted image 20260406104256.jpg → e2ep4hnxekcd_20260926214756.jpg
[2026-09-26 21:47:56]   ✓ 이미지 rename 완료
[2026-09-26 21:47:56]   ✓ 마크다운 업데이트: 수근관 증후군 치료과정.md
[2026-09-26 21:47:56] [0;36m검사: Pasted image 20260804225726.png (basename 27자)[0m
[2026-09-26 21:47:56]   [0;32m매칭된 마크다운 파일 수: 1[0m
[2026-09-26 21:47:56]   이름 변경: Pasted image 20260804225726.png → h5ur39tfnnub_20260926214756.png
[2026-09-26 21:47:56]   ✓ 이미지 rename 완료
[2026-09-26 21:47:56]   ✓ 마크다운 업데이트: 부메랑 효과.md
[2026-09-26 21:47:56] [0;36m검사: Pasted image 20260804221135.png (basename 27자)[0m
[2026-09-26 21:47:56]   [0;32m매칭된 마크다운 파일 수: 1[0m
[2026-09-26 21:47:56]   이름 변경: Pasted image 20260804221135.png → pdvf55gkp3ub_20260926214756.png
[2026-09-26 21:47:56]   ✓ 이미지 rename 완료
[2026-09-26 21:47:56]   ✓ 마크다운 업데이트: 노시보 효과.md
[2026-09-26 21:47:56] [0;36m검사: Pasted image 20260804211052.png (basename 27자)[0m
[2026-09-26 21:47:56]   [0;32m매칭된 마크다운 파일 수: 1[0m
[2026-09-26 21:47:56]   이름 변경: Pasted image 20260804211052.png → fyad8cdeux3n_20260926214756.png
[2026-09-26 21:47:57]   ✓ 이미지 rename 완료
[2026-09-26 21:47:57]   ✓ 마크다운 업데이트: 빈둥지 증후군.md
[2026-09-26 21:47:57] [0;36m검사: Pasted image 20260804212955.png (basename 27자)[0m
[2026-09-26 21:47:57]   [0;32m매칭된 마크다운 파일 수: 1[0m
[2026-09-26 21:47:57]   이름 변경: Pasted image 20260804212955.png → 8wp5rnad7ecr_20260926214757.png
[2026-09-26 21:47:57]   ✓ 이미지 rename 완료
[2026-09-26 21:47:57]   ✓ 마크다운 업데이트: 서번트 증후군.md
[2026-09-26 21:47:57] [0;36m검사: Pasted image 20251114190730.jpg (basename 27자)[0m
[2026-09-26 21:47:57]   [0;32m매칭된 마크다운 파일 수: 1[0m
[2026-09-26 21:47:57]   이름 변경: Pasted image 20251114190730.jpg → umvkw8vhrury_20260926214757.jpg
[2026-09-26 21:47:57]   ✓ 이미지 rename 완료
[2026-09-26 21:47:57]   ✓ 마크다운 업데이트: 기온 온도별 옷 입기.md
[2026-09-26 21:47:57] [0;36m검사: Pasted image 20260804223932.png (basename 27자)[0m
[2026-09-26 21:47:57]   [0;32m매칭된 마크다운 파일 수: 1[0m
[2026-09-26 21:47:57]   이름 변경: Pasted image 20260804223932.png → yuteg93ayxs5_20260926214757.png
[2026-09-26 21:47:57]   ✓ 이미지 rename 완료
[2026-09-26 21:47:57]   ✓ 마크다운 업데이트: 베르테르 효과.md
[2026-09-26 21:47:57] [0;36m검사: Pasted image 20260807144834.png (basename 27자)[0m
[2026-09-26 21:47:57]   [0;32m매칭된 마크다운 파일 수: 1[0m
[2026-09-26 21:47:57]   이름 변경: Pasted image 20260807144834.png → dmyh2rdm3ptg_20260926214757.png
[2026-09-26 21:47:57]   ✓ 이미지 rename 완료
[2026-09-26 21:47:57]   ✓ 마크다운 업데이트: 만족자 법칙.md
[2026-09-26 21:47:57] [0;36m검사: Pasted image 20260804224054.png (basename 27자)[0m
[2026-09-26 21:47:57]   [0;32m매칭된 마크다운 파일 수: 1[0m
[2026-09-26 21:47:57]   이름 변경: Pasted image 20260804224054.png → bx2bpvxtwcg4_20260926214757.png
[2026-09-26 21:47:57]   ✓ 이미지 rename 완료
[2026-09-26 21:47:57]   ✓ 마크다운 업데이트: 파파게노 효과.md
[2026-09-26 21:47:57] [0;36m검사: Pasted image 20260804222942.png (basename 27자)[0m
[2026-09-26 21:47:57]   [0;32m매칭된 마크다운 파일 수: 1[0m
[2026-09-26 21:47:57]   이름 변경: Pasted image 20260804222942.png → dadnn6gv6tye_20260926214757.png
[2026-09-26 21:47:57]   ✓ 이미지 rename 완료
[2026-09-26 21:47:57]   ✓ 마크다운 업데이트: 무드셀라 증후군.md
[2026-09-26 21:47:57] [0;36m검사: Pasted image 20260804221832.png (basename 27자)[0m
[2026-09-26 21:47:57]   [0;32m매칭된 마크다운 파일 수: 1[0m
[2026-09-26 21:47:57]   이름 변경: Pasted image 20260804221832.png → a76wuutp5ytk_20260926214757.png
[2026-09-26 21:47:57]   ✓ 이미지 rename 완료
[2026-09-26 21:47:57]   ✓ 마크다운 업데이트: 도박사의 오류.md
[2026-09-26 21:47:57] [0;36m검사: Pasted image 20260804230231.png (basename 27자)[0m
[2026-09-26 21:47:57]   [0;32m매칭된 마크다운 파일 수: 1[0m
[2026-09-26 21:47:57]   이름 변경: Pasted image 20260804230231.png → 4pd66ks4wm5b_20260926214757.png
[2026-09-26 21:47:57]   ✓ 이미지 rename 완료
[2026-09-26 21:47:57]   ✓ 마크다운 업데이트: 사랑의 삼각형 이론.md
[2026-09-26 21:47:57] [0;36m검사: Pasted image 20260906221252.png (basename 27자)[0m
[2026-09-26 21:47:57]   [0;32m매칭된 마크다운 파일 수: 2[0m
[2026-09-26 21:47:57]   이름 변경: Pasted image 20260906221252.png → cfxk72a7ywnm_20260926214757.png
[2026-09-26 21:47:57]   ✓ 이미지 rename 완료
[2026-09-26 21:47:57]   ✓ 마크다운 업데이트: flatpak 스팀 경로 설정.md
[2026-09-26 21:47:57]   ✓ 마크다운 업데이트: flatpak steam 스팀 경로 설정.md
[2026-09-26 21:47:57] [0;36m검사: Pasted image 20260804214802.png (basename 27자)[0m
[2026-09-26 21:47:57]   [0;32m매칭된 마크다운 파일 수: 3[0m
[2026-09-26 21:47:57]   이름 변경: Pasted image 20260804214802.png → ndcw7ku6ktt4_20260926214757.png
[2026-09-26 21:47:57]   ✓ 이미지 rename 완료
[2026-09-26 21:47:57]   ✓ 마크다운 업데이트: 성격장애 A군.md
[2026-09-26 21:47:57]   ✓ 마크다운 업데이트: 성격장애 C군.md
[2026-09-26 21:47:57]   ✓ 마크다운 업데이트: 성격장애 B군.md
[2026-09-26 21:47:57] [0;36m검사: Pasted image 20251102103813.png (basename 27자)[0m
[2026-09-26 21:47:57]   [0;32m매칭된 마크다운 파일 수: 1[0m
[2026-09-26 21:47:57]   이름 변경: Pasted image 20251102103813.png → xa3awmy2stw9_20260926214757.png
[2026-09-26 21:47:57]   ✓ 이미지 rename 완료
[2026-09-26 21:47:57]   ✓ 마크다운 업데이트: 파일 구조 폴더명 만들 때 간소화.md
[2026-09-26 21:47:57] [0;36m검사: Pasted image 20251013021947.png (basename 27자)[0m
[2026-09-26 21:47:57]   [0;32m매칭된 마크다운 파일 수: 1[0m
[2026-09-26 21:47:57]   이름 변경: Pasted image 20251013021947.png → d2s5hr77tc6e_20260926214757.png
[2026-09-26 21:47:57]   ✓ 이미지 rename 완료
[2026-09-26 21:47:57]   ✓ 마크다운 업데이트: 가정 상비약.md
[2026-09-26 21:47:57] [0;36m검사: Pasted image 20260804224600.png (basename 27자)[0m
[2026-09-26 21:47:57]   [0;32m매칭된 마크다운 파일 수: 1[0m
[2026-09-26 21:47:57]   이름 변경: Pasted image 20260804224600.png → m3wtbuxy5ty2_20260926214757.png
[2026-09-26 21:47:57]   ✓ 이미지 rename 완료
[2026-09-26 21:47:57]   ✓ 마크다운 업데이트: 벽에 붙은 파리 효과.md
[2026-09-26 21:47:57] [0;36m검사: Pasted image 20260804213759.png (basename 27자)[0m
[2026-09-26 21:47:57]   [0;32m매칭된 마크다운 파일 수: 1[0m
[2026-09-26 21:47:57]   이름 변경: Pasted image 20260804213759.png → 3evhmbenvxms_20260926214757.png
[2026-09-26 21:47:57]   ✓ 이미지 rename 완료
[2026-09-26 21:47:57]   ✓ 마크다운 업데이트: 오셀로 증후군.md
[2026-09-26 21:47:57] [0;36m검사: Pasted image 20260807150156.png (basename 27자)[0m
[2026-09-26 21:47:57]   [0;32m매칭된 마크다운 파일 수: 1[0m
[2026-09-26 21:47:57]   이름 변경: Pasted image 20260807150156.png → gfastnebydrn_20260926214757.png
[2026-09-26 21:47:57]   ✓ 이미지 rename 완료
[2026-09-26 21:47:57]   ✓ 마크다운 업데이트: 희귀성의 원칙.md
[2026-09-26 21:47:57] [0;36m검사: Pasted image 20260807145909.png (basename 27자)[0m
[2026-09-26 21:47:57]   [0;32m매칭된 마크다운 파일 수: 1[0m
[2026-09-26 21:47:57]   이름 변경: Pasted image 20260807145909.png → eakvhhaupv7x_20260926214757.png
[2026-09-26 21:47:57]   ✓ 이미지 rename 완료
[2026-09-26 21:47:57]   ✓ 마크다운 업데이트: 서브리미널 효과.md
[2026-09-26 21:47:57] [0;36m검사: Pasted image 20260807145949.png (basename 27자)[0m
[2026-09-26 21:47:57]   [0;32m매칭된 마크다운 파일 수: 1[0m
[2026-09-26 21:47:57]   이름 변경: Pasted image 20260807145949.png → tvtnh2ngapku_20260926214757.png
[2026-09-26 21:47:57]   ✓ 이미지 rename 완료
[2026-09-26 21:47:57]   ✓ 마크다운 업데이트: 서브리미널 효과.md
[2026-09-26 21:47:57] [0;36m검사: kM5R8XrQI9I830-u6EoPH15leHA.jpg (basename 27자)[0m
[2026-09-26 21:47:57]   [0;32m매칭된 마크다운 파일 수: 1[0m
[2026-09-26 21:47:57]   이름 변경: kM5R8XrQI9I830-u6EoPH15leHA.jpg → afeuuyt6khsv_20260926214757.jpg
[2026-09-26 21:47:57]   ✓ 이미지 rename 완료
[2026-09-26 21:47:57]   ✓ 마크다운 업데이트: 거울자아.md
[2026-09-26 21:47:57] [0;36m검사: Pasted image 20260814211416.png (basename 27자)[0m
[2026-09-26 21:47:57]   [0;32m매칭된 마크다운 파일 수: 1[0m
[2026-09-26 21:47:57]   이름 변경: Pasted image 20260814211416.png → 6twgy6btsr9u_20260926214757.png
[2026-09-26 21:47:57]   ✓ 이미지 rename 완료
[2026-09-26 21:47:57]   ✓ 마크다운 업데이트: 걷다가 멈췄을 때 땀 나는 이유.md
[2026-09-26 21:47:57] [0;36m검사: Pasted image 20260804225617.png (basename 27자)[0m
[2026-09-26 21:47:57]   [0;32m매칭된 마크다운 파일 수: 1[0m
[2026-09-26 21:47:57]   이름 변경: Pasted image 20260804225617.png → py2syrn4uykt_20260926214757.png
[2026-09-26 21:47:57]   ✓ 이미지 rename 완료
[2026-09-26 21:47:57]   ✓ 마크다운 업데이트: 보이지 않는 고릴라.md
[2026-09-26 21:47:57] [0;36m검사: Pasted image 20260804205721.png (basename 27자)[0m
[2026-09-26 21:47:57]   [0;32m매칭된 마크다운 파일 수: 1[0m
[2026-09-26 21:47:57]   이름 변경: Pasted image 20260804205721.png → exsxtkv36rce_20260926214757.png
[2026-09-26 21:47:57]   ✓ 이미지 rename 완료
[2026-09-26 21:47:57]   ✓ 마크다운 업데이트: 밴드왜건 효과.md
[2026-09-26 21:47:57] [0;36m검사: Pasted image 20260804223413.png (basename 27자)[0m
[2026-09-26 21:47:57]   [0;32m매칭된 마크다운 파일 수: 1[0m
[2026-09-26 21:47:57]   이름 변경: Pasted image 20260804223413.png → un967kydyxkd_20260926214757.png
[2026-09-26 21:47:57]   ✓ 이미지 rename 완료
[2026-09-26 21:47:57]   ✓ 마크다운 업데이트: 방관자 효과.md
[2026-09-26 21:47:57] [0;36m검사: copilot_image_1788228143780.jpeg (basename 27자)[0m
[2026-09-26 21:47:57]   [0;32m매칭된 마크다운 파일 수: 1[0m
[2026-09-26 21:47:57]   이름 변경: copilot_image_1788228143780.jpeg → v3xy2ccnyppd_20260926214757.jpeg
[2026-09-26 21:47:57]   ✓ 이미지 rename 완료
[2026-09-26 21:47:57]   ✓ 마크다운 업데이트: 프론네시스.md
[2026-09-26 21:47:57] [0;36m검사: Pasted image 20260807145937.png (basename 27자)[0m
[2026-09-26 21:47:57]   [0;32m매칭된 마크다운 파일 수: 1[0m
[2026-09-26 21:47:57]   이름 변경: Pasted image 20260807145937.png → 5sbtngu4xxtx_20260926214757.png
[2026-09-26 21:47:57]   ✓ 이미지 rename 완료
[2026-09-26 21:47:57]   ✓ 마크다운 업데이트: 서브리미널 효과.md
[2026-09-26 21:47:57] [0;36m검사: Pasted image 20260804205546.png (basename 27자)[0m
[2026-09-26 21:47:57]   [0;32m매칭된 마크다운 파일 수: 1[0m
[2026-09-26 21:47:57]   이름 변경: Pasted image 20260804205546.png → s88bpk7rmvyp_20260926214757.png
[2026-09-26 21:47:57]   ✓ 이미지 rename 완료
[2026-09-26 21:47:57]   ✓ 마크다운 업데이트: 디드로 효과.md
[2026-09-26 21:47:57] [0;36m검사: img_20200904105754_71cc9b98.webp (basename 27자)[0m
[2026-09-26 21:47:57]   [0;32m매칭된 마크다운 파일 수: 1[0m
[2026-09-26 21:47:57]   이름 변경: img_20200904105754_71cc9b98.webp → ftdur3rc4xvc_20260926214757.webp
[2026-09-26 21:47:57]   ✓ 이미지 rename 완료
[2026-09-26 21:47:57]   ✓ 마크다운 업데이트: 소유 효과.md
[2026-09-26 21:47:57] [0;36m검사: Pasted image 20260807145920.png (basename 27자)[0m
[2026-09-26 21:47:57]   [0;32m매칭된 마크다운 파일 수: 1[0m
[2026-09-26 21:47:58]   이름 변경: Pasted image 20260807145920.png → rtur6kv58hd7_20260926214757.png
[2026-09-26 21:47:58]   ✓ 이미지 rename 완료
[2026-09-26 21:47:58]   ✓ 마크다운 업데이트: 서브리미널 효과.md
[2026-09-26 21:47:58] [0;36m검사: Pasted image 20260804211824.png (basename 27자)[0m
[2026-09-26 21:47:58]   [0;32m매칭된 마크다운 파일 수: 1[0m
[2026-09-26 21:47:58]   이름 변경: Pasted image 20260804211824.png → hyeemdbgadut_20260926214758.png
[2026-09-26 21:47:58]   ✓ 이미지 rename 완료
[2026-09-26 21:47:58]   ✓ 마크다운 업데이트: 자각몽.md
[2026-09-26 21:47:58] [0;36m검사: Pasted image 20260804220707.png (basename 27자)[0m
[2026-09-26 21:47:58]   [0;32m매칭된 마크다운 파일 수: 1[0m
[2026-09-26 21:47:58]   이름 변경: Pasted image 20260804220707.png → u5r436g69s29_20260926214758.png
[2026-09-26 21:47:58]   ✓ 이미지 rename 완료
[2026-09-26 21:47:58]   ✓ 마크다운 업데이트: 깨진 유리창 이론.md
[2026-09-26 21:47:58] [0;36m검사: Pasted image 20260804213616.png (basename 27자)[0m
[2026-09-26 21:47:58]   [0;32m매칭된 마크다운 파일 수: 1[0m
[2026-09-26 21:47:58]   이름 변경: Pasted image 20260804213616.png → 8auateabe8g6_20260926214758.png
[2026-09-26 21:47:58]   ✓ 이미지 rename 완료
[2026-09-26 21:47:58]   ✓ 마크다운 업데이트: 스톡홀름 증후군.md
[2026-09-26 21:47:58] [0;36m검사: Pasted image 20260804211240.png (basename 27자)[0m
[2026-09-26 21:47:58]   [0;32m매칭된 마크다운 파일 수: 1[0m
[2026-09-26 21:47:58]   이름 변경: Pasted image 20260804211240.png → 4seg2r2fgcsf_20260926214758.png
[2026-09-26 21:47:58]   ✓ 이미지 rename 완료
[2026-09-26 21:47:58]   ✓ 마크다운 업데이트: 수면자 효과.md
[2026-09-26 21:47:58] [0;36m검사: Pasted image 20260807145959.png (basename 27자)[0m
[2026-09-26 21:47:58]   [0;32m매칭된 마크다운 파일 수: 1[0m
[2026-09-26 21:47:58]   이름 변경: Pasted image 20260807145959.png → 8wpyu6bw6nvb_20260926214758.png
[2026-09-26 21:47:58]   ✓ 이미지 rename 완료
[2026-09-26 21:47:58]   ✓ 마크다운 업데이트: 서브리미널 효과.md
[2026-09-26 21:47:58] [0;36m검사: Pasted image 20260724172957.png (basename 27자)[0m
[2026-09-26 21:47:58]   [0;32m매칭된 마크다운 파일 수: 1[0m
[2026-09-26 21:47:58]   이름 변경: Pasted image 20260724172957.png → nd64xs56294f_20260926214758.png
[2026-09-26 21:47:58]   ✓ 이미지 rename 완료
[2026-09-26 21:47:58]   ✓ 마크다운 업데이트: btrfs assistant 설정.md
[2026-09-26 21:47:58] [0;36m검사: Pasted image 20260804223143.png (basename 27자)[0m
[2026-09-26 21:47:58]   [0;32m매칭된 마크다운 파일 수: 1[0m
[2026-09-26 21:47:58]   이름 변경: Pasted image 20260804223143.png → d9a9gd3xtdk4_20260926214758.png
[2026-09-26 21:47:58]   ✓ 이미지 rename 완료
[2026-09-26 21:47:58]   ✓ 마크다운 업데이트: 뮌하우젠 증후군.md
[2026-09-26 21:47:58] [0;36m검사: Pasted image 20260724173052.png (basename 27자)[0m
[2026-09-26 21:47:58]   [0;32m매칭된 마크다운 파일 수: 1[0m
[2026-09-26 21:47:58]   이름 변경: Pasted image 20260724173052.png → x9xkauwm92sv_20260926214758.png
[2026-09-26 21:47:58]   ✓ 이미지 rename 완료
[2026-09-26 21:47:58]   ✓ 마크다운 업데이트: btrfs assistant 설정.md
[2026-09-26 21:47:58] [0;36m검사: Pasted image 20260804212017.png (basename 27자)[0m
[2026-09-26 21:47:58]   [0;32m매칭된 마크다운 파일 수: 1[0m
[2026-09-26 21:47:58]   이름 변경: Pasted image 20260804212017.png → pwtau543yt4y_20260926214758.png
[2026-09-26 21:47:58]   ✓ 이미지 rename 완료
[2026-09-26 21:47:58]   ✓ 마크다운 업데이트: 침묵의 나선 이론.md
[2026-09-26 21:47:58] [0;36m검사: Pasted image 20260804230511.png (basename 27자)[0m
[2026-09-26 21:47:58]   [0;32m매칭된 마크다운 파일 수: 1[0m
[2026-09-26 21:47:58]   이름 변경: Pasted image 20260804230511.png → achgbhetw52p_20260926214758.png
[2026-09-26 21:47:58]   ✓ 이미지 rename 완료
[2026-09-26 21:47:58]   ✓ 마크다운 업데이트: 살리에리 증후군.md
[2026-09-26 21:47:58] [0;36m검사: copilot_image_1788227942624.jpeg (basename 27자)[0m
[2026-09-26 21:47:58]   [0;32m매칭된 마크다운 파일 수: 1[0m
[2026-09-26 21:47:58]   이름 변경: copilot_image_1788227942624.jpeg → suc98nkn7744_20260926214758.jpeg
[2026-09-26 21:47:58]   ✓ 이미지 rename 완료
[2026-09-26 21:47:58]   ✓ 마크다운 업데이트: 파토스.md
[2026-09-26 21:47:58] [0;36m검사: Pasted image 20260804215429.png (basename 27자)[0m
[2026-09-26 21:47:58]   [0;32m매칭된 마크다운 파일 수: 1[0m
[2026-09-26 21:47:58]   이름 변경: Pasted image 20260804215429.png → y8wf56na5gu4_20260926214758.png
[2026-09-26 21:47:58]   ✓ 이미지 rename 완료
[2026-09-26 21:47:58]   ✓ 마크다운 업데이트: 크레스피 효과.md
[2026-09-26 21:47:58] [0;36m검사: Pasted image 20260804222315.png (basename 27자)[0m
[2026-09-26 21:47:58]   [0;32m매칭된 마크다운 파일 수: 1[0m
[2026-09-26 21:47:58]   이름 변경: Pasted image 20260804222315.png → sgmgaw3ps44g_20260926214758.png
[2026-09-26 21:47:58]   ✓ 이미지 rename 완료
[2026-09-26 21:47:58]   ✓ 마크다운 업데이트: 리셋 증후군.md
[2026-09-26 21:47:58] [0;36m검사: img_20260723114509_49def584.webp (basename 27자)[0m
[2026-09-26 21:47:58]   [0;32m매칭된 마크다운 파일 수: 1[0m
[2026-09-26 21:47:58]   이름 변경: img_20260723114509_49def584.webp → xttvwn9nd6mh_20260926214758.webp
[2026-09-26 21:47:58]   ✓ 이미지 rename 완료
[2026-09-26 21:47:58]   ✓ 마크다운 업데이트: 심적 회계.md
[2026-09-26 21:47:58] [0;36m검사: Pasted image 20260807144536.png (basename 27자)[0m
[2026-09-26 21:47:58]   [0;32m매칭된 마크다운 파일 수: 1[0m
[2026-09-26 21:47:58]   이름 변경: Pasted image 20260807144536.png → b3mva9kd5ehs_20260926214758.png
[2026-09-26 21:47:58]   ✓ 이미지 rename 완료
[2026-09-26 21:47:58]   ✓ 마크다운 업데이트: 링겔만 효과.md
[2026-09-26 21:47:58] [0;36m검사: Pasted image 20251013021410.png (basename 27자)[0m
[2026-09-26 21:47:58]   [0;32m매칭된 마크다운 파일 수: 1[0m
[2026-09-26 21:47:58]   이름 변경: Pasted image 20251013021410.png → abcktaww32dr_20260926214758.png
[2026-09-26 21:47:58]   ✓ 이미지 rename 완료
[2026-09-26 21:47:58]   ✓ 마크다운 업데이트: 배선도 USB A.md
[2026-09-26 21:47:58] [0;36m검사: Pasted image 20251025060819.png (basename 27자)[0m
[2026-09-26 21:47:58]   [0;32m매칭된 마크다운 파일 수: 1[0m
[2026-09-26 21:47:58]   이름 변경: Pasted image 20251025060819.png → uwafcgkb7yg8_20260926214758.png
[2026-09-26 21:47:58]   ✓ 이미지 rename 완료
[2026-09-26 21:47:58]   ✓ 마크다운 업데이트: 독거미 키보드  F87 단축키.md
[2026-09-26 21:47:58] [0;36m검사: Pasted image 20260804215118.png (basename 27자)[0m
[2026-09-26 21:47:58]   [0;32m매칭된 마크다운 파일 수: 1[0m
[2026-09-26 21:47:58]   이름 변경: Pasted image 20260804215118.png → 599v5hvspc9s_20260926214758.png
[2026-09-26 21:47:58]   ✓ 이미지 rename 완료
[2026-09-26 21:47:58]   ✓ 마크다운 업데이트: 지적장애.md
[2026-09-26 21:47:58] [0;36m검사: Pasted image 20260804223238.png (basename 27자)[0m
[2026-09-26 21:47:58]   [0;32m매칭된 마크다운 파일 수: 1[0m
[2026-09-26 21:47:58]   이름 변경: Pasted image 20260804223238.png → 6kye8ra33sux_20260926214758.png
[2026-09-26 21:47:58]   ✓ 이미지 rename 완료
[2026-09-26 21:47:58]   ✓ 마크다운 업데이트: 바넘 효과.md
[2026-09-26 21:47:58] [0;36m검사: copilot_image_1788227513741.jpeg (basename 27자)[0m
[2026-09-26 21:47:58]   [0;32m매칭된 마크다운 파일 수: 1[0m
[2026-09-26 21:47:58]   이름 변경: copilot_image_1788227513741.jpeg → p9tuu5a7f3x9_20260926214758.jpeg
[2026-09-26 21:47:58]   ✓ 이미지 rename 완료
[2026-09-26 21:47:58]   ✓ 마크다운 업데이트: 에토스.md
[2026-09-26 21:47:58] [0;36m검사: Pasted image 20260804222716.png (basename 27자)[0m
[2026-09-26 21:47:58]   [0;32m매칭된 마크다운 파일 수: 1[0m
[2026-09-26 21:47:58]   이름 변경: Pasted image 20260804222716.png → bent796apg9k_20260926214758.png
[2026-09-26 21:47:58]   ✓ 이미지 rename 완료
[2026-09-26 21:47:58]   ✓ 마크다운 업데이트: 맥거핀 효과.md
[2026-09-26 21:47:58] [0;36m검사: Pasted image 20260829215246.png (basename 27자)[0m
[2026-09-26 21:47:58]   [0;32m매칭된 마크다운 파일 수: 1[0m
[2026-09-26 21:47:58]   이름 변경: Pasted image 20260829215246.png → 6wuumauadcvp_20260926214758.png
[2026-09-26 21:47:58]   ✓ 이미지 rename 완료
[2026-09-26 21:47:58]   ✓ 마크다운 업데이트: 나의 메모 흐름도.md
[2026-09-26 21:47:58] [0;36m검사: copilot_image_1790402806877.png (basename 27자)[0m
[2026-09-26 21:47:58]   [0;32m매칭된 마크다운 파일 수: 1[0m
[2026-09-26 21:47:58]   이름 변경: copilot_image_1790402806877.png → ydxmpnwxxe6m_20260926214758.png
[2026-09-26 21:47:58]   ✓ 이미지 rename 완료
[2026-09-26 21:47:58]   ✓ 마크다운 업데이트: 관계 - 규칙 - 기본준수.md
[2026-09-26 21:47:59] [0;36m검사: fr57r2mc96va_20260926214554.webp (basename 27자)[0m
[2026-09-26 21:47:59]   [0;32m매칭된 마크다운 파일 수: 1[0m
[2026-09-26 21:47:59]   이름 변경: fr57r2mc96va_20260926214554.webp → 8hyvcdnb2ybh_20260926214759.webp
[2026-09-26 21:47:59]   ✓ 이미지 rename 완료
[2026-09-26 21:47:59]   ✓ 마크다운 업데이트: 파이어 엠블렘 만자천홍 세계관.md
[2026-09-26 21:47:59] ------------------------------------------------------
[2026-09-26 21:47:59] 파일명 길이 26자 검사 중...
[2026-09-26 21:47:59] ------------------------------------------------------
[2026-09-26 21:47:59] [0;36m검사: Screenshot_20260224_210039.png (basename 26자)[0m
[2026-09-26 21:48:00]   [0;32m매칭된 마크다운 파일 수: 1[0m
[2026-09-26 21:48:00]   이름 변경: Screenshot_20260224_210039.png → kehw4w37esbt_20260926214800.png
[2026-09-26 21:48:00]   ✓ 이미지 rename 완료
[2026-09-26 21:48:00]   ✓ 마크다운 업데이트: 의류 신체 사이즈 정보.md
[2026-09-26 21:48:00] [0;36m검사: Screenshot_20260523_225906.jpg (basename 26자)[0m
[2026-09-26 21:48:00]   [0;32m매칭된 마크다운 파일 수: 1[0m
[2026-09-26 21:48:00]   이름 변경: Screenshot_20260523_225906.jpg → bcag3ubt7mcx_20260926214800.jpg
[2026-09-26 21:48:00]   ✓ 이미지 rename 완료
[2026-09-26 21:48:00]   ✓ 마크다운 업데이트: 스타크래프트 전략.md
[2026-09-26 21:48:01] ------------------------------------------------------
[2026-09-26 21:48:01] 파일명 길이 25자 검사 중...
[2026-09-26 21:48:01] ------------------------------------------------------
[2026-09-26 21:48:02] ------------------------------------------------------
[2026-09-26 21:48:02] 파일명 길이 24자 검사 중...
[2026-09-26 21:48:02] ------------------------------------------------------
[2026-09-26 21:48:02] [0;36m검사: Scan 2026-01-28 10.38.41.jpg (basename 24자)[0m
[2026-09-26 21:48:02]   [0;32m매칭된 마크다운 파일 수: 1[0m
[2026-09-26 21:48:02]   이름 변경: Scan 2026-01-28 10.38.41.jpg → tmp4b7m5675h_20260926214802.jpg
[2026-09-26 21:48:02]   ✓ 이미지 rename 완료
[2026-09-26 21:48:02]   ✓ 마크다운 업데이트: 식품첨가물 종류.md
[2026-09-26 21:48:02] [0;36m검사: 5._목,어깨,손목,허리,다리_스트레칭_방법.jpg (basename 24자)[0m
[2026-09-26 21:48:02]   [0;32m매칭된 마크다운 파일 수: 1[0m
[2026-09-26 21:48:02]   이름 변경: 5._목,어깨,손목,허리,다리_스트레칭_방법.jpg → 6vww9dgcx59u_20260926214802.jpg
[2026-09-26 21:48:02]   ✓ 이미지 rename 완료
[2026-09-26 21:48:02]   ✓ 마크다운 업데이트: 온몸운동 스트레칭 하기.md
[2026-09-26 21:48:03] ------------------------------------------------------
[2026-09-26 21:48:03] 파일명 길이 23자 검사 중...
[2026-09-26 21:48:03] ------------------------------------------------------
[2026-09-26 21:48:03] [0;36m검사: tunnel-vision-vida_orig.jpeg (basename 23자)[0m
[2026-09-26 21:48:03]   [0;32m매칭된 마크다운 파일 수: 1[0m
[2026-09-26 21:48:03]   이름 변경: tunnel-vision-vida_orig.jpeg → uf2kymkes74r_20260926214803.jpeg
[2026-09-26 21:48:03]   ✓ 이미지 rename 완료
[2026-09-26 21:48:03]   ✓ 마크다운 업데이트: 터널 비전.md
[2026-09-26 21:48:03] [0;36m검사: 벽스위치_IMG20251216_091601.jpg (basename 23자)[0m
[2026-09-26 21:48:03]   [0;32m매칭된 마크다운 파일 수: 1[0m
[2026-09-26 21:48:03]   이름 변경: 벽스위치_IMG20251216_091601.jpg → 5hkegch3vap4_20260926214803.jpg
[2026-09-26 21:48:03]   ✓ 이미지 rename 완료
[2026-09-26 21:48:03]   ✓ 마크다운 업데이트: 벽스위치.md
[2026-09-26 21:48:03] [0;36m검사: 벽스위치_IMG20251216_091526.jpg (basename 23자)[0m
[2026-09-26 21:48:03]   [0;32m매칭된 마크다운 파일 수: 1[0m
[2026-09-26 21:48:03]   이름 변경: 벽스위치_IMG20251216_091526.jpg → 7y5pmmxuwndb_20260926214803.jpg
[2026-09-26 21:48:03]   ✓ 이미지 rename 완료
[2026-09-26 21:48:03]   ✓ 마크다운 업데이트: 벽스위치.md
[2026-09-26 21:48:04] ------------------------------------------------------
[2026-09-26 21:48:04] 파일명 길이 22자 검사 중...
[2026-09-26 21:48:04] ------------------------------------------------------
[2026-09-26 21:48:04] [0;36m검사: 창문형에어컨_20260607_235422.jpg (basename 22자)[0m
[2026-09-26 21:48:04]   [0;32m매칭된 마크다운 파일 수: 1[0m
[2026-09-26 21:48:04]   이름 변경: 창문형에어컨_20260607_235422.jpg → v6298rcrgerp_20260926214804.jpg
[2026-09-26 21:48:04]   ✓ 이미지 rename 완료
[2026-09-26 21:48:04]   ✓ 마크다운 업데이트: 창문형 에어컨.md
[2026-09-26 21:48:04] [0;36m검사: 20130619170446_0_33728.jpg (basename 22자)[0m
[2026-09-26 21:48:04]   [0;32m매칭된 마크다운 파일 수: 1[0m
[2026-09-26 21:48:04]   이름 변경: 20130619170446_0_33728.jpg → 4af8vhvuk9cb_20260926214804.jpg
[2026-09-26 21:48:04]   ✓ 이미지 rename 완료
[2026-09-26 21:48:04]   ✓ 마크다운 업데이트: 코르사코프 증후군.md
[2026-09-26 21:48:05] ------------------------------------------------------
[2026-09-26 21:48:05] 파일명 길이 21자 검사 중...
[2026-09-26 21:48:05] ------------------------------------------------------
[2026-09-26 21:48:06] [0;36m검사: 행동경제학__인간의_비합리적_선택_비밀.png (basename 21자)[0m
[2026-09-26 21:48:06]   [0;32m매칭된 마크다운 파일 수: 1[0m
[2026-09-26 21:48:06]   이름 변경: 행동경제학__인간의_비합리적_선택_비밀.png → bes3c3m5f79y_20260926214806.png
[2026-09-26 21:48:06]   ✓ 이미지 rename 완료
[2026-09-26 21:48:06]   ✓ 마크다운 업데이트: 시스템1 vs 시스템2 모델.md
[2026-09-26 21:48:07] ------------------------------------------------------
[2026-09-26 21:48:07] 파일명 길이 20자 검사 중...
[2026-09-26 21:48:07] ------------------------------------------------------
[2026-09-26 21:48:07] [0;36m검사: 201504011534743774_1.jpg (basename 20자)[0m
[2026-09-26 21:48:07]   [0;32m매칭된 마크다운 파일 수: 1[0m
[2026-09-26 21:48:07]   이름 변경: 201504011534743774_1.jpg → dest32h8aabt_20260926214807.jpg
[2026-09-26 21:48:07]   ✓ 이미지 rename 완료
[2026-09-26 21:48:07]   ✓ 마크다운 업데이트: 임사체험.md
[2026-09-26 21:48:07] [0;36m검사: 201810241759595478_t.jpg (basename 20자)[0m
[2026-09-26 21:48:07]   [0;32m매칭된 마크다운 파일 수: 1[0m
[2026-09-26 21:48:07]   이름 변경: 201810241759595478_t.jpg → fn25wd9rx2k2_20260926214807.jpg
[2026-09-26 21:48:07]   ✓ 이미지 rename 완료
[2026-09-26 21:48:07]   ✓ 마크다운 업데이트: 노출증.md
[2026-09-26 21:48:08] ------------------------------------------------------
[2026-09-26 21:48:08] 파일명 길이 19자 검사 중...
[2026-09-26 21:48:08] ------------------------------------------------------
[2026-09-26 21:48:08] [0;36m검사: IMG_20260402_123455.jpg (basename 19자)[0m
[2026-09-26 21:48:08]   [0;32m매칭된 마크다운 파일 수: 1[0m
[2026-09-26 21:48:08]   이름 변경: IMG_20260402_123455.jpg → hfp993ndrw7k_20260926214808.jpg
[2026-09-26 21:48:08]   ✓ 이미지 rename 완료
[2026-09-26 21:48:08]   ✓ 마크다운 업데이트: 인도네시아 뜨거운 파스.md
[2026-09-26 21:48:08] [0;36m검사: 230424_streisand_01.jpg (basename 19자)[0m
[2026-09-26 21:48:08]   [0;32m매칭된 마크다운 파일 수: 1[0m
[2026-09-26 21:48:08]   이름 변경: 230424_streisand_01.jpg → 7nh6t4xv5c69_20260926214808.jpg
[2026-09-26 21:48:08]   ✓ 이미지 rename 완료
[2026-09-26 21:48:08]   ✓ 마크다운 업데이트: 스트라이샌드 효과.md
[2026-09-26 21:48:08] [0;36m검사: IMG_20260821_231955.jpg (basename 19자)[0m
[2026-09-26 21:48:08]   [0;32m매칭된 마크다운 파일 수: 1[0m
[2026-09-26 21:48:08]   이름 변경: IMG_20260821_231955.jpg → umprbh7vhmmr_20260926214808.jpg
[2026-09-26 21:48:08]   ✓ 이미지 rename 완료
[2026-09-26 21:48:08]   ✓ 마크다운 업데이트: 감정인형 활용 내 친구 갸롱이 말랑이.md
[2026-09-26 21:48:08] [0;36m검사: IMG_20240627_072325.jpg (basename 19자)[0m
[2026-09-26 21:48:08]   [0;32m매칭된 마크다운 파일 수: 1[0m
[2026-09-26 21:48:08]   이름 변경: IMG_20240627_072325.jpg → tn9d7krk53rk_20260926214808.jpg
[2026-09-26 21:48:08]   ✓ 이미지 rename 완료
[2026-09-26 21:48:08]   ✓ 마크다운 업데이트: 나의 공과금 - 휴대폰 요금제.md
[2026-09-26 21:48:08] [0;36m검사: IMG_20260402_123507.jpg (basename 19자)[0m
[2026-09-26 21:48:08]   [0;32m매칭된 마크다운 파일 수: 1[0m
[2026-09-26 21:48:08]   이름 변경: IMG_20260402_123507.jpg → ddw9fy4m7e56_20260926214808.jpg
[2026-09-26 21:48:08]   ✓ 이미지 rename 완료
[2026-09-26 21:48:08]   ✓ 마크다운 업데이트: 인도네시아 뜨거운 파스.md
[2026-09-26 21:48:08] [0;36m검사: IMG_20260907_123006.jpg (basename 19자)[0m
[2026-09-26 21:48:08]   [0;32m매칭된 마크다운 파일 수: 1[0m
[2026-09-26 21:48:08]   이름 변경: IMG_20260907_123006.jpg → 4wapxhyd4tgf_20260926214808.jpg
[2026-09-26 21:48:08]   ✓ 이미지 rename 완료
[2026-09-26 21:48:08]   ✓ 마크다운 업데이트: 피지낭종.md
[2026-09-26 21:48:08] [0;36m검사: IMG_20260407_085356.jpg (basename 19자)[0m
[2026-09-26 21:48:08]   [0;32m매칭된 마크다운 파일 수: 1[0m
[2026-09-26 21:48:08]   이름 변경: IMG_20260407_085356.jpg → s7t644yt4eut_20260926214808.jpg
[2026-09-26 21:48:08]   ✓ 이미지 rename 완료
[2026-09-26 21:48:08]   ✓ 마크다운 업데이트: 올리브영 케모마일 숙면향.md
[2026-09-26 21:48:09] ------------------------------------------------------
[2026-09-26 21:48:09] 파일명 길이 18자 검사 중...
[2026-09-26 21:48:09] ------------------------------------------------------
[2026-09-26 21:48:09] [0;36m검사: 1351E1044C601C0A9A.jpeg (basename 18자)[0m
[2026-09-26 21:48:09]   [0;32m매칭된 마크다운 파일 수: 2[0m
[2026-09-26 21:48:09]   이름 변경: 1351E1044C601C0A9A.jpeg → 4a7d6uhmvfkx_20260926214809.jpeg
[2026-09-26 21:48:09]   ✓ 이미지 rename 완료
[2026-09-26 21:48:09]   ✓ 마크다운 업데이트: 유사성의 원리.md
[2026-09-26 21:48:09]   ✓ 마크다운 업데이트: 유사성 효과.md
[2026-09-26 21:48:09] [0;36m검사: 503451_351720_4026.jpg (basename 18자)[0m
[2026-09-26 21:48:09]   [0;32m매칭된 마크다운 파일 수: 1[0m
[2026-09-26 21:48:09]   이름 변경: 503451_351720_4026.jpg → vxb4hg9yrkdt_20260926214809.jpg
[2026-09-26 21:48:09]   ✓ 이미지 rename 완료
[2026-09-26 21:48:09]   ✓ 마크다운 업데이트: 스티그마 효과.md
[2026-09-26 21:48:09] [0;36m검사: grok_1790339104227.jpg (basename 18자)[0m
[2026-09-26 21:48:09]   [0;32m매칭된 마크다운 파일 수: 1[0m
[2026-09-26 21:48:09]   이름 변경: grok_1790339104227.jpg → pa9fdmgp5pef_20260926214809.jpg
[2026-09-26 21:48:09]   ✓ 이미지 rename 완료
[2026-09-26 21:48:09]   ✓ 마크다운 업데이트: 수면 위상 지연 증후군.md
[2026-09-26 21:48:09] [0;36m검사: grok_1790338398130.jpg (basename 18자)[0m
[2026-09-26 21:48:09]   [0;32m매칭된 마크다운 파일 수: 1[0m
[2026-09-26 21:48:09]   이름 변경: grok_1790338398130.jpg → ekr4f837ctvd_20260926214809.jpg
[2026-09-26 21:48:09]   ✓ 이미지 rename 완료
[2026-09-26 21:48:09]   ✓ 마크다운 업데이트: 심리역동치료.md
[2026-09-26 21:48:09] [0;36m검사: grok_1790338646462.jpg (basename 18자)[0m
[2026-09-26 21:48:09]   [0;32m매칭된 마크다운 파일 수: 1[0m
[2026-09-26 21:48:09]   이름 변경: grok_1790338646462.jpg → mukv5w9ye3xh_20260926214809.jpg
[2026-09-26 21:48:09]   ✓ 이미지 rename 완료
[2026-09-26 21:48:09]   ✓ 마크다운 업데이트: 변증법적 행동치료.md
[2026-09-26 21:48:10] [0;36m검사: grok_1790342104793.jpg (basename 18자)[0m
[2026-09-26 21:48:10]   [0;32m매칭된 마크다운 파일 수: 1[0m
[2026-09-26 21:48:10]   이름 변경: grok_1790342104793.jpg → ew3txa8ppx2a_20260926214810.jpg
[2026-09-26 21:48:10]   ✓ 이미지 rename 완료
[2026-09-26 21:48:10]   ✓ 마크다운 업데이트: 점화 효과.md
[2026-09-26 21:48:10] [0;36m검사: dhovzh2p63wk03tu6t.jpg (basename 18자)[0m
[2026-09-26 21:48:10]   [0;32m매칭된 마크다운 파일 수: 1[0m
[2026-09-26 21:48:10]   이름 변경: dhovzh2p63wk03tu6t.jpg → n4w664eevxab_20260926214810.jpg
[2026-09-26 21:48:10]   ✓ 이미지 rename 완료
[2026-09-26 21:48:10]   ✓ 마크다운 업데이트: 테레사 효과.md
[2026-09-26 21:48:10] [0;36m검사: sphqg3ibf14afw6c9a.png (basename 18자)[0m
[2026-09-26 21:48:10]   [0;32m매칭된 마크다운 파일 수: 1[0m
[2026-09-26 21:48:10]   이름 변경: sphqg3ibf14afw6c9a.png → va4ppmnsneab_20260926214810.png
[2026-09-26 21:48:10]   ✓ 이미지 rename 완료
[2026-09-26 21:48:10]   ✓ 마크다운 업데이트: 잘못된 인과관계의 오류.md
[2026-09-26 21:48:10] [0;36m검사: gmfsday1fwkgsjdprq.png (basename 18자)[0m
[2026-09-26 21:48:10]   [0;32m매칭된 마크다운 파일 수: 1[0m
[2026-09-26 21:48:10]   이름 변경: gmfsday1fwkgsjdprq.png → bsydg6trbxxk_20260926214810.png
[2026-09-26 21:48:10]   ✓ 이미지 rename 완료
[2026-09-26 21:48:10]   ✓ 마크다운 업데이트: 존재론 - 결론.md
[2026-09-26 21:48:10] [0;36m검사: x0z2ay4vp7xt718w36.png (basename 18자)[0m
[2026-09-26 21:48:10]   [0;32m매칭된 마크다운 파일 수: 1[0m
[2026-09-26 21:48:10]   이름 변경: x0z2ay4vp7xt718w36.png → 8bgvbfbg963n_20260926214810.png
[2026-09-26 21:48:10]   ✓ 이미지 rename 완료
[2026-09-26 21:48:10]   ✓ 마크다운 업데이트: 초끈이론과 막 우주론.md
[2026-09-26 21:48:10] [0;36m검사: 658d0m3istggekmeww.png (basename 18자)[0m
[2026-09-26 21:48:10]   [0;32m매칭된 마크다운 파일 수: 1[0m
[2026-09-26 21:48:10]   이름 변경: 658d0m3istggekmeww.png → 73vdetkvykgh_20260926214810.png
[2026-09-26 21:48:10]   ✓ 이미지 rename 완료
[2026-09-26 21:48:10]   ✓ 마크다운 업데이트: 온도별 적정 습도 정보.md
[2026-09-26 21:48:10] [0;36m검사: uro4141em94g7p3bmz.png (basename 18자)[0m
[2026-09-26 21:48:10]   [0;32m매칭된 마크다운 파일 수: 1[0m
[2026-09-26 21:48:10]   이름 변경: uro4141em94g7p3bmz.png → svbhmc5f7an8_20260926214810.png
[2026-09-26 21:48:10]   ✓ 이미지 rename 완료
[2026-09-26 21:48:10]   ✓ 마크다운 업데이트: 산후우울증.md
[2026-09-26 21:48:10] [0;36m검사: j47ppvllrwz2m3sjif.png (basename 18자)[0m
[2026-09-26 21:48:10]   [0;32m매칭된 마크다운 파일 수: 1[0m
[2026-09-26 21:48:10]   이름 변경: j47ppvllrwz2m3sjif.png → ervkggs5fpu2_20260926214810.png
[2026-09-26 21:48:10]   ✓ 이미지 rename 완료
[2026-09-26 21:48:10]   ✓ 마크다운 업데이트: 응용윤리학 - 나의 견해 분석.md
[2026-09-26 21:48:10] [0;36m검사: y1eyi454sni65q1ial.png (basename 18자)[0m
[2026-09-26 21:48:10]   [0;32m매칭된 마크다운 파일 수: 1[0m
[2026-09-26 21:48:10]   이름 변경: y1eyi454sni65q1ial.png → artmr7vd77vd_20260926214810.png
[2026-09-26 21:48:10]   ✓ 이미지 rename 완료
[2026-09-26 21:48:10]   ✓ 마크다운 업데이트: 신체경험치료.md
[2026-09-26 21:48:10] [0;36m검사: ys914lccthddfuhnap.png (basename 18자)[0m
[2026-09-26 21:48:10]   [0;32m매칭된 마크다운 파일 수: 1[0m
[2026-09-26 21:48:10]   이름 변경: ys914lccthddfuhnap.png → dxy4h9ugn78f_20260926214810.png
[2026-09-26 21:48:10]   ✓ 이미지 rename 완료
[2026-09-26 21:48:10]   ✓ 마크다운 업데이트: GABA(가바).md
[2026-09-26 21:48:10] [0;36m검사: zbdtfx8sfre7b9e9wt.png (basename 18자)[0m
[2026-09-26 21:48:10]   [0;32m매칭된 마크다운 파일 수: 1[0m
[2026-09-26 21:48:10]   이름 변경: zbdtfx8sfre7b9e9wt.png → f2mypx7efxnw_20260926214810.png
[2026-09-26 21:48:10]   ✓ 이미지 rename 완료
[2026-09-26 21:48:10]   ✓ 마크다운 업데이트: 좋은 의존과 나쁜 의존.md
[2026-09-26 21:48:10] [0;36m검사: a1q33ftu1i5ecvuzq6.jpg (basename 18자)[0m
[2026-09-26 21:48:10]   [0;32m매칭된 마크다운 파일 수: 1[0m
[2026-09-26 21:48:10]   이름 변경: a1q33ftu1i5ecvuzq6.jpg → b4px9bxncfd8_20260926214810.jpg
[2026-09-26 21:48:10]   ✓ 이미지 rename 완료
[2026-09-26 21:48:10]   ✓ 마크다운 업데이트: 파랑새 증후군.md
[2026-09-26 21:48:10] [0;36m검사: rmzfe86lqpt6y7xgk3.png (basename 18자)[0m
[2026-09-26 21:48:10]   [0;32m매칭된 마크다운 파일 수: 1[0m
[2026-09-26 21:48:10]   이름 변경: rmzfe86lqpt6y7xgk3.png → 778v2pny4hdg_20260926214810.png
[2026-09-26 21:48:10]   ✓ 이미지 rename 완료
[2026-09-26 21:48:10]   ✓ 마크다운 업데이트: 샌드위치 증후군.md
[2026-09-26 21:48:10] [0;36m검사: piktfg79znf75s0n1y.jpg (basename 18자)[0m
[2026-09-26 21:48:10]   [0;32m매칭된 마크다운 파일 수: 1[0m
[2026-09-26 21:48:10]   이름 변경: piktfg79znf75s0n1y.jpg → sk5mmpugbfcr_20260926214810.jpg
[2026-09-26 21:48:10]   ✓ 이미지 rename 완료
[2026-09-26 21:48:10]   ✓ 마크다운 업데이트: 삼성 프린터 토너 MLT-D115L.md
[2026-09-26 21:48:10] [0;36m검사: e0pqfpvriojq5kqm35.png (basename 18자)[0m
[2026-09-26 21:48:10]   [0;32m매칭된 마크다운 파일 수: 1[0m
[2026-09-26 21:48:10]   이름 변경: e0pqfpvriojq5kqm35.png → s28h7n7ktf7p_20260926214810.png
[2026-09-26 21:48:10]   ✓ 이미지 rename 완료
[2026-09-26 21:48:10]   ✓ 마크다운 업데이트: 상징적 소속감.md
[2026-09-26 21:48:10] [0;36m검사: rzmbhq9cd8v4eoivny.png (basename 18자)[0m
[2026-09-26 21:48:10]   [0;32m매칭된 마크다운 파일 수: 1[0m
[2026-09-26 21:48:10]   이름 변경: rzmbhq9cd8v4eoivny.png → dnpmkewm5kpe_20260926214810.png
[2026-09-26 21:48:10]   ✓ 이미지 rename 완료
[2026-09-26 21:48:10]   ✓ 마크다운 업데이트: 음식 참견 대처 방법.md
[2026-09-26 21:48:10] [0;36m검사: ucsa6mrh4p643xg43g.png (basename 18자)[0m
[2026-09-26 21:48:10]   [0;32m매칭된 마크다운 파일 수: 1[0m
[2026-09-26 21:48:10]   이름 변경: ucsa6mrh4p643xg43g.png → aa82496v3pu2_20260926214810.png
[2026-09-26 21:48:10]   ✓ 이미지 rename 완료
[2026-09-26 21:48:10]   ✓ 마크다운 업데이트: 종교적 오염 불안.md
[2026-09-26 21:48:10] [0;36m검사: mpltoiwad0wv54851x.png (basename 18자)[0m
[2026-09-26 21:48:10]   [0;32m매칭된 마크다운 파일 수: 1[0m
[2026-09-26 21:48:10]   이름 변경: mpltoiwad0wv54851x.png → bukkwaw9xee9_20260926214810.png
[2026-09-26 21:48:10]   ✓ 이미지 rename 완료
[2026-09-26 21:48:10]   ✓ 마크다운 업데이트: 나의 메모 흐름도.md
[2026-09-26 21:48:10] [0;36m검사: i8al7urdkmpdk9nwsr.png (basename 18자)[0m
[2026-09-26 21:48:10]   [0;32m매칭된 마크다운 파일 수: 1[0m
[2026-09-26 21:48:10]   이름 변경: i8al7urdkmpdk9nwsr.png → fbehea278h9k_20260926214810.png
[2026-09-26 21:48:10]   ✓ 이미지 rename 완료
[2026-09-26 21:48:10]   ✓ 마크다운 업데이트: 사람과의 음식 대화.md
[2026-09-26 21:48:10] [0;36m검사: kmzu4w5grakutirpfe.png (basename 18자)[0m
[2026-09-26 21:48:10]   [0;32m매칭된 마크다운 파일 수: 1[0m
[2026-09-26 21:48:10]   이름 변경: kmzu4w5grakutirpfe.png → t7nc55dbn2wf_20260926214810.png
[2026-09-26 21:48:10]   ✓ 이미지 rename 완료
[2026-09-26 21:48:10]   ✓ 마크다운 업데이트: 집단적 방어 기제.md
[2026-09-26 21:48:10] [0;36m검사: ke6lbghpaf686u04fu.png (basename 18자)[0m
[2026-09-26 21:48:10]   [0;32m매칭된 마크다운 파일 수: 1[0m
[2026-09-26 21:48:10]   이름 변경: ke6lbghpaf686u04fu.png → 4ean56ncex9u_20260926214810.png
[2026-09-26 21:48:10]   ✓ 이미지 rename 완료
[2026-09-26 21:48:10]   ✓ 마크다운 업데이트: 잘못된 비유의 오류.md
[2026-09-26 21:48:10] [0;36m검사: v24jjlvq57kkromb0w.png (basename 18자)[0m
[2026-09-26 21:48:10]   [0;32m매칭된 마크다운 파일 수: 1[0m
[2026-09-26 21:48:10]   이름 변경: v24jjlvq57kkromb0w.png → sw85xepuxku3_20260926214810.png
[2026-09-26 21:48:10]   ✓ 이미지 rename 완료
[2026-09-26 21:48:10]   ✓ 마크다운 업데이트: 세키로 게임 지도 진행 순서.md
[2026-09-26 21:48:10] [0;36m검사: ckpdqllgyrethsw4mf.png (basename 18자)[0m
[2026-09-26 21:48:10]   [0;32m매칭된 마크다운 파일 수: 1[0m
[2026-09-26 21:48:10]   이름 변경: ckpdqllgyrethsw4mf.png → 5e7hp5avvbs3_20260926214810.png
[2026-09-26 21:48:10]   ✓ 이미지 rename 완료
[2026-09-26 21:48:10]   ✓ 마크다운 업데이트: 자이가르닉 효과.md
[2026-09-26 21:48:10] [0;36m검사: u17o7auu5jpdlr36fs.png (basename 18자)[0m
[2026-09-26 21:48:10]   [0;32m매칭된 마크다운 파일 수: 1[0m
[2026-09-26 21:48:10]   이름 변경: u17o7auu5jpdlr36fs.png → 2epspphttsub_20260926214810.png
[2026-09-26 21:48:10]   ✓ 이미지 rename 완료
[2026-09-26 21:48:10]   ✓ 마크다운 업데이트: 통제 가능한 것에 집중하기.md
[2026-09-26 21:48:10] [0;36m검사: 6k8di5yl25jqmkt38k.png (basename 18자)[0m
[2026-09-26 21:48:10]   [0;32m매칭된 마크다운 파일 수: 1[0m
[2026-09-26 21:48:10]   이름 변경: 6k8di5yl25jqmkt38k.png → 2tvxvn2hc93w_20260926214810.png
[2026-09-26 21:48:10]   ✓ 이미지 rename 완료
[2026-09-26 21:48:10]   ✓ 마크다운 업데이트: 사회적 편향 분석.md
[2026-09-26 21:48:10] [0;36m검사: olkaad9vago7quj1xg.png (basename 18자)[0m
[2026-09-26 21:48:10]   [0;32m매칭된 마크다운 파일 수: 1[0m
[2026-09-26 21:48:10]   이름 변경: olkaad9vago7quj1xg.png → gu42atfrnkvn_20260926214810.png
[2026-09-26 21:48:10]   ✓ 이미지 rename 완료
[2026-09-26 21:48:10]   ✓ 마크다운 업데이트: 철학적 사고는 필요한가.md
[2026-09-26 21:48:10] [0;36m검사: a0acsxtcs1keh41npa.png (basename 18자)[0m
[2026-09-26 21:48:10]   [0;32m매칭된 마크다운 파일 수: 1[0m
[2026-09-26 21:48:10]   이름 변경: a0acsxtcs1keh41npa.png → hfw6g4wy892d_20260926214810.png
[2026-09-26 21:48:10]   ✓ 이미지 rename 완료
[2026-09-26 21:48:10]   ✓ 마크다운 업데이트: 더운 여름철 식욕 저하 이유.md
[2026-09-26 21:48:10] [0;36m검사: tpodbixis79vsp2qlp.png (basename 18자)[0m
[2026-09-26 21:48:10]   [0;32m매칭된 마크다운 파일 수: 1[0m
[2026-09-26 21:48:10]   이름 변경: tpodbixis79vsp2qlp.png → 86wup2pm9ug9_20260926214810.png
[2026-09-26 21:48:10]   ✓ 이미지 rename 완료
[2026-09-26 21:48:11]   ✓ 마크다운 업데이트: 철학과 옵시디언 - 생각의 프레임.md
[2026-09-26 21:48:11] [0;36m검사: wsxgco0s20pom9gnqs.png (basename 18자)[0m
[2026-09-26 21:48:11]   [0;32m매칭된 마크다운 파일 수: 1[0m
[2026-09-26 21:48:11]   이름 변경: wsxgco0s20pom9gnqs.png → 23vkgd4c3agm_20260926214811.png
[2026-09-26 21:48:11]   ✓ 이미지 rename 완료
[2026-09-26 21:48:11]   ✓ 마크다운 업데이트: 손실 회피 편향.md
[2026-09-26 21:48:11] [0;36m검사: ehljmernkb8hkpa7ne.png (basename 18자)[0m
[2026-09-26 21:48:11]   [0;32m매칭된 마크다운 파일 수: 2[0m
[2026-09-26 21:48:11]   이름 변경: ehljmernkb8hkpa7ne.png → au3ksspusfdr_20260926214811.png
[2026-09-26 21:48:11]   ✓ 이미지 rename 완료
[2026-09-26 21:48:11]   ✓ 마크다운 업데이트: AI 공존 시대를 위한 심리적 스탠스.md
[2026-09-26 21:48:11]   ✓ 마크다운 업데이트: 인간과 AI 공존을 위한 심리.md
[2026-09-26 21:48:11] [0;36m검사: fzixq6ahd4i65ktyuz.png (basename 18자)[0m
[2026-09-26 21:48:11]   [0;32m매칭된 마크다운 파일 수: 1[0m
[2026-09-26 21:48:11]   이름 변경: fzixq6ahd4i65ktyuz.png → w5t6n9bv59ed_20260926214811.png
[2026-09-26 21:48:11]   ✓ 이미지 rename 완료
[2026-09-26 21:48:11]   ✓ 마크다운 업데이트: 문간에 발 들여놓기 기법.md
[2026-09-26 21:48:11] [0;36m검사: yccoe11iybki9z9qhb.png (basename 18자)[0m
[2026-09-26 21:48:11]   [0;32m매칭된 마크다운 파일 수: 1[0m
[2026-09-26 21:48:11]   이름 변경: yccoe11iybki9z9qhb.png → 8ku59t326hbk_20260926214811.png
[2026-09-26 21:48:11]   ✓ 이미지 rename 완료
[2026-09-26 21:48:11]   ✓ 마크다운 업데이트: 무지에의 호소.md
[2026-09-26 21:48:11] [0;36m검사: rlsenakbwjgjh5ozyc.png (basename 18자)[0m
[2026-09-26 21:48:11]   [0;32m매칭된 마크다운 파일 수: 1[0m
[2026-09-26 21:48:11]   이름 변경: rlsenakbwjgjh5ozyc.png → 7wxpry4nt2xy_20260926214811.png
[2026-09-26 21:48:11]   ✓ 이미지 rename 완료
[2026-09-26 21:48:11]   ✓ 마크다운 업데이트: 법은 조금씩 변해야 한다.md
[2026-09-26 21:48:11] [0;36m검사: 78xmgeiam61rz1u5x6.png (basename 18자)[0m
[2026-09-26 21:48:11]   [0;32m매칭된 마크다운 파일 수: 1[0m
[2026-09-26 21:48:11]   이름 변경: 78xmgeiam61rz1u5x6.png → 8k332gtntur5_20260926214811.png
[2026-09-26 21:48:11]   ✓ 이미지 rename 완료
[2026-09-26 21:48:11]   ✓ 마크다운 업데이트: 과잉보상.md
[2026-09-26 21:48:11] [0;36m검사: v7fdi0dk0o260acwe8.png (basename 18자)[0m
[2026-09-26 21:48:11]   [0;32m매칭된 마크다운 파일 수: 1[0m
[2026-09-26 21:48:11]   이름 변경: v7fdi0dk0o260acwe8.png → stv78aytsdeb_20260926214811.png
[2026-09-26 21:48:11]   ✓ 이미지 rename 완료
[2026-09-26 21:48:11]   ✓ 마크다운 업데이트: 감정 해소 - 적당한 타이밍.md
[2026-09-26 21:48:11] [0;36m검사: hoe0i0d28aa379u2qw.png (basename 18자)[0m
[2026-09-26 21:48:11]   [0;32m매칭된 마크다운 파일 수: 1[0m
[2026-09-26 21:48:11]   이름 변경: hoe0i0d28aa379u2qw.png → neerkvdhb73u_20260926214811.png
[2026-09-26 21:48:11]   ✓ 이미지 rename 완료
[2026-09-26 21:48:11]   ✓ 마크다운 업데이트: 프로파일링 모델 기법.md
[2026-09-26 21:48:11] [0;36m검사: qkmq8ybfpfby7ehauf.png (basename 18자)[0m
[2026-09-26 21:48:11]   [0;32m매칭된 마크다운 파일 수: 1[0m
[2026-09-26 21:48:11]   이름 변경: qkmq8ybfpfby7ehauf.png → ps8pgbybhr6e_20260926214811.png
[2026-09-26 21:48:11]   ✓ 이미지 rename 완료
[2026-09-26 21:48:11]   ✓ 마크다운 업데이트: 인간 메모 기록의 한계와 미래.md
[2026-09-26 21:48:11] [0;36m검사: 6kx0sbxyfx3hodk4tn.png (basename 18자)[0m
[2026-09-26 21:48:11]   [0;32m매칭된 마크다운 파일 수: 1[0m
[2026-09-26 21:48:11]   이름 변경: 6kx0sbxyfx3hodk4tn.png → dh34969d4e5d_20260926214811.png
[2026-09-26 21:48:11]   ✓ 이미지 rename 완료
[2026-09-26 21:48:11]   ✓ 마크다운 업데이트: 앨리스 증후군.md
[2026-09-26 21:48:11] [0;36m검사: goelu6bk0gpm5hnj0u.png (basename 18자)[0m
[2026-09-26 21:48:11]   [0;32m매칭된 마크다운 파일 수: 1[0m
[2026-09-26 21:48:11]   이름 변경: goelu6bk0gpm5hnj0u.png → pgeam62uwv7m_20260926214811.png
[2026-09-26 21:48:11]   ✓ 이미지 rename 완료
[2026-09-26 21:48:11]   ✓ 마크다운 업데이트: 인간이 추구하는 영원한 권력.md
[2026-09-26 21:48:11] [0;36m검사: 36cvbo3ohmijr7asmq.png (basename 18자)[0m
[2026-09-26 21:48:11]   [0;32m매칭된 마크다운 파일 수: 1[0m
[2026-09-26 21:48:11]   이름 변경: 36cvbo3ohmijr7asmq.png → m7fsfe22cug4_20260926214811.png
[2026-09-26 21:48:11]   ✓ 이미지 rename 완료
[2026-09-26 21:48:11]   ✓ 마크다운 업데이트: 대용량 데이터에 대한 고찰.md
[2026-09-26 21:48:11] [0;36m검사: batk25c62xxubx2938.png (basename 18자)[0m
[2026-09-26 21:48:11]   [0;32m매칭된 마크다운 파일 수: 1[0m
[2026-09-26 21:48:11]   이름 변경: batk25c62xxubx2938.png → 67c5wge5p9xm_20260926214811.png
[2026-09-26 21:48:11]   ✓ 이미지 rename 완료
[2026-09-26 21:48:11]   ✓ 마크다운 업데이트: LIST KR 사건.md
[2026-09-26 21:48:11] [0;36m검사: f6qlfu0j76ufbjzvm4.png (basename 18자)[0m
[2026-09-26 21:48:11]   [0;32m매칭된 마크다운 파일 수: 1[0m
[2026-09-26 21:48:11]   이름 변경: f6qlfu0j76ufbjzvm4.png → smfp7x86gb5n_20260926214811.png
[2026-09-26 21:48:11]   ✓ 이미지 rename 완료
[2026-09-26 21:48:11]   ✓ 마크다운 업데이트: 구원자 콤플렉스.md
[2026-09-26 21:48:11] [0;36m검사: ge8r4fd5qbffb91pi8.png (basename 18자)[0m
[2026-09-26 21:48:11]   [0;32m매칭된 마크다운 파일 수: 1[0m
[2026-09-26 21:48:11]   이름 변경: ge8r4fd5qbffb91pi8.png → whnmv4hdcg3g_20260926214811.png
[2026-09-26 21:48:11]   ✓ 이미지 rename 완료
[2026-09-26 21:48:11]   ✓ 마크다운 업데이트: 사회불안장애 치료법.md
[2026-09-26 21:48:11] [0;36m검사: ovrlg1aonkp9ulxj1m.png (basename 18자)[0m
[2026-09-26 21:48:11]   [0;32m매칭된 마크다운 파일 수: 1[0m
[2026-09-26 21:48:11]   이름 변경: ovrlg1aonkp9ulxj1m.png → 8p8dsadev8a8_20260926214811.png
[2026-09-26 21:48:11]   ✓ 이미지 rename 완료
[2026-09-26 21:48:11]   ✓ 마크다운 업데이트: 허수아비 논증 오류.md
[2026-09-26 21:48:11] [0;36m검사: kcjaesldd51b9egfno.png (basename 18자)[0m
[2026-09-26 21:48:11]   [0;32m매칭된 마크다운 파일 수: 1[0m
[2026-09-26 21:48:11]   이름 변경: kcjaesldd51b9egfno.png → dyta8udnr3uf_20260926214811.png
[2026-09-26 21:48:11]   ✓ 이미지 rename 완료
[2026-09-26 21:48:11]   ✓ 마크다운 업데이트: 고기압과 저기압 구분.md
[2026-09-26 21:48:11] [0;36m검사: 1zinxhjttbupnvca1f.png (basename 18자)[0m
[2026-09-26 21:48:11]   [0;32m매칭된 마크다운 파일 수: 1[0m
[2026-09-26 21:48:11]   이름 변경: 1zinxhjttbupnvca1f.png → gyrawebhse5p_20260926214811.png
[2026-09-26 21:48:11]   ✓ 이미지 rename 완료
[2026-09-26 21:48:11]   ✓ 마크다운 업데이트: 스놉 효과.md
[2026-09-26 21:48:11] [0;36m검사: qneh4vk265sdua2i9o.png (basename 18자)[0m
[2026-09-26 21:48:11]   [0;32m매칭된 마크다운 파일 수: 1[0m
[2026-09-26 21:48:11]   이름 변경: qneh4vk265sdua2i9o.png → gauurcab478a_20260926214811.png
[2026-09-26 21:48:11]   ✓ 이미지 rename 완료
[2026-09-26 21:48:11]   ✓ 마크다운 업데이트: 심리적 기전.md
[2026-09-26 21:48:11] [0;36m검사: 04wvxycrv4806bibzw.png (basename 18자)[0m
[2026-09-26 21:48:11]   [0;32m매칭된 마크다운 파일 수: 1[0m
[2026-09-26 21:48:11]   이름 변경: 04wvxycrv4806bibzw.png → waer39ggy2nc_20260926214811.png
[2026-09-26 21:48:11]   ✓ 이미지 rename 완료
[2026-09-26 21:48:11]   ✓ 마크다운 업데이트: 인슐린.md
[2026-09-26 21:48:11] [0;36m검사: 8ha5e9mcx11zxaspen.png (basename 18자)[0m
[2026-09-26 21:48:11]   [0;32m매칭된 마크다운 파일 수: 1[0m
[2026-09-26 21:48:11]   이름 변경: 8ha5e9mcx11zxaspen.png → tx6stxs4wufs_20260926214811.png
[2026-09-26 21:48:11]   ✓ 이미지 rename 완료
[2026-09-26 21:48:11]   ✓ 마크다운 업데이트: 수급자 혼인신고 시 생계급여 변화.md
[2026-09-26 21:48:11] [0;36m검사: xdccbh1idodf3jwoyj.png (basename 18자)[0m
[2026-09-26 21:48:11]   [0;32m매칭된 마크다운 파일 수: 1[0m
[2026-09-26 21:48:11]   이름 변경: xdccbh1idodf3jwoyj.png → yw59hcsap3k5_20260926214811.png
[2026-09-26 21:48:11]   ✓ 이미지 rename 완료
[2026-09-26 21:48:11]   ✓ 마크다운 업데이트: 감정 소화 - 루틴.md
[2026-09-26 21:48:11] [0;36m검사: 7eos8s81bxaidcbf2l.png (basename 18자)[0m
[2026-09-26 21:48:11]   [0;32m매칭된 마크다운 파일 수: 1[0m
[2026-09-26 21:48:11]   이름 변경: 7eos8s81bxaidcbf2l.png → 9fas3xcra4sp_20260926214811.png
[2026-09-26 21:48:11]   ✓ 이미지 rename 완료
[2026-09-26 21:48:11]   ✓ 마크다운 업데이트: 사회 공정성의 실종.md
[2026-09-26 21:48:11] [0;36m검사: xjn3qtlore8vjek0lm.png (basename 18자)[0m
[2026-09-26 21:48:11]   [0;32m매칭된 마크다운 파일 수: 1[0m
[2026-09-26 21:48:11]   이름 변경: xjn3qtlore8vjek0lm.png → nh9v9cerw9hk_20260926214811.png
[2026-09-26 21:48:11]   ✓ 이미지 rename 완료
[2026-09-26 21:48:11]   ✓ 마크다운 업데이트: 사회생활을 바라보는 시점.md
[2026-09-26 21:48:11] [0;36m검사: 7pgglcjtg9jx4apqsj.png (basename 18자)[0m
[2026-09-26 21:48:11]   [0;32m매칭된 마크다운 파일 수: 1[0m
[2026-09-26 21:48:11]   이름 변경: 7pgglcjtg9jx4apqsj.png → mwfp377ekxcn_20260926214811.png
[2026-09-26 21:48:11]   ✓ 이미지 rename 완료
[2026-09-26 21:48:11]   ✓ 마크다운 업데이트: 군중에의 호소.md
[2026-09-26 21:48:11] [0;36m검사: hrdphsq45isbi0flrt.png (basename 18자)[0m
[2026-09-26 21:48:11]   [0;32m매칭된 마크다운 파일 수: 1[0m
[2026-09-26 21:48:11]   이름 변경: hrdphsq45isbi0flrt.png → 3ra844aabp48_20260926214811.png
[2026-09-26 21:48:11]   ✓ 이미지 rename 완료
[2026-09-26 21:48:11]   ✓ 마크다운 업데이트: 피장파장의 오류.md
[2026-09-26 21:48:11] [0;36m검사: wfdlwv9p3h8xw1na7m.png (basename 18자)[0m
[2026-09-26 21:48:11]   [0;32m매칭된 마크다운 파일 수: 1[0m
[2026-09-26 21:48:11]   이름 변경: wfdlwv9p3h8xw1na7m.png → tdx8eaekwf9w_20260926214811.png
[2026-09-26 21:48:11]   ✓ 이미지 rename 완료
[2026-09-26 21:48:11]   ✓ 마크다운 업데이트: 사회 집단 편향.md
[2026-09-26 21:48:11] [0;36m검사: by3wuere5y1v9u7r1q.png (basename 18자)[0m
[2026-09-26 21:48:12]   [0;32m매칭된 마크다운 파일 수: 1[0m
[2026-09-26 21:48:12]   이름 변경: by3wuere5y1v9u7r1q.png → b2drut6t8uby_20260926214812.png
[2026-09-26 21:48:12]   ✓ 이미지 rename 완료
[2026-09-26 21:48:12]   ✓ 마크다운 업데이트: 전건 부정의 오류.md
[2026-09-26 21:48:12] [0;36m검사: voxi9sz62c0vnlocnv.png (basename 18자)[0m
[2026-09-26 21:48:12]   [0;32m매칭된 마크다운 파일 수: 1[0m
[2026-09-26 21:48:12]   이름 변경: voxi9sz62c0vnlocnv.png → xskm9by9gf8h_20260926214812.png
[2026-09-26 21:48:12]   ✓ 이미지 rename 완료
[2026-09-26 21:48:12]   ✓ 마크다운 업데이트: 변형된 PARA 구조.md
[2026-09-26 21:48:12] [0;36m검사: sljxp0nkcy2whcm185.png (basename 18자)[0m
[2026-09-26 21:48:12]   [0;32m매칭된 마크다운 파일 수: 1[0m
[2026-09-26 21:48:12]   이름 변경: sljxp0nkcy2whcm185.png → 7e8wtgdfs88h_20260926214812.png
[2026-09-26 21:48:12]   ✓ 이미지 rename 완료
[2026-09-26 21:48:12]   ✓ 마크다운 업데이트: 현재의 AI model 한계점.md
[2026-09-26 21:48:12] [0;36m검사: su2x43i91muw42lpti.png (basename 18자)[0m
[2026-09-26 21:48:12]   [0;32m매칭된 마크다운 파일 수: 1[0m
[2026-09-26 21:48:12]   이름 변경: su2x43i91muw42lpti.png → b9eg3m6gbc2c_20260926214812.png
[2026-09-26 21:48:12]   ✓ 이미지 rename 완료
[2026-09-26 21:48:12]   ✓ 마크다운 업데이트: 의식과 무의식 욕구의 충돌.md
[2026-09-26 21:48:12] [0;36m검사: p8tcg5fr1proarp8p0.png (basename 18자)[0m
[2026-09-26 21:48:12]   [0;32m매칭된 마크다운 파일 수: 1[0m
[2026-09-26 21:48:12]   이름 변경: p8tcg5fr1proarp8p0.png → bxm2ywgx359r_20260926214812.png
[2026-09-26 21:48:12]   ✓ 이미지 rename 완료
[2026-09-26 21:48:12]   ✓ 마크다운 업데이트: 최후통첩 게임.md
[2026-09-26 21:48:12] [0;36m검사: 3gd1i880zut66ta9vz.png (basename 18자)[0m
[2026-09-26 21:48:12]   [0;32m매칭된 마크다운 파일 수: 1[0m
[2026-09-26 21:48:12]   이름 변경: 3gd1i880zut66ta9vz.png → wv342b5kerym_20260926214812.png
[2026-09-26 21:48:12]   ✓ 이미지 rename 완료
[2026-09-26 21:48:12]   ✓ 마크다운 업데이트: 후건 긍정의 오류.md
[2026-09-26 21:48:12] [0;36m검사: 7cmpu7obeyw4v1zygq.png (basename 18자)[0m
[2026-09-26 21:48:12]   [0;32m매칭된 마크다운 파일 수: 1[0m
[2026-09-26 21:48:12]   이름 변경: 7cmpu7obeyw4v1zygq.png → 7hd5msxcc27n_20260926214812.png
[2026-09-26 21:48:12]   ✓ 이미지 rename 완료
[2026-09-26 21:48:12]   ✓ 마크다운 업데이트: 내집단 편향.md
[2026-09-26 21:48:12] [0;36m검사: dlscaklxkmyn93rb5p.png (basename 18자)[0m
[2026-09-26 21:48:12]   [0;32m매칭된 마크다운 파일 수: 1[0m
[2026-09-26 21:48:12]   이름 변경: dlscaklxkmyn93rb5p.png → kya8kp8c47xw_20260926214812.png
[2026-09-26 21:48:12]   ✓ 이미지 rename 완료
[2026-09-26 21:48:12]   ✓ 마크다운 업데이트: 스케일링 전략.md
[2026-09-26 21:48:12] [0;36m검사: 3s4is6d7ngu917kuft.jpg (basename 18자)[0m
[2026-09-26 21:48:12]   [0;32m매칭된 마크다운 파일 수: 1[0m
[2026-09-26 21:48:12]   이름 변경: 3s4is6d7ngu917kuft.jpg → 6rxsds85674a_20260926214812.jpg
[2026-09-26 21:48:12]   ✓ 이미지 rename 완료
[2026-09-26 21:48:12]   ✓ 마크다운 업데이트: 삼성 프린터 토너 MLT-D115L.md
[2026-09-26 21:48:12] [0;36m검사: 35fdf1xph7m1dstk5c.png (basename 18자)[0m
[2026-09-26 21:48:12]   [0;32m매칭된 마크다운 파일 수: 1[0m
[2026-09-26 21:48:12]   이름 변경: 35fdf1xph7m1dstk5c.png → 63wmdtcx337p_20260926214812.png
[2026-09-26 21:48:12]   ✓ 이미지 rename 완료
[2026-09-26 21:48:12]   ✓ 마크다운 업데이트: 자연주의적 오류.md
[2026-09-26 21:48:12] [0;36m검사: ijzx4xooaxinwzp32r.png (basename 18자)[0m
[2026-09-26 21:48:12]   [0;32m매칭된 마크다운 파일 수: 2[0m
[2026-09-26 21:48:12]   이름 변경: ijzx4xooaxinwzp32r.png → vtt2ygxhma4m_20260926214812.png
[2026-09-26 21:48:12]   ✓ 이미지 rename 완료
[2026-09-26 21:48:12]   ✓ 마크다운 업데이트: 심리 선동의 학문적 연구 분야.md
[2026-09-26 21:48:12]   ✓ 마크다운 업데이트: 심리 조정 선동의 학문적 연구 분야.md
[2026-09-26 21:48:12] [0;36m검사: sd3e3n7s58gpi6unn9.png (basename 18자)[0m
[2026-09-26 21:48:12]   [0;32m매칭된 마크다운 파일 수: 1[0m
[2026-09-26 21:48:12]   이름 변경: sd3e3n7s58gpi6unn9.png → 92wadh4uvkbx_20260926214812.png
[2026-09-26 21:48:12]   ✓ 이미지 rename 완료
[2026-09-26 21:48:12]   ✓ 마크다운 업데이트: 도덕적 순결주의.md
[2026-09-26 21:48:12] [0;36m검사: mcgmy1e4bl6i88foxz.png (basename 18자)[0m
[2026-09-26 21:48:12]   [0;32m매칭된 마크다운 파일 수: 1[0m
[2026-09-26 21:48:12]   이름 변경: mcgmy1e4bl6i88foxz.png → svt62caf7svx_20260926214812.png
[2026-09-26 21:48:12]   ✓ 이미지 rename 완료
[2026-09-26 21:48:12]   ✓ 마크다운 업데이트: 방아쇠 수지 신경 압박.md
[2026-09-26 21:48:12] [0;36m검사: 8kv3rp81lebbw5whla.jpg (basename 18자)[0m
[2026-09-26 21:48:12]   [0;32m매칭된 마크다운 파일 수: 1[0m
[2026-09-26 21:48:12]   이름 변경: 8kv3rp81lebbw5whla.jpg → crta7v49hrt2_20260926214812.jpg
[2026-09-26 21:48:12]   ✓ 이미지 rename 완료
[2026-09-26 21:48:12]   ✓ 마크다운 업데이트: 잠꼬대 욕설.md
[2026-09-26 21:48:12] [0;36m검사: sk4hewbm42a7r6klmk.png (basename 18자)[0m
[2026-09-26 21:48:12]   [0;32m매칭된 마크다운 파일 수: 1[0m
[2026-09-26 21:48:12]   이름 변경: sk4hewbm42a7r6klmk.png → tfkmpxtgkr26_20260926214812.png
[2026-09-26 21:48:12]   ✓ 이미지 rename 완료
[2026-09-26 21:48:12]   ✓ 마크다운 업데이트: 순환논리의 오류.md
[2026-09-26 21:48:12] [0;36m검사: ev1srjuqobmeznt1lu.png (basename 18자)[0m
[2026-09-26 21:48:12]   [0;32m매칭된 마크다운 파일 수: 1[0m
[2026-09-26 21:48:12]   이름 변경: ev1srjuqobmeznt1lu.png → 7hmr2ars2psh_20260926214812.png
[2026-09-26 21:48:12]   ✓ 이미지 rename 완료
[2026-09-26 21:48:12]   ✓ 마크다운 업데이트: 루시퍼 효과.md
[2026-09-26 21:48:12] [0;36m검사: foyrpvff201wi5n6sp.png (basename 18자)[0m
[2026-09-26 21:48:12]   [0;32m매칭된 마크다운 파일 수: 1[0m
[2026-09-26 21:48:12]   이름 변경: foyrpvff201wi5n6sp.png → sh9rfccnn9ba_20260926214812.png
[2026-09-26 21:48:12]   ✓ 이미지 rename 완료
[2026-09-26 21:48:12]   ✓ 마크다운 업데이트: 복합질문의 오류.md
[2026-09-26 21:48:12] [0;36m검사: 7sx1jawm2ex8op5b7m.png (basename 18자)[0m
[2026-09-26 21:48:12]   [0;32m매칭된 마크다운 파일 수: 1[0m
[2026-09-26 21:48:12]   이름 변경: 7sx1jawm2ex8op5b7m.png → mbydvghdcutt_20260926214812.png
[2026-09-26 21:48:12]   ✓ 이미지 rename 완료
[2026-09-26 21:48:12]   ✓ 마크다운 업데이트: 자비 중심 치료.md
[2026-09-26 21:48:12] [0;36m검사: bj0zwprl2goes4ahh1.png (basename 18자)[0m
[2026-09-26 21:48:12]   [0;32m매칭된 마크다운 파일 수: 1[0m
[2026-09-26 21:48:12]   이름 변경: bj0zwprl2goes4ahh1.png → gkx4ukwyauk8_20260926214812.png
[2026-09-26 21:48:12]   ✓ 이미지 rename 완료
[2026-09-26 21:48:12]   ✓ 마크다운 업데이트: 자기 투사.md
[2026-09-26 21:48:12] [0;36m검사: 5zvrr26e1cltio304q.png (basename 18자)[0m
[2026-09-26 21:48:12]   [0;32m매칭된 마크다운 파일 수: 1[0m
[2026-09-26 21:48:12]   이름 변경: 5zvrr26e1cltio304q.png → 2xnxw53avxtf_20260926214812.png
[2026-09-26 21:48:12]   ✓ 이미지 rename 완료
[2026-09-26 21:48:12]   ✓ 마크다운 업데이트: 옵시디언 첨부파일 처리.md
[2026-09-26 21:48:12] [0;36m검사: hpr3saje2io37owu05.png (basename 18자)[0m
[2026-09-26 21:48:12]   [0;32m매칭된 마크다운 파일 수: 1[0m
[2026-09-26 21:48:12]   이름 변경: hpr3saje2io37owu05.png → mxa8vydpbhrh_20260926214812.png
[2026-09-26 21:48:12]   ✓ 이미지 rename 완료
[2026-09-26 21:48:12]   ✓ 마크다운 업데이트: 미끄러운 경사면의 오류.md
[2026-09-26 21:48:12] [0;36m검사: ej0q8axieerai165cf.png (basename 18자)[0m
[2026-09-26 21:48:12]   [0;32m매칭된 마크다운 파일 수: 1[0m
[2026-09-26 21:48:12]   이름 변경: ej0q8axieerai165cf.png → esec6gwencev_20260926214812.png
[2026-09-26 21:48:12]   ✓ 이미지 rename 완료
[2026-09-26 21:48:12]   ✓ 마크다운 업데이트: 프로파일링 모델 기법.md
[2026-09-26 21:48:12] [0;36m검사: ubluag98dzjiyvouwe.png (basename 18자)[0m
[2026-09-26 21:48:12]   [0;32m매칭된 마크다운 파일 수: 1[0m
[2026-09-26 21:48:12]   이름 변경: ubluag98dzjiyvouwe.png → ueut8mtp5g7h_20260926214812.png
[2026-09-26 21:48:12]   ✓ 이미지 rename 완료
[2026-09-26 21:48:12]   ✓ 마크다운 업데이트: 옵시디언 작업대 비유.md
[2026-09-26 21:48:12] [0;36m검사: e50jy8erhwh1gomlbi.png (basename 18자)[0m
[2026-09-26 21:48:12]   [0;32m매칭된 마크다운 파일 수: 1[0m
[2026-09-26 21:48:12]   이름 변경: e50jy8erhwh1gomlbi.png → mwewb8rpcee2_20260926214812.png
[2026-09-26 21:48:12]   ✓ 이미지 rename 완료
[2026-09-26 21:48:12]   ✓ 마크다운 업데이트: 자기 효능감.md
[2026-09-26 21:48:12] [0;36m검사: 83s1irz2sldinf3blk.png (basename 18자)[0m
[2026-09-26 21:48:12]   [0;32m매칭된 마크다운 파일 수: 1[0m
[2026-09-26 21:48:12]   이름 변경: 83s1irz2sldinf3blk.png → 8df2r3h3gdm7_20260926214812.png
[2026-09-26 21:48:12]   ✓ 이미지 rename 완료
[2026-09-26 21:48:12]   ✓ 마크다운 업데이트: 신은 인간 마음의 나침반.md
[2026-09-26 21:48:12] [0;36m검사: klars2gdgeeitd8wqr.png (basename 18자)[0m
[2026-09-26 21:48:12]   [0;32m매칭된 마크다운 파일 수: 1[0m
[2026-09-26 21:48:12]   이름 변경: klars2gdgeeitd8wqr.png → bg4gbbgs738k_20260926214812.png
[2026-09-26 21:48:12]   ✓ 이미지 rename 완료
[2026-09-26 21:48:12]   ✓ 마크다운 업데이트: 멘탈 모델.md
[2026-09-26 21:48:12] [0;36m검사: wftfntpmgjyf8d64r4.png (basename 18자)[0m
[2026-09-26 21:48:12]   [0;32m매칭된 마크다운 파일 수: 1[0m
[2026-09-26 21:48:12]   이름 변경: wftfntpmgjyf8d64r4.png → bn723eu9wvyw_20260926214812.png
[2026-09-26 21:48:12]   ✓ 이미지 rename 완료
[2026-09-26 21:48:12]   ✓ 마크다운 업데이트: 프로파일링 모델 기법.md
[2026-09-26 21:48:12] [0;36m검사: yl0s1jxxnv61dsqbha.png (basename 18자)[0m
[2026-09-26 21:48:12]   [0;32m매칭된 마크다운 파일 수: 1[0m
[2026-09-26 21:48:12]   이름 변경: yl0s1jxxnv61dsqbha.png → ewhwfghc6xvg_20260926214812.png
[2026-09-26 21:48:12]   ✓ 이미지 rename 완료
[2026-09-26 21:48:12]   ✓ 마크다운 업데이트: 옵시디언 MOC 구성법.md
[2026-09-26 21:48:12] [0;36m검사: dobqmlmgaxu9lydqw8.png (basename 18자)[0m
[2026-09-26 21:48:13]   [0;32m매칭된 마크다운 파일 수: 1[0m
[2026-09-26 21:48:13]   이름 변경: dobqmlmgaxu9lydqw8.png → 5a52dw3e88mx_20260926214813.png
[2026-09-26 21:48:13]   ✓ 이미지 rename 완료
[2026-09-26 21:48:13]   ✓ 마크다운 업데이트: 사회 정체성 이론.md
[2026-09-26 21:48:13] [0;36m검사: t1vslo31x2p6ibn2k8.png (basename 18자)[0m
[2026-09-26 21:48:13]   [0;32m매칭된 마크다운 파일 수: 1[0m
[2026-09-26 21:48:13]   이름 변경: t1vslo31x2p6ibn2k8.png → 5gthyabd56er_20260926214813.png
[2026-09-26 21:48:13]   ✓ 이미지 rename 완료
[2026-09-26 21:48:13]   ✓ 마크다운 업데이트: 그레셤의 법칙.md
[2026-09-26 21:48:13] [0;36m검사: xgo7i4rfpza3703024.png (basename 18자)[0m
[2026-09-26 21:48:13]   [0;32m매칭된 마크다운 파일 수: 1[0m
[2026-09-26 21:48:13]   이름 변경: xgo7i4rfpza3703024.png → m95ytn4f8gu7_20260926214813.png
[2026-09-26 21:48:13]   ✓ 이미지 rename 완료
[2026-09-26 21:48:13]   ✓ 마크다운 업데이트: 뇌 건강 관리.md
[2026-09-26 21:48:13] [0;36m검사: quezf87uy9reu19f61.png (basename 18자)[0m
[2026-09-26 21:48:13]   [0;32m매칭된 마크다운 파일 수: 1[0m
[2026-09-26 21:48:13]   이름 변경: quezf87uy9reu19f61.png → xev3kr4ba5cn_20260926214813.png
[2026-09-26 21:48:13]   ✓ 이미지 rename 완료
[2026-09-26 21:48:13]   ✓ 마크다운 업데이트: 분할의 오류.md
[2026-09-26 21:48:13] [0;36m검사: vnm48rf3y1fokodiz0.png (basename 18자)[0m
[2026-09-26 21:48:13]   [0;32m매칭된 마크다운 파일 수: 1[0m
[2026-09-26 21:48:13]   이름 변경: vnm48rf3y1fokodiz0.png → m87nuwv7enhk_20260926214813.png
[2026-09-26 21:48:13]   ✓ 이미지 rename 완료
[2026-09-26 21:48:13]   ✓ 마크다운 업데이트: 인지적 구두쇠.md
[2026-09-26 21:48:13] [0;36m검사: 7ie87k1a5p9s6u5ddq.png (basename 18자)[0m
[2026-09-26 21:48:13]   [0;32m매칭된 마크다운 파일 수: 1[0m
[2026-09-26 21:48:13]   이름 변경: 7ie87k1a5p9s6u5ddq.png → s88xcvdfgr63_20260926214813.png
[2026-09-26 21:48:13]   ✓ 이미지 rename 완료
[2026-09-26 21:48:13]   ✓ 마크다운 업데이트: 붉은 청어의 오류.md
[2026-09-26 21:48:13] [0;36m검사: kkkl44lzrc8yb708n7.png (basename 18자)[0m
[2026-09-26 21:48:13]   [0;32m매칭된 마크다운 파일 수: 1[0m
[2026-09-26 21:48:13]   이름 변경: kkkl44lzrc8yb708n7.png → 6d38tdtyyne3_20260926214813.png
[2026-09-26 21:48:13]   ✓ 이미지 rename 완료
[2026-09-26 21:48:13]   ✓ 마크다운 업데이트: 프로파일링 모델 기법.md
[2026-09-26 21:48:13] [0;36m검사: jh3i02u3gn2fekt2im.png (basename 18자)[0m
[2026-09-26 21:48:13]   [0;32m매칭된 마크다운 파일 수: 1[0m
[2026-09-26 21:48:13]   이름 변경: jh3i02u3gn2fekt2im.png → by4y2euyfnka_20260926214813.png
[2026-09-26 21:48:13]   ✓ 이미지 rename 완료
[2026-09-26 21:48:13]   ✓ 마크다운 업데이트: 결합의 오류.md
[2026-09-26 21:48:13] [0;36m검사: 316qxsy6oo8rpnfszu.png (basename 18자)[0m
[2026-09-26 21:48:13]   [0;32m매칭된 마크다운 파일 수: 1[0m
[2026-09-26 21:48:13]   이름 변경: 316qxsy6oo8rpnfszu.png → cm24vfpd2vpu_20260926214813.png
[2026-09-26 21:48:13]   ✓ 이미지 rename 완료
[2026-09-26 21:48:13]   ✓ 마크다운 업데이트: 이면 감정.md
[2026-09-26 21:48:13] [0;36m검사: 6follmn5suep68rjy3.png (basename 18자)[0m
[2026-09-26 21:48:13]   [0;32m매칭된 마크다운 파일 수: 1[0m
[2026-09-26 21:48:13]   이름 변경: 6follmn5suep68rjy3.png → rr59bpwygnxs_20260926214813.png
[2026-09-26 21:48:13]   ✓ 이미지 rename 완료
[2026-09-26 21:48:13]   ✓ 마크다운 업데이트: 흑백논리의 오류.md
[2026-09-26 21:48:13] [0;36m검사: 3i9dyiivekjmitumha.png (basename 18자)[0m
[2026-09-26 21:48:13]   [0;32m매칭된 마크다운 파일 수: 1[0m
[2026-09-26 21:48:13]   이름 변경: 3i9dyiivekjmitumha.png → 6c2nbrv63vm2_20260926214813.png
[2026-09-26 21:48:13]   ✓ 이미지 rename 완료
[2026-09-26 21:48:13]   ✓ 마크다운 업데이트: 인간의 초월적 갈망과 메시아.md
[2026-09-26 21:48:13] [0;36m검사: c2i4x3wn9a3v9bun6l.png (basename 18자)[0m
[2026-09-26 21:48:13]   [0;32m매칭된 마크다운 파일 수: 1[0m
[2026-09-26 21:48:13]   이름 변경: c2i4x3wn9a3v9bun6l.png → fuxwpypxucfg_20260926214813.png
[2026-09-26 21:48:13]   ✓ 이미지 rename 완료
[2026-09-26 21:48:13]   ✓ 마크다운 업데이트: 회상 효과.md
[2026-09-26 21:48:13] [0;36m검사: 54a52dzd94ijde4sjz.png (basename 18자)[0m
[2026-09-26 21:48:13]   [0;32m매칭된 마크다운 파일 수: 1[0m
[2026-09-26 21:48:13]   이름 변경: 54a52dzd94ijde4sjz.png → cpmhtvk5c48x_20260926214813.png
[2026-09-26 21:48:13]   ✓ 이미지 rename 완료
[2026-09-26 21:48:13]   ✓ 마크다운 업데이트: 업무 교육자의 스트레스 해소.md
[2026-09-26 21:48:13] [0;36m검사: dg8lm7fbd8q31lys9g.png (basename 18자)[0m
[2026-09-26 21:48:13]   [0;32m매칭된 마크다운 파일 수: 1[0m
[2026-09-26 21:48:13]   이름 변경: dg8lm7fbd8q31lys9g.png → ag4wwcv6hhrw_20260926214813.png
[2026-09-26 21:48:13]   ✓ 이미지 rename 완료
[2026-09-26 21:48:13]   ✓ 마크다운 업데이트: 업무 보상 시스템.md
[2026-09-26 21:48:13] [0;36m검사: kea2z5vz18mltqvc8b.png (basename 18자)[0m
[2026-09-26 21:48:13]   [0;32m매칭된 마크다운 파일 수: 1[0m
[2026-09-26 21:48:13]   이름 변경: kea2z5vz18mltqvc8b.png → 8d8edgbs2n2a_20260926214813.png
[2026-09-26 21:48:13]   ✓ 이미지 rename 완료
[2026-09-26 21:48:13]   ✓ 마크다운 업데이트: 프로파일링 모델 기법.md
[2026-09-26 21:48:13] [0;36m검사: 3gbsk4c2jlvxel49lp.png (basename 18자)[0m
[2026-09-26 21:48:13]   [0;32m매칭된 마크다운 파일 수: 1[0m
[2026-09-26 21:48:13]   이름 변경: 3gbsk4c2jlvxel49lp.png → fsdexenvn6r2_20260926214813.png
[2026-09-26 21:48:13]   ✓ 이미지 rename 완료
[2026-09-26 21:48:13]   ✓ 마크다운 업데이트: 사람들의 소통 변화 2026년.md
[2026-09-26 21:48:13] [0;36m검사: mtz831no4mwdie4hu5.jpg (basename 18자)[0m
[2026-09-26 21:48:13]   [0;32m매칭된 마크다운 파일 수: 1[0m
[2026-09-26 21:48:13]   이름 변경: mtz831no4mwdie4hu5.jpg → k9aav9xkrr49_20260926214813.jpg
[2026-09-26 21:48:13]   ✓ 이미지 rename 완료
[2026-09-26 21:48:13]   ✓ 마크다운 업데이트: 온몸운동 스트레칭 하기.md
[2026-09-26 21:48:13] [0;36m검사: 5kpibqe06e4fi5ohzq.png (basename 18자)[0m
[2026-09-26 21:48:13]   [0;32m매칭된 마크다운 파일 수: 1[0m
[2026-09-26 21:48:13]   이름 변경: 5kpibqe06e4fi5ohzq.png → cmut3gk7v34g_20260926214813.png
[2026-09-26 21:48:13]   ✓ 이미지 rename 완료
[2026-09-26 21:48:13]   ✓ 마크다운 업데이트: 감정 분리 - 감정 과부하 해결하기.md
[2026-09-26 21:48:13] [0;36m검사: ioz4imo5f1iyt5jvh9.png (basename 18자)[0m
[2026-09-26 21:48:13]   [0;32m매칭된 마크다운 파일 수: 1[0m
[2026-09-26 21:48:13]   이름 변경: ioz4imo5f1iyt5jvh9.png → hv9beg6punve_20260926214813.png
[2026-09-26 21:48:13]   ✓ 이미지 rename 완료
[2026-09-26 21:48:13]   ✓ 마크다운 업데이트: 절대적 진리.md
[2026-09-26 21:48:13] [0;36m검사: ey8qgnvcxqqel5mbwn.png (basename 18자)[0m
[2026-09-26 21:48:13]   [0;32m매칭된 마크다운 파일 수: 1[0m
[2026-09-26 21:48:13]   이름 변경: ey8qgnvcxqqel5mbwn.png → 4xgb2s8cw6ph_20260926214813.png
[2026-09-26 21:48:13]   ✓ 이미지 rename 완료
[2026-09-26 21:48:13]   ✓ 마크다운 업데이트: 샐리의 법칙.md
[2026-09-26 21:48:13] [0;36m검사: 4c1uz55arxoy1eskss.png (basename 18자)[0m
[2026-09-26 21:48:13]   [0;32m매칭된 마크다운 파일 수: 1[0m
[2026-09-26 21:48:13]   이름 변경: 4c1uz55arxoy1eskss.png → 34g7ux4seefa_20260926214813.png
[2026-09-26 21:48:13]   ✓ 이미지 rename 완료
[2026-09-26 21:48:13]   ✓ 마크다운 업데이트: 대화의 편향성.md
[2026-09-26 21:48:13] [0;36m검사: 8ofzzz7kpz3hi8kyir.png (basename 18자)[0m
[2026-09-26 21:48:13]   [0;32m매칭된 마크다운 파일 수: 1[0m
[2026-09-26 21:48:13]   이름 변경: 8ofzzz7kpz3hi8kyir.png → 9bcekh6hgb8e_20260926214813.png
[2026-09-26 21:48:13]   ✓ 이미지 rename 완료
[2026-09-26 21:48:13]   ✓ 마크다운 업데이트: 나를 믿는 힘.md
[2026-09-26 21:48:13] [0;36m검사: i1ao9v319cwlfrmq3i.png (basename 18자)[0m
[2026-09-26 21:48:13]   [0;32m매칭된 마크다운 파일 수: 1[0m
[2026-09-26 21:48:13]   이름 변경: i1ao9v319cwlfrmq3i.png → nby63nb7ek2d_20260926214813.png
[2026-09-26 21:48:13]   ✓ 이미지 rename 완료
[2026-09-26 21:48:13]   ✓ 마크다운 업데이트: 아버지가 남긴 생각.md
[2026-09-26 21:48:13] [0;36m검사: zvu93nt1qdy7ljjcyk.png (basename 18자)[0m
[2026-09-26 21:48:13]   [0;32m매칭된 마크다운 파일 수: 1[0m
[2026-09-26 21:48:13]   이름 변경: zvu93nt1qdy7ljjcyk.png → gf2dbse36h2y_20260926214813.png
[2026-09-26 21:48:13]   ✓ 이미지 rename 완료
[2026-09-26 21:48:13]   ✓ 마크다운 업데이트: 피에 의거한 논증.md
[2026-09-26 21:48:13] [0;36m검사: 6tl5h1xbd0a9rsoi5l.png (basename 18자)[0m
[2026-09-26 21:48:13]   [0;32m매칭된 마크다운 파일 수: 1[0m
[2026-09-26 21:48:13]   이름 변경: 6tl5h1xbd0a9rsoi5l.png → msyxdndtutny_20260926214813.png
[2026-09-26 21:48:13]   ✓ 이미지 rename 완료
[2026-09-26 21:48:13]   ✓ 마크다운 업데이트: 통제 불가능 - 내가 할 건 다했다.md
[2026-09-26 21:48:13] [0;36m검사: h6gw4cir1ol3lioab3.png (basename 18자)[0m
[2026-09-26 21:48:13]   [0;32m매칭된 마크다운 파일 수: 1[0m
[2026-09-26 21:48:13]   이름 변경: h6gw4cir1ol3lioab3.png → th2dv6nt9xwg_20260926214813.png
[2026-09-26 21:48:13]   ✓ 이미지 rename 완료
[2026-09-26 21:48:13]   ✓ 마크다운 업데이트: 가족치료.md
[2026-09-26 21:48:13] [0;36m검사: uzjy2o4b5thmn7c5ad.png (basename 18자)[0m
[2026-09-26 21:48:13]   [0;32m매칭된 마크다운 파일 수: 1[0m
[2026-09-26 21:48:13]   이름 변경: uzjy2o4b5thmn7c5ad.png → 3vt4cdh6nr4t_20260926214813.png
[2026-09-26 21:48:13]   ✓ 이미지 rename 완료
[2026-09-26 21:48:13]   ✓ 마크다운 업데이트: 게슈랄트 치료 기법.md
[2026-09-26 21:48:13] [0;36m검사: kpcq4ua11tw9eom41x.png (basename 18자)[0m
[2026-09-26 21:48:13]   [0;32m매칭된 마크다운 파일 수: 1[0m
[2026-09-26 21:48:13]   이름 변경: kpcq4ua11tw9eom41x.png → d6tk9487n9c4_20260926214813.png
[2026-09-26 21:48:13]   ✓ 이미지 rename 완료
[2026-09-26 21:48:13]   ✓ 마크다운 업데이트: 감정 절약.md
[2026-09-26 21:48:13] [0;36m검사: s5bd89s8ka95hl9l95.png (basename 18자)[0m
[2026-09-26 21:48:14]   [0;32m매칭된 마크다운 파일 수: 1[0m
[2026-09-26 21:48:14]   이름 변경: s5bd89s8ka95hl9l95.png → k77dhb283vht_20260926214814.png
[2026-09-26 21:48:14]   ✓ 이미지 rename 완료
[2026-09-26 21:48:14]   ✓ 마크다운 업데이트: 애매어의 오류.md
[2026-09-26 21:48:14] [0;36m검사: rllptlmc2s3cyoq136.png (basename 18자)[0m
[2026-09-26 21:48:14]   [0;32m매칭된 마크다운 파일 수: 1[0m
[2026-09-26 21:48:14]   이름 변경: rllptlmc2s3cyoq136.png → yh2wu5huutwr_20260926214814.png
[2026-09-26 21:48:14]   ✓ 이미지 rename 완료
[2026-09-26 21:48:14]   ✓ 마크다운 업데이트: 현상 유지 편향.md
[2026-09-26 21:48:14] [0;36m검사: a9k1o66fvejrxbdqrb.png (basename 18자)[0m
[2026-09-26 21:48:14]   [0;32m매칭된 마크다운 파일 수: 1[0m
[2026-09-26 21:48:14]   이름 변경: a9k1o66fvejrxbdqrb.png → rrrss9prx9vb_20260926214814.png
[2026-09-26 21:48:14]   ✓ 이미지 rename 완료
[2026-09-26 21:48:14]   ✓ 마크다운 업데이트: 수단화된 인간 관계.md
[2026-09-26 21:48:14] [0;36m검사: 0zo9ig0hr4eoqyeu50.png (basename 18자)[0m
[2026-09-26 21:48:14]   [0;32m매칭된 마크다운 파일 수: 1[0m
[2026-09-26 21:48:14]   이름 변경: 0zo9ig0hr4eoqyeu50.png → wmyy5vwuxg6r_20260926214814.png
[2026-09-26 21:48:14]   ✓ 이미지 rename 완료
[2026-09-26 21:48:14]   ✓ 마크다운 업데이트: 자기 주장 이론.md
[2026-09-26 21:48:14] [0;36m검사: 2uzn6u8bklrsw8l26j.png (basename 18자)[0m
[2026-09-26 21:48:14]   [0;32m매칭된 마크다운 파일 수: 1[0m
[2026-09-26 21:48:14]   이름 변경: 2uzn6u8bklrsw8l26j.png → 3a3h6ndxcryv_20260926214814.png
[2026-09-26 21:48:14]   ✓ 이미지 rename 완료
[2026-09-26 21:48:14]   ✓ 마크다운 업데이트: 심리 건강(회복탄력성).md
[2026-09-26 21:48:14] [0;36m검사: be3nfbs14hr4pmfscb.png (basename 18자)[0m
[2026-09-26 21:48:14]   [0;32m매칭된 마크다운 파일 수: 1[0m
[2026-09-26 21:48:14]   이름 변경: be3nfbs14hr4pmfscb.png → g74sayyahknb_20260926214814.png
[2026-09-26 21:48:14]   ✓ 이미지 rename 완료
[2026-09-26 21:48:14]   ✓ 마크다운 업데이트: 카산드라 증후군.md
[2026-09-26 21:48:14] [0;36m검사: zv50c3h30k8nbjmf8i.png (basename 18자)[0m
[2026-09-26 21:48:14]   [0;32m매칭된 마크다운 파일 수: 1[0m
[2026-09-26 21:48:14]   이름 변경: zv50c3h30k8nbjmf8i.png → bk2c43r826dw_20260926214814.png
[2026-09-26 21:48:14]   ✓ 이미지 rename 완료
[2026-09-26 21:48:14]   ✓ 마크다운 업데이트: 인신공격의 오류.md
[2026-09-26 21:48:14] [0;36m검사: yks6jewo6z6kaot6e7.png (basename 18자)[0m
[2026-09-26 21:48:14]   [0;32m매칭된 마크다운 파일 수: 1[0m
[2026-09-26 21:48:14]   이름 변경: yks6jewo6z6kaot6e7.png → 9snwahnfk2a3_20260926214814.png
[2026-09-26 21:48:14]   ✓ 이미지 rename 완료
[2026-09-26 21:48:14]   ✓ 마크다운 업데이트: 권위에 의거한 논증.md
[2026-09-26 21:48:14] [0;36m검사: 6dxtij3dhlry3ap7z5.png (basename 18자)[0m
[2026-09-26 21:48:14]   [0;32m매칭된 마크다운 파일 수: 1[0m
[2026-09-26 21:48:14]   이름 변경: 6dxtij3dhlry3ap7z5.png → bu9k8usakr73_20260926214814.png
[2026-09-26 21:48:14]   ✓ 이미지 rename 완료
[2026-09-26 21:48:14]   ✓ 마크다운 업데이트: 전통에의 호소.md
[2026-09-26 21:48:14] [0;36m검사: zsbyczxoub172qlhws.png (basename 18자)[0m
[2026-09-26 21:48:14]   [0;32m매칭된 마크다운 파일 수: 1[0m
[2026-09-26 21:48:14]   이름 변경: zsbyczxoub172qlhws.png → 3f76neuf4wpa_20260926214814.png
[2026-09-26 21:48:14]   ✓ 이미지 rename 완료
[2026-09-26 21:48:14]   ✓ 마크다운 업데이트: 차별금지법.md
[2026-09-26 21:48:14] [0;36m검사: xru7f9ck1fbgpu3sks.png (basename 18자)[0m
[2026-09-26 21:48:14]   [0;32m매칭된 마크다운 파일 수: 1[0m
[2026-09-26 21:48:14]   이름 변경: xru7f9ck1fbgpu3sks.png → t3xmxcgbwewb_20260926214814.png
[2026-09-26 21:48:14]   ✓ 이미지 rename 완료
[2026-09-26 21:48:14]   ✓ 마크다운 업데이트: 걱정은 감사해요. 하지만.md
[2026-09-26 21:48:14] [0;36m검사: 0eyt1hxkj38wo97qcd.png (basename 18자)[0m
[2026-09-26 21:48:14]   [0;32m매칭된 마크다운 파일 수: 1[0m
[2026-09-26 21:48:14]   이름 변경: 0eyt1hxkj38wo97qcd.png → x2pan3rwstpm_20260926214814.png
[2026-09-26 21:48:14]   ✓ 이미지 rename 완료
[2026-09-26 21:48:14]   ✓ 마크다운 업데이트: 건강한 고독.md
[2026-09-26 21:48:14] [0;36m검사: kjhjjm1tj93pngo6zl.png (basename 18자)[0m
[2026-09-26 21:48:14]   [0;32m매칭된 마크다운 파일 수: 1[0m
[2026-09-26 21:48:14]   이름 변경: kjhjjm1tj93pngo6zl.png → ub32uw7ckx3r_20260926214814.png
[2026-09-26 21:48:14]   ✓ 이미지 rename 완료
[2026-09-26 21:48:14]   ✓ 마크다운 업데이트: 천안 종교 포교 대처.md
[2026-09-26 21:48:14] [0;36m검사: 5wup60a9dv8mqrdjzy.png (basename 18자)[0m
[2026-09-26 21:48:14]   [0;32m매칭된 마크다운 파일 수: 1[0m
[2026-09-26 21:48:14]   이름 변경: 5wup60a9dv8mqrdjzy.png → gwneutb2sfub_20260926214814.png
[2026-09-26 21:48:14]   ✓ 이미지 rename 완료
[2026-09-26 21:48:14]   ✓ 마크다운 업데이트: 자가포식.md
[2026-09-26 21:48:14] [0;36m검사: q8cgfg0g07vaypzw81.png (basename 18자)[0m
[2026-09-26 21:48:14]   [0;32m매칭된 마크다운 파일 수: 1[0m
[2026-09-26 21:48:14]   이름 변경: q8cgfg0g07vaypzw81.png → 3cdyukhe93ty_20260926214814.png
[2026-09-26 21:48:14]   ✓ 이미지 rename 완료
[2026-09-26 21:48:14]   ✓ 마크다운 업데이트: 뇌 과부하 - 생각을 줄이기.md
[2026-09-26 21:48:14] [0;36m검사: pjsp25x8peh7exy6sn.png (basename 18자)[0m
[2026-09-26 21:48:14]   [0;32m매칭된 마크다운 파일 수: 1[0m
[2026-09-26 21:48:14]   이름 변경: pjsp25x8peh7exy6sn.png → 6u7dthddmc2g_20260926214814.png
[2026-09-26 21:48:14]   ✓ 이미지 rename 완료
[2026-09-26 21:48:14]   ✓ 마크다운 업데이트: 나이 변화 - 고집이 세어지는 이유.md
[2026-09-26 21:48:14] [0;36m검사: 66u2ebypdiysxu8jm1.png (basename 18자)[0m
[2026-09-26 21:48:14]   [0;32m매칭된 마크다운 파일 수: 1[0m
[2026-09-26 21:48:14]   이름 변경: 66u2ebypdiysxu8jm1.png → uhfsf5prmdmv_20260926214814.png
[2026-09-26 21:48:14]   ✓ 이미지 rename 완료
[2026-09-26 21:48:14]   ✓ 마크다운 업데이트: 인정 욕구 좌절.md
[2026-09-26 21:48:14] [0;36m검사: 1kpla0zv69mz7n28n9.png (basename 18자)[0m
[2026-09-26 21:48:14]   [0;32m매칭된 마크다운 파일 수: 1[0m
[2026-09-26 21:48:14]   이름 변경: 1kpla0zv69mz7n28n9.png → hgwxw59hpmea_20260926214814.png
[2026-09-26 21:48:14]   ✓ 이미지 rename 완료
[2026-09-26 21:48:14]   ✓ 마크다운 업데이트: 혼잣말을 하는 이유.md
[2026-09-26 21:48:14] [0;36m검사: 10nmhwoixth5irud38.png (basename 18자)[0m
[2026-09-26 21:48:14]   [0;32m매칭된 마크다운 파일 수: 1[0m
[2026-09-26 21:48:14]   이름 변경: 10nmhwoixth5irud38.png → ghht5f33dp4s_20260926214814.png
[2026-09-26 21:48:14]   ✓ 이미지 rename 완료
[2026-09-26 21:48:14]   ✓ 마크다운 업데이트: 장벽 반응.md
[2026-09-26 21:48:14] [0;36m검사: n8fw2rl44hnh95dhqf.png (basename 18자)[0m
[2026-09-26 21:48:14]   [0;32m매칭된 마크다운 파일 수: 1[0m
[2026-09-26 21:48:14]   이름 변경: n8fw2rl44hnh95dhqf.png → 5g433s75wbre_20260926214814.png
[2026-09-26 21:48:14]   ✓ 이미지 rename 완료
[2026-09-26 21:48:14]   ✓ 마크다운 업데이트: 나의 윤리 체계.md
[2026-09-26 21:48:14] [0;36m검사: y8wcamcjlxp238jj4e.png (basename 18자)[0m
[2026-09-26 21:48:14]   [0;32m매칭된 마크다운 파일 수: 1[0m
[2026-09-26 21:48:14]   이름 변경: y8wcamcjlxp238jj4e.png → f2frwgbhdf5t_20260926214814.png
[2026-09-26 21:48:14]   ✓ 이미지 rename 완료
[2026-09-26 21:48:14]   ✓ 마크다운 업데이트: 무지개 식사법.md
[2026-09-26 21:48:14] [0;36m검사: fjy80ykiuiyir65mby.png (basename 18자)[0m
[2026-09-26 21:48:14]   [0;32m매칭된 마크다운 파일 수: 1[0m
[2026-09-26 21:48:14]   이름 변경: fjy80ykiuiyir65mby.png → yga8ggn4agv9_20260926214814.png
[2026-09-26 21:48:14]   ✓ 이미지 rename 완료
[2026-09-26 21:48:14]   ✓ 마크다운 업데이트: 지중해식 식사법.md
[2026-09-26 21:48:14] [0;36m검사: 67sgyw79sck39746fh.png (basename 18자)[0m
[2026-09-26 21:48:14]   [0;32m매칭된 마크다운 파일 수: 1[0m
[2026-09-26 21:48:14]   이름 변경: 67sgyw79sck39746fh.png → mwrw42d9f2up_20260926214814.png
[2026-09-26 21:48:14]   ✓ 이미지 rename 완료
[2026-09-26 21:48:14]   ✓ 마크다운 업데이트: 건강을 해치는 생활 습관.md
[2026-09-26 21:48:14] [0;36m검사: 87dhy3s1e6ufqmudme.png (basename 18자)[0m
[2026-09-26 21:48:14]   [0;32m매칭된 마크다운 파일 수: 1[0m
[2026-09-26 21:48:14]   이름 변경: 87dhy3s1e6ufqmudme.png → 8ypccn74we39_20260926214814.png
[2026-09-26 21:48:14]   ✓ 이미지 rename 완료
[2026-09-26 21:48:14]   ✓ 마크다운 업데이트: 텅빈 마음 심리 대처.md
[2026-09-26 21:48:14] [0;36m검사: y0g40u5awze4ovd0mi.png (basename 18자)[0m
[2026-09-26 21:48:14]   [0;32m매칭된 마크다운 파일 수: 1[0m
[2026-09-26 21:48:14]   이름 변경: y0g40u5awze4ovd0mi.png → 2tvxep8wbfe9_20260926214814.png
[2026-09-26 21:48:14]   ✓ 이미지 rename 완료
[2026-09-26 21:48:14]   ✓ 마크다운 업데이트: 혈관 노화.md
[2026-09-26 21:48:14] [0;36m검사: qjidljc79zq1clz4q5.png (basename 18자)[0m
[2026-09-26 21:48:14]   [0;32m매칭된 마크다운 파일 수: 1[0m
[2026-09-26 21:48:14]   이름 변경: qjidljc79zq1clz4q5.png → sp9wba44yhk8_20260926214814.png
[2026-09-26 21:48:14]   ✓ 이미지 rename 완료
[2026-09-26 21:48:14]   ✓ 마크다운 업데이트: DASH 식사법.md
[2026-09-26 21:48:14] [0;36m검사: n2maxd68grkynyvex4.png (basename 18자)[0m
[2026-09-26 21:48:14]   [0;32m매칭된 마크다운 파일 수: 1[0m
[2026-09-26 21:48:14]   이름 변경: n2maxd68grkynyvex4.png → bxb88m33dv6a_20260926214814.png
[2026-09-26 21:48:14]   ✓ 이미지 rename 완료
[2026-09-26 21:48:14]   ✓ 마크다운 업데이트: MIND 식사법.md
[2026-09-26 21:48:14] [0;36m검사: k0tboct3k2xda6au6r.png (basename 18자)[0m
[2026-09-26 21:48:14]   [0;32m매칭된 마크다운 파일 수: 1[0m
[2026-09-26 21:48:14]   이름 변경: k0tboct3k2xda6au6r.png → ktyf287ef3r9_20260926214814.png
[2026-09-26 21:48:14]   ✓ 이미지 rename 완료
[2026-09-26 21:48:14]   ✓ 마크다운 업데이트: 백내장 발생 요인.md
[2026-09-26 21:48:15] [0;36m검사: uj6lbqf153svc9q1n1.png (basename 18자)[0m
[2026-09-26 21:48:15]   [0;32m매칭된 마크다운 파일 수: 1[0m
[2026-09-26 21:48:15]   이름 변경: uj6lbqf153svc9q1n1.png → ku5gvfdknyua_20260926214815.png
[2026-09-26 21:48:15]   ✓ 이미지 rename 완료
[2026-09-26 21:48:15]   ✓ 마크다운 업데이트: 일기 쓰기 마음가짐.md
[2026-09-26 21:48:15] [0;36m검사: xu3fjxsftv3wf3x5b7.png (basename 18자)[0m
[2026-09-26 21:48:15]   [0;32m매칭된 마크다운 파일 수: 1[0m
[2026-09-26 21:48:15]   이름 변경: xu3fjxsftv3wf3x5b7.png → cuutnmtuhsab_20260926214815.png
[2026-09-26 21:48:15]   ✓ 이미지 rename 완료
[2026-09-26 21:48:15]   ✓ 마크다운 업데이트: 감정 인지.md
[2026-09-26 21:48:15] [0;36m검사: fppe7w0w3yvys89p04.png (basename 18자)[0m
[2026-09-26 21:48:15]   [0;32m매칭된 마크다운 파일 수: 1[0m
[2026-09-26 21:48:15]   이름 변경: fppe7w0w3yvys89p04.png → 692b4u2cbakm_20260926214815.png
[2026-09-26 21:48:15]   ✓ 이미지 rename 완료
[2026-09-26 21:48:15]   ✓ 마크다운 업데이트: 면역력 강화와 자가면역질환 관계.md
[2026-09-26 21:48:15] [0;36m검사: rgt4piqdmhaarv25z3.png (basename 18자)[0m
[2026-09-26 21:48:15]   [0;32m매칭된 마크다운 파일 수: 1[0m
[2026-09-26 21:48:15]   이름 변경: rgt4piqdmhaarv25z3.png → 9rr79ahtg2b4_20260926214815.png
[2026-09-26 21:48:15]   ✓ 이미지 rename 완료
[2026-09-26 21:48:15]   ✓ 마크다운 업데이트: 면역력 강화.md
[2026-09-26 21:48:15] [0;36m검사: 3l7sm34prlfm55ru21.png (basename 18자)[0m
[2026-09-26 21:48:15]   [0;32m매칭된 마크다운 파일 수: 1[0m
[2026-09-26 21:48:15]   이름 변경: 3l7sm34prlfm55ru21.png → mde2v6tc42yu_20260926214815.png
[2026-09-26 21:48:15]   ✓ 이미지 rename 완료
[2026-09-26 21:48:15]   ✓ 마크다운 업데이트: 만성 염증.md
[2026-09-26 21:48:15] [0;36m검사: dckgopenps3bwakjmf.png (basename 18자)[0m
[2026-09-26 21:48:15]   [0;32m매칭된 마크다운 파일 수: 1[0m
[2026-09-26 21:48:15]   이름 변경: dckgopenps3bwakjmf.png → 6rvu9973sdwd_20260926214815.png
[2026-09-26 21:48:15]   ✓ 이미지 rename 완료
[2026-09-26 21:48:15]   ✓ 마크다운 업데이트: 머리 생각 비우기.md
[2026-09-26 21:48:15] [0;36m검사: 3cte6boxcs3mhualyb.png (basename 18자)[0m
[2026-09-26 21:48:15]   [0;32m매칭된 마크다운 파일 수: 1[0m
[2026-09-26 21:48:15]   이름 변경: 3cte6boxcs3mhualyb.png → pbph788nt2m9_20260926214815.png
[2026-09-26 21:48:15]   ✓ 이미지 rename 완료
[2026-09-26 21:48:15]   ✓ 마크다운 업데이트: 나의 의사결정 - 심리 가이드.md
[2026-09-26 21:48:15] [0;36m검사: uq5gjotslqdu1caauu.png (basename 18자)[0m
[2026-09-26 21:48:15]   [0;32m매칭된 마크다운 파일 수: 1[0m
[2026-09-26 21:48:15]   이름 변경: uq5gjotslqdu1caauu.png → mf32cf88xr2t_20260926214815.png
[2026-09-26 21:48:15]   ✓ 이미지 rename 완료
[2026-09-26 21:48:15]   ✓ 마크다운 업데이트: 치아 질환의 요인.md
[2026-09-26 21:48:15] [0;36m검사: eyz13v1gyx3n79t01q.png (basename 18자)[0m
[2026-09-26 21:48:15]   [0;32m매칭된 마크다운 파일 수: 1[0m
[2026-09-26 21:48:15]   이름 변경: eyz13v1gyx3n79t01q.png → uxyv8hweu95b_20260926214815.png
[2026-09-26 21:48:15]   ✓ 이미지 rename 완료
[2026-09-26 21:48:15]   ✓ 마크다운 업데이트: 전두엽 휴식.md
[2026-09-26 21:48:15] [0;36m검사: dnox7xffyu0qos2zrh.png (basename 18자)[0m
[2026-09-26 21:48:15]   [0;32m매칭된 마크다운 파일 수: 1[0m
[2026-09-26 21:48:15]   이름 변경: dnox7xffyu0qos2zrh.png → 84tn2fkypys7_20260926214815.png
[2026-09-26 21:48:15]   ✓ 이미지 rename 완료
[2026-09-26 21:48:15]   ✓ 마크다운 업데이트: 감정 분리 - 감정 살펴보기.md
[2026-09-26 21:48:15] [0;36m검사: enw359swvauucxdvj4.png (basename 18자)[0m
[2026-09-26 21:48:15]   [0;32m매칭된 마크다운 파일 수: 1[0m
[2026-09-26 21:48:15]   이름 변경: enw359swvauucxdvj4.png → yu3c36a9hk73_20260926214815.png
[2026-09-26 21:48:15]   ✓ 이미지 rename 완료
[2026-09-26 21:48:15]   ✓ 마크다운 업데이트: 진정한 지식공유 - 우월감 싫어요.md
[2026-09-26 21:48:15] [0;36m검사: ueifddb3ku14wbiny1.png (basename 18자)[0m
[2026-09-26 21:48:15]   [0;32m매칭된 마크다운 파일 수: 1[0m
[2026-09-26 21:48:15]   이름 변경: ueifddb3ku14wbiny1.png → vmebxusmmw6v_20260926214815.png
[2026-09-26 21:48:15]   ✓ 이미지 rename 완료
[2026-09-26 21:48:15]   ✓ 마크다운 업데이트: 감정 분리 - 부모 대화.md
[2026-09-26 21:48:15] [0;36m검사: as1qebv6o2t508kguc.png (basename 18자)[0m
[2026-09-26 21:48:15]   [0;32m매칭된 마크다운 파일 수: 1[0m
[2026-09-26 21:48:15]   이름 변경: as1qebv6o2t508kguc.png → 5a9anx53gvs3_20260926214815.png
[2026-09-26 21:48:15]   ✓ 이미지 rename 완료
[2026-09-26 21:48:15]   ✓ 마크다운 업데이트: 건강한 생활 습관.md
[2026-09-26 21:48:15] [0;36m검사: tl8q77pc5n4a6kpdo1.png (basename 18자)[0m
[2026-09-26 21:48:15]   [0;32m매칭된 마크다운 파일 수: 1[0m
[2026-09-26 21:48:15]   이름 변경: tl8q77pc5n4a6kpdo1.png → yxb6prb9usa6_20260926214815.png
[2026-09-26 21:48:15]   ✓ 이미지 rename 완료
[2026-09-26 21:48:15]   ✓ 마크다운 업데이트: 균형을 유지하고 싶은 나 - 심리이론.md
[2026-09-26 21:48:15] [0;36m검사: sy8szs796ghcwk7jjs.png (basename 18자)[0m
[2026-09-26 21:48:15]   [0;32m매칭된 마크다운 파일 수: 1[0m
[2026-09-26 21:48:15]   이름 변경: sy8szs796ghcwk7jjs.png → xetn3ahdd9ds_20260926214815.png
[2026-09-26 21:48:15]   ✓ 이미지 rename 완료
[2026-09-26 21:48:15]   ✓ 마크다운 업데이트: 야식 대처.md
[2026-09-26 21:48:15] [0;36m검사: q6kci7nv745ikmdih5.png (basename 18자)[0m
[2026-09-26 21:48:15]   [0;32m매칭된 마크다운 파일 수: 1[0m
[2026-09-26 21:48:15]   이름 변경: q6kci7nv745ikmdih5.png → vwgxuyyg7uem_20260926214815.png
[2026-09-26 21:48:15]   ✓ 이미지 rename 완료
[2026-09-26 21:48:15]   ✓ 마크다운 업데이트: 마음챙김 자기명상.md
[2026-09-26 21:48:15] [0;36m검사: f07xnfvebabfhm2at9.png (basename 18자)[0m
[2026-09-26 21:48:15]   [0;32m매칭된 마크다운 파일 수: 1[0m
[2026-09-26 21:48:15]   이름 변경: f07xnfvebabfhm2at9.png → 9rpy3thp394h_20260926214815.png
[2026-09-26 21:48:15]   ✓ 이미지 rename 완료
[2026-09-26 21:48:15]   ✓ 마크다운 업데이트: 절망감을 회복하기.md
[2026-09-26 21:48:15] [0;36m검사: o5r3ynarfy2sdcvigs.png (basename 18자)[0m
[2026-09-26 21:48:15]   [0;32m매칭된 마크다운 파일 수: 1[0m
[2026-09-26 21:48:15]   이름 변경: o5r3ynarfy2sdcvigs.png → xndwn98hggbe_20260926214815.png
[2026-09-26 21:48:15]   ✓ 이미지 rename 완료
[2026-09-26 21:48:15]   ✓ 마크다운 업데이트: 근 감소증 예방.md
[2026-09-26 21:48:15] [0;36m검사: p5q7x9taglhqfzhn5z.png (basename 18자)[0m
[2026-09-26 21:48:15]   [0;32m매칭된 마크다운 파일 수: 1[0m
[2026-09-26 21:48:15]   이름 변경: p5q7x9taglhqfzhn5z.png → 6247dx5d9mag_20260926214815.png
[2026-09-26 21:48:15]   ✓ 이미지 rename 완료
[2026-09-26 21:48:15]   ✓ 마크다운 업데이트: 일주기 리듬 관리.md
[2026-09-26 21:48:15] [0;36m검사: ts593jxu6awhijxvm2.png (basename 18자)[0m
[2026-09-26 21:48:15]   [0;32m매칭된 마크다운 파일 수: 1[0m
[2026-09-26 21:48:15]   이름 변경: ts593jxu6awhijxvm2.png → 685vv7sefnr8_20260926214815.png
[2026-09-26 21:48:15]   ✓ 이미지 rename 완료
[2026-09-26 21:48:15]   ✓ 마크다운 업데이트: 통제 이분법.md
[2026-09-26 21:48:15] [0;36m검사: tokp6w31q8za1wf0cd.png (basename 18자)[0m
[2026-09-26 21:48:15]   [0;32m매칭된 마크다운 파일 수: 1[0m
[2026-09-26 21:48:15]   이름 변경: tokp6w31q8za1wf0cd.png → 6s2y75wetapn_20260926214815.png
[2026-09-26 21:48:15]   ✓ 이미지 rename 완료
[2026-09-26 21:48:15]   ✓ 마크다운 업데이트: 대인관계 심리학.md
[2026-09-26 21:48:15] [0;36m검사: e43qp904u5i43v5gjy.png (basename 18자)[0m
[2026-09-26 21:48:15]   [0;32m매칭된 마크다운 파일 수: 1[0m
[2026-09-26 21:48:15]   이름 변경: e43qp904u5i43v5gjy.png → 8rh68c29sf22_20260926214815.png
[2026-09-26 21:48:15]   ✓ 이미지 rename 완료
[2026-09-26 21:48:15]   ✓ 마크다운 업데이트: 수면 위생.md
[2026-09-26 21:48:15] [0;36m검사: b63d18re38pfq55ec6.png (basename 18자)[0m
[2026-09-26 21:48:15]   [0;32m매칭된 마크다운 파일 수: 1[0m
[2026-09-26 21:48:15]   이름 변경: b63d18re38pfq55ec6.png → nw4nhmfu95wa_20260926214815.png
[2026-09-26 21:48:15]   ✓ 이미지 rename 완료
[2026-09-26 21:48:15]   ✓ 마크다운 업데이트: 비폭력 대화.md
[2026-09-26 21:48:15] [0;36m검사: vch4hpb5nytrnjxrav.png (basename 18자)[0m
[2026-09-26 21:48:15]   [0;32m매칭된 마크다운 파일 수: 1[0m
[2026-09-26 21:48:15]   이름 변경: vch4hpb5nytrnjxrav.png → 2unvwau99s65_20260926214815.png
[2026-09-26 21:48:15]   ✓ 이미지 rename 완료
[2026-09-26 21:48:15]   ✓ 마크다운 업데이트: 감정 표출.md
[2026-09-26 21:48:15] [0;36m검사: wggqegxjg60yse3l81.png (basename 18자)[0m
[2026-09-26 21:48:15]   [0;32m매칭된 마크다운 파일 수: 1[0m
[2026-09-26 21:48:15]   이름 변경: wggqegxjg60yse3l81.png → 37yeyurdt83h_20260926214815.png
[2026-09-26 21:48:15]   ✓ 이미지 rename 완료
[2026-09-26 21:48:15]   ✓ 마크다운 업데이트: 가족을 위한 거리두기.md
[2026-09-26 21:48:15] [0;36m검사: cpswya6jy7mbx9ue4h.png (basename 18자)[0m
[2026-09-26 21:48:15]   [0;32m매칭된 마크다운 파일 수: 1[0m
[2026-09-26 21:48:15]   이름 변경: cpswya6jy7mbx9ue4h.png → np9kxwkc7cuv_20260926214815.png
[2026-09-26 21:48:15]   ✓ 이미지 rename 완료
[2026-09-26 21:48:15]   ✓ 마크다운 업데이트: 남미새 여미새 심리적 분석.md
[2026-09-26 21:48:15] [0;36m검사: tnt88sp3xhfkcd0zeq.png (basename 18자)[0m
[2026-09-26 21:48:15]   [0;32m매칭된 마크다운 파일 수: 1[0m
[2026-09-26 21:48:15]   이름 변경: tnt88sp3xhfkcd0zeq.png → bk43rba7kt5b_20260926214815.png
[2026-09-26 21:48:15]   ✓ 이미지 rename 완료
[2026-09-26 21:48:15]   ✓ 마크다운 업데이트: 자기 개방.md
[2026-09-26 21:48:15] [0;36m검사: 0bk4tbm2z0hktrqxnd.png (basename 18자)[0m
[2026-09-26 21:48:15]   [0;32m매칭된 마크다운 파일 수: 1[0m
[2026-09-26 21:48:15]   이름 변경: 0bk4tbm2z0hktrqxnd.png → xcxtspf2e2t5_20260926214815.png
[2026-09-26 21:48:15]   ✓ 이미지 rename 완료
[2026-09-26 21:48:16]   ✓ 마크다운 업데이트: 사회 업무 갈등 해결 가이드.md
[2026-09-26 21:48:16] [0;36m검사: 0gpp124e74zdmymzws.png (basename 18자)[0m
[2026-09-26 21:48:16]   [0;32m매칭된 마크다운 파일 수: 1[0m
[2026-09-26 21:48:16]   이름 변경: 0gpp124e74zdmymzws.png → 6pfwctktwsdy_20260926214816.png
[2026-09-26 21:48:16]   ✓ 이미지 rename 완료
[2026-09-26 21:48:16]   ✓ 마크다운 업데이트: 소통 채널의 다변화.md
[2026-09-26 21:48:16] [0;36m검사: t1aqtwv72r45kkucrw.png (basename 18자)[0m
[2026-09-26 21:48:16]   [0;32m매칭된 마크다운 파일 수: 1[0m
[2026-09-26 21:48:16]   이름 변경: t1aqtwv72r45kkucrw.png → pcbk7s2w3w5x_20260926214816.png
[2026-09-26 21:48:16]   ✓ 이미지 rename 완료
[2026-09-26 21:48:16]   ✓ 마크다운 업데이트: 긍정 심리학.md
[2026-09-26 21:48:16] [0;36m검사: 5qejah35yut8bkij3l.png (basename 18자)[0m
[2026-09-26 21:48:16]   [0;32m매칭된 마크다운 파일 수: 1[0m
[2026-09-26 21:48:16]   이름 변경: 5qejah35yut8bkij3l.png → xnttv27hkgk2_20260926214816.png
[2026-09-26 21:48:16]   ✓ 이미지 rename 완료
[2026-09-26 21:48:16]   ✓ 마크다운 업데이트: 소통의 본질.md
[2026-09-26 21:48:16] [0;36m검사: sgs5913rowd6r9s2cl.png (basename 18자)[0m
[2026-09-26 21:48:16]   [0;32m매칭된 마크다운 파일 수: 1[0m
[2026-09-26 21:48:16]   이름 변경: sgs5913rowd6r9s2cl.png → uu4wert9g4tn_20260926214816.png
[2026-09-26 21:48:16]   ✓ 이미지 rename 완료
[2026-09-26 21:48:16]   ✓ 마크다운 업데이트: 긍정적 강화.md
[2026-09-26 21:48:16] [0;36m검사: ncrbb5mq7cq23id4ca.png (basename 18자)[0m
[2026-09-26 21:48:16]   [0;32m매칭된 마크다운 파일 수: 1[0m
[2026-09-26 21:48:16]   이름 변경: ncrbb5mq7cq23id4ca.png → pc3233bru7t6_20260926214816.png
[2026-09-26 21:48:16]   ✓ 이미지 rename 완료
[2026-09-26 21:48:16]   ✓ 마크다운 업데이트: 진정한 지식공유 - 우월감 싫어요.md
[2026-09-26 21:48:16] [0;36m검사: qnukoamlkmmbn9ibou.png (basename 18자)[0m
[2026-09-26 21:48:16]   [0;32m매칭된 마크다운 파일 수: 1[0m
[2026-09-26 21:48:16]   이름 변경: qnukoamlkmmbn9ibou.png → 659b9bw983t8_20260926214816.png
[2026-09-26 21:48:16]   ✓ 이미지 rename 완료
[2026-09-26 21:48:16]   ✓ 마크다운 업데이트: 긍정적 강화.md
[2026-09-26 21:48:16] [0;36m검사: e3vntquh84melin473.png (basename 18자)[0m
[2026-09-26 21:48:16]   [0;32m매칭된 마크다운 파일 수: 1[0m
[2026-09-26 21:48:16]   이름 변경: e3vntquh84melin473.png → 23h9wx38sddy_20260926214816.png
[2026-09-26 21:48:16]   ✓ 이미지 rename 완료
[2026-09-26 21:48:16]   ✓ 마크다운 업데이트: 애착 이론.md
[2026-09-26 21:48:16] [0;36m검사: zkgtnjec6buywycml7.png (basename 18자)[0m
[2026-09-26 21:48:16]   [0;32m매칭된 마크다운 파일 수: 1[0m
[2026-09-26 21:48:16]   이름 변경: zkgtnjec6buywycml7.png → w9hu5gvythfv_20260926214816.png
[2026-09-26 21:48:16]   ✓ 이미지 rename 완료
[2026-09-26 21:48:16]   ✓ 마크다운 업데이트: 모임 채널의 목적과 정리 기준.md
[2026-09-26 21:48:16] [0;36m검사: ukmebh0vfbd41rgu75.png (basename 18자)[0m
[2026-09-26 21:48:16]   [0;32m매칭된 마크다운 파일 수: 1[0m
[2026-09-26 21:48:16]   이름 변경: ukmebh0vfbd41rgu75.png → xtthahegpd4u_20260926214816.png
[2026-09-26 21:48:16]   ✓ 이미지 rename 완료
[2026-09-26 21:48:16]   ✓ 마크다운 업데이트: 음식 주제 이후 대화의 이동.md
[2026-09-26 21:48:16] [0;36m검사: 8akgnjmf7yga0lkht2.png (basename 18자)[0m
[2026-09-26 21:48:16]   [0;32m매칭된 마크다운 파일 수: 1[0m
[2026-09-26 21:48:16]   이름 변경: 8akgnjmf7yga0lkht2.png → agccpbhpner4_20260926214816.png
[2026-09-26 21:48:16]   ✓ 이미지 rename 완료
[2026-09-26 21:48:16]   ✓ 마크다운 업데이트: 나이 변화 - 선택의 신중함은 글쎄.md
[2026-09-26 21:48:16] [0;36m검사: 8rzw91gykdxos4ovag.png (basename 18자)[0m
[2026-09-26 21:48:16]   [0;32m매칭된 마크다운 파일 수: 1[0m
[2026-09-26 21:48:16]   이름 변경: 8rzw91gykdxos4ovag.png → fg34pysgbnbw_20260926214816.png
[2026-09-26 21:48:16]   ✓ 이미지 rename 완료
[2026-09-26 21:48:16]   ✓ 마크다운 업데이트: 설득의 수사학.md
[2026-09-26 21:48:16] [0;36m검사: j7hx7y83ijz5hsbuc1.png (basename 18자)[0m
[2026-09-26 21:48:16]   [0;32m매칭된 마크다운 파일 수: 1[0m
[2026-09-26 21:48:16]   이름 변경: j7hx7y83ijz5hsbuc1.png → tc2xhggragxg_20260926214816.png
[2026-09-26 21:48:16]   ✓ 이미지 rename 완료
[2026-09-26 21:48:16]   ✓ 마크다운 업데이트: 루틴화 미루기 - 심리 기전.md
[2026-09-26 21:48:16] [0;36m검사: 77yvs54n3hvj9fdkyh.png (basename 18자)[0m
[2026-09-26 21:48:16]   [0;32m매칭된 마크다운 파일 수: 1[0m
[2026-09-26 21:48:16]   이름 변경: 77yvs54n3hvj9fdkyh.png → 35nt77npahrb_20260926214816.png
[2026-09-26 21:48:16]   ✓ 이미지 rename 완료
[2026-09-26 21:48:16]   ✓ 마크다운 업데이트: 인지적 재 구조화.md
[2026-09-26 21:48:16] [0;36m검사: m0w2mqnd7yi51pd6u6.png (basename 18자)[0m
[2026-09-26 21:48:16]   [0;32m매칭된 마크다운 파일 수: 1[0m
[2026-09-26 21:48:16]   이름 변경: m0w2mqnd7yi51pd6u6.png → 84hp9nauywn9_20260926214816.png
[2026-09-26 21:48:16]   ✓ 이미지 rename 완료
[2026-09-26 21:48:16]   ✓ 마크다운 업데이트: 피그말리온 효과.md
[2026-09-26 21:48:16] [0;36m검사: qvkqg7c2qu0k85h8h6.png (basename 18자)[0m
[2026-09-26 21:48:16]   [0;32m매칭된 마크다운 파일 수: 1[0m
[2026-09-26 21:48:16]   이름 변경: qvkqg7c2qu0k85h8h6.png → bteuubd9wbvu_20260926214816.png
[2026-09-26 21:48:16]   ✓ 이미지 rename 완료
[2026-09-26 21:48:16]   ✓ 마크다운 업데이트: 루틴화 미루기 - 심리 기전.md
[2026-09-26 21:48:16] [0;36m검사: 2ts1h1h1djji6woxka.png (basename 18자)[0m
[2026-09-26 21:48:16]   [0;32m매칭된 마크다운 파일 수: 1[0m
[2026-09-26 21:48:16]   이름 변경: 2ts1h1h1djji6woxka.png → ucf5dufrb8nw_20260926214816.png
[2026-09-26 21:48:16]   ✓ 이미지 rename 완료
[2026-09-26 21:48:16]   ✓ 마크다운 업데이트: 감정회복패턴.md
[2026-09-26 21:48:16] [0;36m검사: ev19jqzz9c8g37vn8b.png (basename 18자)[0m
[2026-09-26 21:48:16]   [0;32m매칭된 마크다운 파일 수: 1[0m
[2026-09-26 21:48:16]   이름 변경: ev19jqzz9c8g37vn8b.png → gr7y6hxs4gg5_20260926214816.png
[2026-09-26 21:48:16]   ✓ 이미지 rename 완료
[2026-09-26 21:48:16]   ✓ 마크다운 업데이트: 외로우면 잘 주무세요.md
[2026-09-26 21:48:16] [0;36m검사: djvzudhe86a3c2dcmx.png (basename 18자)[0m
[2026-09-26 21:48:16]   [0;32m매칭된 마크다운 파일 수: 1[0m
[2026-09-26 21:48:16]   이름 변경: djvzudhe86a3c2dcmx.png → cfbvmfa22pc9_20260926214816.png
[2026-09-26 21:48:16]   ✓ 이미지 rename 완료
[2026-09-26 21:48:16]   ✓ 마크다운 업데이트: 이타성과 우호성.md
[2026-09-26 21:48:16] [0;36m검사: tvmb1wlz8959xp2u0f.png (basename 18자)[0m
[2026-09-26 21:48:16]   [0;32m매칭된 마크다운 파일 수: 1[0m
[2026-09-26 21:48:16]   이름 변경: tvmb1wlz8959xp2u0f.png → m5ag8u22n982_20260926214816.png
[2026-09-26 21:48:16]   ✓ 이미지 rename 완료
[2026-09-26 21:48:16]   ✓ 마크다운 업데이트: 인정 투쟁.md
[2026-09-26 21:48:16] [0;36m검사: zalngt7ojxcgs0yfnn.png (basename 18자)[0m
[2026-09-26 21:48:16]   [0;32m매칭된 마크다운 파일 수: 1[0m
[2026-09-26 21:48:16]   이름 변경: zalngt7ojxcgs0yfnn.png → 97t552u5bkrr_20260926214816.png
[2026-09-26 21:48:16]   ✓ 이미지 rename 완료
[2026-09-26 21:48:16]   ✓ 마크다운 업데이트: 일과 동료 사이, 나를 지키는 기준.md
[2026-09-26 21:48:16] [0;36m검사: 4iv50gpj0990xmgnn0.png (basename 18자)[0m
[2026-09-26 21:48:16]   [0;32m매칭된 마크다운 파일 수: 1[0m
[2026-09-26 21:48:16]   이름 변경: 4iv50gpj0990xmgnn0.png → xxpdydut68r2_20260926214816.png
[2026-09-26 21:48:16]   ✓ 이미지 rename 완료
[2026-09-26 21:48:16]   ✓ 마크다운 업데이트: 외로움 - 악순환.md
[2026-09-26 21:48:16] [0;36m검사: c9swjnllp80y00nbqz.png (basename 18자)[0m
[2026-09-26 21:48:16]   [0;32m매칭된 마크다운 파일 수: 1[0m
[2026-09-26 21:48:16]   이름 변경: c9swjnllp80y00nbqz.png → 6xy2xweyh3p9_20260926214816.png
[2026-09-26 21:48:16]   ✓ 이미지 rename 완료
[2026-09-26 21:48:16]   ✓ 마크다운 업데이트: 나만의 별을 만들기.md
[2026-09-26 21:48:16] [0;36m검사: tzk8xbrivqri7syp93.png (basename 18자)[0m
[2026-09-26 21:48:16]   [0;32m매칭된 마크다운 파일 수: 1[0m
[2026-09-26 21:48:16]   이름 변경: tzk8xbrivqri7syp93.png → x564kk4sggvt_20260926214816.png
[2026-09-26 21:48:16]   ✓ 이미지 rename 완료
[2026-09-26 21:48:16]   ✓ 마크다운 업데이트: 심리 치료 상담자 마음가짐.md
[2026-09-26 21:48:16] [0;36m검사: l0npjc27yjhu0xcbo1.png (basename 18자)[0m
[2026-09-26 21:48:16]   [0;32m매칭된 마크다운 파일 수: 1[0m
[2026-09-26 21:48:16]   이름 변경: l0npjc27yjhu0xcbo1.png → adnfn99gvh94_20260926214816.png
[2026-09-26 21:48:16]   ✓ 이미지 rename 완료
[2026-09-26 21:48:16]   ✓ 마크다운 업데이트: 중독과 습관의 재설계 - EBS 김경일 EP5.md
[2026-09-26 21:48:16] [0;36m검사: 1e82k8qzhp18fxzak1.png (basename 18자)[0m
[2026-09-26 21:48:16]   [0;32m매칭된 마크다운 파일 수: 1[0m
[2026-09-26 21:48:16]   이름 변경: 1e82k8qzhp18fxzak1.png → kdfcvyb93n59_20260926214816.png
[2026-09-26 21:48:16]   ✓ 이미지 rename 완료
[2026-09-26 21:48:16]   ✓ 마크다운 업데이트: 성격 성품 그리고 자기 성장 - EBS 김경일 EP1.md
[2026-09-26 21:48:16] [0;36m검사: bshhncwqa6vjkal8xf.png (basename 18자)[0m
[2026-09-26 21:48:16]   [0;32m매칭된 마크다운 파일 수: 1[0m
[2026-09-26 21:48:16]   이름 변경: bshhncwqa6vjkal8xf.png → 5488fyf45g8g_20260926214816.png
[2026-09-26 21:48:16]   ✓ 이미지 rename 완료
[2026-09-26 21:48:16]   ✓ 마크다운 업데이트: 스트레스 해소 루틴.md
[2026-09-26 21:48:16] [0;36m검사: ev8jma653yzofyf7md.png (basename 18자)[0m
[2026-09-26 21:48:16]   [0;32m매칭된 마크다운 파일 수: 1[0m
[2026-09-26 21:48:16]   이름 변경: ev8jma653yzofyf7md.png → b9b67y3nn4b8_20260926214816.png
[2026-09-26 21:48:16]   ✓ 이미지 rename 완료
[2026-09-26 21:48:16]   ✓ 마크다운 업데이트: 심리 및 업무 적성 매커니즘.md
[2026-09-26 21:48:16] [0;36m검사: jsxmc7hkbvo67zlnxw.png (basename 18자)[0m
[2026-09-26 21:48:16]   [0;32m매칭된 마크다운 파일 수: 1[0m
[2026-09-26 21:48:16]   이름 변경: jsxmc7hkbvo67zlnxw.png → 4aadmw9mgy3s_20260926214816.png
[2026-09-26 21:48:17]   ✓ 이미지 rename 완료
[2026-09-26 21:48:17]   ✓ 마크다운 업데이트: 생각의 비밀코드 - 김경일.md
[2026-09-26 21:48:17] [0;36m검사: 9ljwv12p3l47i0pvmv.png (basename 18자)[0m
[2026-09-26 21:48:17]   [0;32m매칭된 마크다운 파일 수: 1[0m
[2026-09-26 21:48:17]   이름 변경: 9ljwv12p3l47i0pvmv.png → yftukygaxkvw_20260926214817.png
[2026-09-26 21:48:17]   ✓ 이미지 rename 완료
[2026-09-26 21:48:17]   ✓ 마크다운 업데이트: 불안과 우울 정리 - EBS 김경일 EP2.md
[2026-09-26 21:48:17] [0;36m검사: l4rlxzl88gik6ps70u.png (basename 18자)[0m
[2026-09-26 21:48:17]   [0;32m매칭된 마크다운 파일 수: 1[0m
[2026-09-26 21:48:17]   이름 변경: l4rlxzl88gik6ps70u.png → gykmhy2cs32t_20260926214817.png
[2026-09-26 21:48:17]   ✓ 이미지 rename 완료
[2026-09-26 21:48:17]   ✓ 마크다운 업데이트: 한국인의 집단심리 - EBS 김경일 EP9.md
[2026-09-26 21:48:17] [0;36m검사: hhth7wpf4c0dz04ufm.png (basename 18자)[0m
[2026-09-26 21:48:17]   [0;32m매칭된 마크다운 파일 수: 1[0m
[2026-09-26 21:48:17]   이름 변경: hhth7wpf4c0dz04ufm.png → 6phg6ck5vpba_20260926214817.png
[2026-09-26 21:48:17]   ✓ 이미지 rename 완료
[2026-09-26 21:48:17]   ✓ 마크다운 업데이트: 성공하는 일반적 요건 - EBS 김경일 EP4.md
[2026-09-26 21:48:17] [0;36m검사: y2vf1wu5oxx97w1xxb.png (basename 18자)[0m
[2026-09-26 21:48:17]   [0;32m매칭된 마크다운 파일 수: 1[0m
[2026-09-26 21:48:17]   이름 변경: y2vf1wu5oxx97w1xxb.png → mfga4xhvamvs_20260926214817.png
[2026-09-26 21:48:17]   ✓ 이미지 rename 완료
[2026-09-26 21:48:17]   ✓ 마크다운 업데이트: 우리는 어떤 리더를 원하는가 - 김경일.md
[2026-09-26 21:48:17] [0;36m검사: pisyag0xs1ska6obgk.png (basename 18자)[0m
[2026-09-26 21:48:17]   [0;32m매칭된 마크다운 파일 수: 1[0m
[2026-09-26 21:48:17]   이름 변경: pisyag0xs1ska6obgk.png → aamsfegtgxfh_20260926214817.png
[2026-09-26 21:48:17]   ✓ 이미지 rename 완료
[2026-09-26 21:48:17]   ✓ 마크다운 업데이트: 호감의 원리 - EBS 김경일 EP6.md
[2026-09-26 21:48:17] [0;36m검사: mourc7x10pszwpm7xr.png (basename 18자)[0m
[2026-09-26 21:48:17]   [0;32m매칭된 마크다운 파일 수: 1[0m
[2026-09-26 21:48:17]   이름 변경: mourc7x10pszwpm7xr.png → 4f3yfg5upv9t_20260926214817.png
[2026-09-26 21:48:17]   ✓ 이미지 rename 완료
[2026-09-26 21:48:17]   ✓ 마크다운 업데이트: 붓글씨 - 서예.md
[2026-09-26 21:48:17] [0;36m검사: guptnxne4d67ae7mxp.png (basename 18자)[0m
[2026-09-26 21:48:17]   [0;32m매칭된 마크다운 파일 수: 1[0m
[2026-09-26 21:48:17]   이름 변경: guptnxne4d67ae7mxp.png → rdhgffyat473_20260926214817.png
[2026-09-26 21:48:17]   ✓ 이미지 rename 완료
[2026-09-26 21:48:17]   ✓ 마크다운 업데이트: 나를 지키는 사회관계 심리학.md
[2026-09-26 21:48:17] [0;36m검사: g0vj9j051lc50i4ijw.png (basename 18자)[0m
[2026-09-26 21:48:17]   [0;32m매칭된 마크다운 파일 수: 1[0m
[2026-09-26 21:48:17]   이름 변경: g0vj9j051lc50i4ijw.png → sx6he5an6bde_20260926214817.png
[2026-09-26 21:48:17]   ✓ 이미지 rename 완료
[2026-09-26 21:48:17]   ✓ 마크다운 업데이트: 스크레스와 외로움 극복 - EBS 김경일 EP3.md
[2026-09-26 21:48:17] [0;36m검사: q06zbfukyp14wdbll0.png (basename 18자)[0m
[2026-09-26 21:48:17]   [0;32m매칭된 마크다운 파일 수: 1[0m
[2026-09-26 21:48:17]   이름 변경: q06zbfukyp14wdbll0.png → 4m6kt7e2n276_20260926214817.png
[2026-09-26 21:48:17]   ✓ 이미지 rename 완료
[2026-09-26 21:48:17]   ✓ 마크다운 업데이트: 나쁜 사람은 조심해라 - EBS  김경일 EP7.md
[2026-09-26 21:48:17] [0;36m검사: uvowdcib32ngf2pdfy.png (basename 18자)[0m
[2026-09-26 21:48:17]   [0;32m매칭된 마크다운 파일 수: 1[0m
[2026-09-26 21:48:17]   이름 변경: uvowdcib32ngf2pdfy.png → 96rnmkfruh7w_20260926214817.png
[2026-09-26 21:48:17]   ✓ 이미지 rename 완료
[2026-09-26 21:48:17]   ✓ 마크다운 업데이트: 에고이스트.md
[2026-09-26 21:48:17] [0;36m검사: 4rppxrxz65xk4t2yjj.png (basename 18자)[0m
[2026-09-26 21:48:17]   [0;32m매칭된 마크다운 파일 수: 1[0m
[2026-09-26 21:48:17]   이름 변경: 4rppxrxz65xk4t2yjj.png → 5y6thvmra339_20260926214817.png
[2026-09-26 21:48:17]   ✓ 이미지 rename 완료
[2026-09-26 21:48:17]   ✓ 마크다운 업데이트: 연인 가족 관계의 심리학 - EBS 김경일 EP8.md
[2026-09-26 21:48:17] [0;36m검사: ezz1728qwo8blbl8hu.png (basename 18자)[0m
[2026-09-26 21:48:17]   [0;32m매칭된 마크다운 파일 수: 1[0m
[2026-09-26 21:48:17]   이름 변경: ezz1728qwo8blbl8hu.png → 8eg4uwvgg42k_20260926214817.png
[2026-09-26 21:48:17]   ✓ 이미지 rename 완료
[2026-09-26 21:48:17]   ✓ 마크다운 업데이트: 일상 - 심리적 경계 습관화.md
[2026-09-26 21:48:17] [0;36m검사: ay3qm4j3y3srkejaud.png (basename 18자)[0m
[2026-09-26 21:48:17]   [0;32m매칭된 마크다운 파일 수: 1[0m
[2026-09-26 21:48:17]   이름 변경: ay3qm4j3y3srkejaud.png → ecg7sun9bma9_20260926214817.png
[2026-09-26 21:48:17]   ✓ 이미지 rename 완료
[2026-09-26 21:48:17]   ✓ 마크다운 업데이트: 부지런함의 함정 - 적정 수면이 필요.md
[2026-09-26 21:48:17] [0;36m검사: qeu697sobsl1p7e65h.png (basename 18자)[0m
[2026-09-26 21:48:17]   [0;32m매칭된 마크다운 파일 수: 1[0m
[2026-09-26 21:48:17]   이름 변경: qeu697sobsl1p7e65h.png → 8hbfwc6un3ap_20260926214817.png
[2026-09-26 21:48:17]   ✓ 이미지 rename 완료
[2026-09-26 21:48:17]   ✓ 마크다운 업데이트: 생각의 비밀코드 - 김경일.md
[2026-09-26 21:48:17] [0;36m검사: qr0fqsdbj6nsqlk83w.png (basename 18자)[0m
[2026-09-26 21:48:17]   [0;32m매칭된 마크다운 파일 수: 1[0m
[2026-09-26 21:48:17]   이름 변경: qr0fqsdbj6nsqlk83w.png → ava3m3gp5wdd_20260926214817.png
[2026-09-26 21:48:17]   ✓ 이미지 rename 완료
[2026-09-26 21:48:17]   ✓ 마크다운 업데이트: 나이 들수록 깊어지는 사람들 - EBS 김경일 EP10.md
[2026-09-26 21:48:17] [0;36m검사: hcwp4w34heporlg31z.png (basename 18자)[0m
[2026-09-26 21:48:17]   [0;32m매칭된 마크다운 파일 수: 1[0m
[2026-09-26 21:48:17]   이름 변경: hcwp4w34heporlg31z.png → sbrkf2mnnmrm_20260926214817.png
[2026-09-26 21:48:17]   ✓ 이미지 rename 완료
[2026-09-26 21:48:17]   ✓ 마크다운 업데이트: 심리 및 업무 적성 매커니즘.md
[2026-09-26 21:48:17] [0;36m검사: ge1xoaqfrv3lsyajgv.png (basename 18자)[0m
[2026-09-26 21:48:17]   [0;32m매칭된 마크다운 파일 수: 1[0m
[2026-09-26 21:48:17]   이름 변경: ge1xoaqfrv3lsyajgv.png → 3hbahmradr4b_20260926214817.png
[2026-09-26 21:48:17]   ✓ 이미지 rename 완료
[2026-09-26 21:48:17]   ✓ 마크다운 업데이트: 친구 - 용어.md
[2026-09-26 21:48:17] [0;36m검사: ym7xaecnclrwndx5rc.png (basename 18자)[0m
[2026-09-26 21:48:17]   [0;32m매칭된 마크다운 파일 수: 1[0m
[2026-09-26 21:48:17]   이름 변경: ym7xaecnclrwndx5rc.png → 7pdp2shw64ce_20260926214817.png
[2026-09-26 21:48:17]   ✓ 이미지 rename 완료
[2026-09-26 21:48:17]   ✓ 마크다운 업데이트: 불행 - 용어.md
[2026-09-26 21:48:17] [0;36m검사: cewhmzphnb7m8w4xw3.png (basename 18자)[0m
[2026-09-26 21:48:17]   [0;32m매칭된 마크다운 파일 수: 1[0m
[2026-09-26 21:48:17]   이름 변경: cewhmzphnb7m8w4xw3.png → b8a367ruvstm_20260926214817.png
[2026-09-26 21:48:17]   ✓ 이미지 rename 완료
[2026-09-26 21:48:17]   ✓ 마크다운 업데이트: 이향인.md
[2026-09-26 21:48:17] [0;36m검사: 6v2cbowp540dbb9lgo.png (basename 18자)[0m
[2026-09-26 21:48:17]   [0;32m매칭된 마크다운 파일 수: 1[0m
[2026-09-26 21:48:17]   이름 변경: 6v2cbowp540dbb9lgo.png → tcp4wk6b6y86_20260926214817.png
[2026-09-26 21:48:17]   ✓ 이미지 rename 완료
[2026-09-26 21:48:17]   ✓ 마크다운 업데이트: 수용전념치료.md
[2026-09-26 21:48:17] [0;36m검사: 781rhgfxjwxu2xkydn.png (basename 18자)[0m
[2026-09-26 21:48:17]   [0;32m매칭된 마크다운 파일 수: 1[0m
[2026-09-26 21:48:17]   이름 변경: 781rhgfxjwxu2xkydn.png → u77tb2kksdag_20260926214817.png
[2026-09-26 21:48:17]   ✓ 이미지 rename 완료
[2026-09-26 21:48:17]   ✓ 마크다운 업데이트: 스키마 치료.md
[2026-09-26 21:48:17] [0;36m검사: kxgy6e0vvs3d4ahmlb.png (basename 18자)[0m
[2026-09-26 21:48:17]   [0;32m매칭된 마크다운 파일 수: 1[0m
[2026-09-26 21:48:17]   이름 변경: kxgy6e0vvs3d4ahmlb.png → ac6xyywge95h_20260926214817.png
[2026-09-26 21:48:17]   ✓ 이미지 rename 완료
[2026-09-26 21:48:17]   ✓ 마크다운 업데이트: 나의 프레임워크.md
[2026-09-26 21:48:17] [0;36m검사: 01ktp187bjefhofpfo.png (basename 18자)[0m
[2026-09-26 21:48:17]   [0;32m매칭된 마크다운 파일 수: 1[0m
[2026-09-26 21:48:17]   이름 변경: 01ktp187bjefhofpfo.png → t8cu88mn7y54_20260926214817.png
[2026-09-26 21:48:17]   ✓ 이미지 rename 완료
[2026-09-26 21:48:17]   ✓ 마크다운 업데이트: 행복 - 용어.md
[2026-09-26 21:48:17] [0;36m검사: borg1ftryhrg1oz7ll.png (basename 18자)[0m
[2026-09-26 21:48:17]   [0;32m매칭된 마크다운 파일 수: 1[0m
[2026-09-26 21:48:17]   이름 변경: borg1ftryhrg1oz7ll.png → 5fxtb65rv6un_20260926214817.png
[2026-09-26 21:48:17]   ✓ 이미지 rename 완료
[2026-09-26 21:48:17]   ✓ 마크다운 업데이트: 헌법 - 용어.md
[2026-09-26 21:48:17] [0;36m검사: k9vicyuunvj0gfrokk.png (basename 18자)[0m
[2026-09-26 21:48:17]   [0;32m매칭된 마크다운 파일 수: 1[0m
[2026-09-26 21:48:17]   이름 변경: k9vicyuunvj0gfrokk.png → f3xfvc8966w9_20260926214817.png
[2026-09-26 21:48:17]   ✓ 이미지 rename 완료
[2026-09-26 21:48:17]   ✓ 마크다운 업데이트: 광고 회피.md
[2026-09-26 21:48:17] [0;36m검사: 24ukaib1mg5s0aui89.png (basename 18자)[0m
[2026-09-26 21:48:17]   [0;32m매칭된 마크다운 파일 수: 1[0m
[2026-09-26 21:48:17]   이름 변경: 24ukaib1mg5s0aui89.png → 35cgte2rcntf_20260926214817.png
[2026-09-26 21:48:17]   ✓ 이미지 rename 완료
[2026-09-26 21:48:17]   ✓ 마크다운 업데이트: 문명사 요약 - 김태우.md
[2026-09-26 21:48:17] [0;36m검사: k9qseith8y4afi8h9o.jpg (basename 18자)[0m
[2026-09-26 21:48:17]   [0;32m매칭된 마크다운 파일 수: 1[0m
[2026-09-26 21:48:17]   이름 변경: k9qseith8y4afi8h9o.jpg → 84y44tvtwnxf_20260926214817.jpg
[2026-09-26 21:48:17]   ✓ 이미지 rename 완료
[2026-09-26 21:48:17]   ✓ 마크다운 업데이트: 태도와 철학의 분석.md
[2026-09-26 21:48:17] [0;36m검사: 8a8dn8pqrifaqcsybm.png (basename 18자)[0m
[2026-09-26 21:48:17]   [0;32m매칭된 마크다운 파일 수: 1[0m
[2026-09-26 21:48:18]   이름 변경: 8a8dn8pqrifaqcsybm.png → g74er5spst46_20260926214817.png
[2026-09-26 21:48:18]   ✓ 이미지 rename 완료
[2026-09-26 21:48:18]   ✓ 마크다운 업데이트: 깊은 대화의 조건과 본질.md
[2026-09-26 21:48:18] [0;36m검사: eul8ckctamubczdiy8.png (basename 18자)[0m
[2026-09-26 21:48:18]   [0;32m매칭된 마크다운 파일 수: 1[0m
[2026-09-26 21:48:18]   이름 변경: eul8ckctamubczdiy8.png → n5t5urbxecby_20260926214818.png
[2026-09-26 21:48:18]   ✓ 이미지 rename 완료
[2026-09-26 21:48:18]   ✓ 마크다운 업데이트: 불교에서 전하는 메세지.md
[2026-09-26 21:48:18] [0;36m검사: q4bndkb6hgajr03is6.png (basename 18자)[0m
[2026-09-26 21:48:18]   [0;32m매칭된 마크다운 파일 수: 1[0m
[2026-09-26 21:48:18]   이름 변경: q4bndkb6hgajr03is6.png → 2u5nmh83g8k8_20260926214818.png
[2026-09-26 21:48:18]   ✓ 이미지 rename 완료
[2026-09-26 21:48:18]   ✓ 마크다운 업데이트: 좋은 어른의 품격.md
[2026-09-26 21:48:18] [0;36m검사: cezvxx2mtoq1xhphjc.png (basename 18자)[0m
[2026-09-26 21:48:18]   [0;32m매칭된 마크다운 파일 수: 1[0m
[2026-09-26 21:48:18]   이름 변경: cezvxx2mtoq1xhphjc.png → nmxhys9hpcxx_20260926214818.png
[2026-09-26 21:48:18]   ✓ 이미지 rename 완료
[2026-09-26 21:48:18]   ✓ 마크다운 업데이트: 자존감 향상.md
[2026-09-26 21:48:18] [0;36m검사: d01zb6h5duivddfmdf.jpeg (basename 18자)[0m
[2026-09-26 21:48:18]   [0;32m매칭된 마크다운 파일 수: 1[0m
[2026-09-26 21:48:18]   이름 변경: d01zb6h5duivddfmdf.jpeg → 9ecxbxv9xyer_20260926214818.jpeg
[2026-09-26 21:48:18]   ✓ 이미지 rename 완료
[2026-09-26 21:48:18]   ✓ 마크다운 업데이트: 심리극.md
[2026-09-26 21:48:18] [0;36m검사: mxik3hj9k4qp3ki3v4.jpg (basename 18자)[0m
[2026-09-26 21:48:18]   [0;32m매칭된 마크다운 파일 수: 1[0m
[2026-09-26 21:48:18]   이름 변경: mxik3hj9k4qp3ki3v4.jpg → 3xtg4ag7s3y7_20260926214818.jpg
[2026-09-26 21:48:18]   ✓ 이미지 rename 완료
[2026-09-26 21:48:18]   ✓ 마크다운 업데이트: 갈라파고스 증후군.md
[2026-09-26 21:48:18] [0;36m검사: oprxeagjghasd8e7yg.jpeg (basename 18자)[0m
[2026-09-26 21:48:18]   [0;32m매칭된 마크다운 파일 수: 1[0m
[2026-09-26 21:48:18]   이름 변경: oprxeagjghasd8e7yg.jpeg → gpmrr94vbcw5_20260926214818.jpeg
[2026-09-26 21:48:18]   ✓ 이미지 rename 완료
[2026-09-26 21:48:18]   ✓ 마크다운 업데이트: 에펠탑 효과.md
[2026-09-26 21:48:18] [0;36m검사: 8lxtty316cvlmteg2k.jpeg (basename 18자)[0m
[2026-09-26 21:48:18]   [0;32m매칭된 마크다운 파일 수: 1[0m
[2026-09-26 21:48:18]   이름 변경: 8lxtty316cvlmteg2k.jpeg → w5af8tw99vds_20260926214818.jpeg
[2026-09-26 21:48:18]   ✓ 이미지 rename 완료
[2026-09-26 21:48:18]   ✓ 마크다운 업데이트: 만화를 읽을때 졸린 뇌과학적 이유.md
[2026-09-26 21:48:18] [0;36m검사: esp1jhzjnvsesy3j10.jpeg (basename 18자)[0m
[2026-09-26 21:48:18]   [0;32m매칭된 마크다운 파일 수: 1[0m
[2026-09-26 21:48:18]   이름 변경: esp1jhzjnvsesy3j10.jpeg → 8v8kv457b3w5_20260926214818.jpeg
[2026-09-26 21:48:18]   ✓ 이미지 rename 완료
[2026-09-26 21:48:18]   ✓ 마크다운 업데이트: 내면 아이.md
[2026-09-26 21:48:18] [0;36m검사: 4qu4kf127zefmdh7l7.jpeg (basename 18자)[0m
[2026-09-26 21:48:18]   [0;32m매칭된 마크다운 파일 수: 1[0m
[2026-09-26 21:48:18]   이름 변경: 4qu4kf127zefmdh7l7.jpeg → 57x4s874g48f_20260926214818.jpeg
[2026-09-26 21:48:18]   ✓ 이미지 rename 완료
[2026-09-26 21:48:18]   ✓ 마크다운 업데이트: 베블렌 효과.md
[2026-09-26 21:48:18] [0;36m검사: zpr4z5hzfthczevqyy.jpeg (basename 18자)[0m
[2026-09-26 21:48:18]   [0;32m매칭된 마크다운 파일 수: 1[0m
[2026-09-26 21:48:18]   이름 변경: zpr4z5hzfthczevqyy.jpeg → rebwy5twmcsp_20260926214818.jpeg
[2026-09-26 21:48:18]   ✓ 이미지 rename 완료
[2026-09-26 21:48:18]   ✓ 마크다운 업데이트: 긍정과 희망.md
[2026-09-26 21:48:18] [0;36m검사: ehtpwuudwbbjfljnud.jpeg (basename 18자)[0m
[2026-09-26 21:48:18]   [0;32m매칭된 마크다운 파일 수: 1[0m
[2026-09-26 21:48:18]   이름 변경: ehtpwuudwbbjfljnud.jpeg → 4ttmp3kvbfm6_20260926214818.jpeg
[2026-09-26 21:48:18]   ✓ 이미지 rename 완료
[2026-09-26 21:48:18]   ✓ 마크다운 업데이트: 줄리의 법칙.md
[2026-09-26 21:48:18] [0;36m검사: y83uxpo66ez1c66o9r.png (basename 18자)[0m
[2026-09-26 21:48:18]   [0;32m매칭된 마크다운 파일 수: 1[0m
[2026-09-26 21:48:18]   이름 변경: y83uxpo66ez1c66o9r.png → 8tu7a672pdxa_20260926214818.png
[2026-09-26 21:48:18]   ✓ 이미지 rename 완료
[2026-09-26 21:48:18]   ✓ 마크다운 업데이트: 부정성 효과.md
[2026-09-26 21:48:18] [0;36m검사: 3gnm4g0q4n8e2trnqf.jpg (basename 18자)[0m
[2026-09-26 21:48:18]   [0;32m매칭된 마크다운 파일 수: 1[0m
[2026-09-26 21:48:18]   이름 변경: 3gnm4g0q4n8e2trnqf.jpg → nbank8kua75d_20260926214818.jpg
[2026-09-26 21:48:18]   ✓ 이미지 rename 완료
[2026-09-26 21:48:18]   ✓ 마크다운 업데이트: 뇌의 부위별 기능.md
[2026-09-26 21:48:18] [0;36m검사: ifh3ie8kf5xl6vx763.jpg (basename 18자)[0m
[2026-09-26 21:48:18]   [0;32m매칭된 마크다운 파일 수: 1[0m
[2026-09-26 21:48:18]   이름 변경: ifh3ie8kf5xl6vx763.jpg → kb2cecsm964d_20260926214818.jpg
[2026-09-26 21:48:18]   ✓ 이미지 rename 완료
[2026-09-26 21:48:18]   ✓ 마크다운 업데이트: 매몰 비용 오류.md
[2026-09-26 21:48:18] [0;36m검사: 0a75smn6xspm0vzgct.jpg (basename 18자)[0m
[2026-09-26 21:48:18]   [0;32m매칭된 마크다운 파일 수: 1[0m
[2026-09-26 21:48:18]   이름 변경: 0a75smn6xspm0vzgct.jpg → ub94wu2hvw8r_20260926214818.jpg
[2026-09-26 21:48:18]   ✓ 이미지 rename 완료
[2026-09-26 21:48:18]   ✓ 마크다운 업데이트: 상상의 존재.md
[2026-09-26 21:48:18] [0;36m검사: 2lyv9q51aydkiorwno.jpeg (basename 18자)[0m
[2026-09-26 21:48:18]   [0;32m매칭된 마크다운 파일 수: 1[0m
[2026-09-26 21:48:18]   이름 변경: 2lyv9q51aydkiorwno.jpeg → pxk8a32ks8yr_20260926214818.jpeg
[2026-09-26 21:48:18]   ✓ 이미지 rename 완료
[2026-09-26 21:48:18]   ✓ 마크다운 업데이트: 호손 효과.md
[2026-09-26 21:48:18] [0;36m검사: zswqndup7w8g3k2ahm.jpeg (basename 18자)[0m
[2026-09-26 21:48:18]   [0;32m매칭된 마크다운 파일 수: 1[0m
[2026-09-26 21:48:18]   이름 변경: zswqndup7w8g3k2ahm.jpeg → 278k6pcdcdbd_20260926214818.jpeg
[2026-09-26 21:48:18]   ✓ 이미지 rename 완료
[2026-09-26 21:48:18]   ✓ 마크다운 업데이트: 피터팬 증후군.md
[2026-09-26 21:48:18] [0;36m검사: toeq8xwecyk2ledoif.jpeg (basename 18자)[0m
[2026-09-26 21:48:18]   [0;32m매칭된 마크다운 파일 수: 1[0m
[2026-09-26 21:48:18]   이름 변경: toeq8xwecyk2ledoif.jpeg → 94kacyab79u3_20260926214818.jpeg
[2026-09-26 21:48:18]   ✓ 이미지 rename 완료
[2026-09-26 21:48:18]   ✓ 마크다운 업데이트: 최신 효과.md
[2026-09-26 21:48:18] [0;36m검사: ipzyvodif9i4hjcj7r.jpeg (basename 18자)[0m
[2026-09-26 21:48:18]   [0;32m매칭된 마크다운 파일 수: 1[0m
[2026-09-26 21:48:18]   이름 변경: ipzyvodif9i4hjcj7r.jpeg → nustnb54dwfa_20260926214818.jpeg
[2026-09-26 21:48:18]   ✓ 이미지 rename 완료
[2026-09-26 21:48:18]   ✓ 마크다운 업데이트: 학습된 무력감.md
[2026-09-26 21:48:18] [0;36m검사: auzoqt9qt3y0z7ex9e.jpeg (basename 18자)[0m
[2026-09-26 21:48:18]   [0;32m매칭된 마크다운 파일 수: 1[0m
[2026-09-26 21:48:18]   이름 변경: auzoqt9qt3y0z7ex9e.jpeg → kdcm74g9ask6_20260926214818.jpeg
[2026-09-26 21:48:18]   ✓ 이미지 rename 완료
[2026-09-26 21:48:18]   ✓ 마크다운 업데이트: 티핑포인트.md
[2026-09-26 21:48:18] [0;36m검사: s589oo5y3t15zjw6x2.jpeg (basename 18자)[0m
[2026-09-26 21:48:18]   [0;32m매칭된 마크다운 파일 수: 1[0m
[2026-09-26 21:48:18]   이름 변경: s589oo5y3t15zjw6x2.jpeg → 2v67ac27cnx2_20260926214818.jpeg
[2026-09-26 21:48:18]   ✓ 이미지 rename 완료
[2026-09-26 21:48:18]   ✓ 마크다운 업데이트: 암묵지.md
[2026-09-26 21:48:18] [0;36m검사: 77px6nzvhfsnbv0vzf.jpg (basename 18자)[0m
[2026-09-26 21:48:18]   [0;32m매칭된 마크다운 파일 수: 1[0m
[2026-09-26 21:48:18]   이름 변경: 77px6nzvhfsnbv0vzf.jpg → 7mrhsmvvx6su_20260926214818.jpg
[2026-09-26 21:48:18]   ✓ 이미지 rename 완료
[2026-09-26 21:48:18]   ✓ 마크다운 업데이트: 리플리 증후군.md
[2026-09-26 21:48:18] [0;36m검사: no8qg4znnsh1gjpg8f.png (basename 18자)[0m
[2026-09-26 21:48:18]   [0;32m매칭된 마크다운 파일 수: 1[0m
[2026-09-26 21:48:18]   이름 변경: no8qg4znnsh1gjpg8f.png → gt22n9ew3c32_20260926214818.png
[2026-09-26 21:48:18]   ✓ 이미지 rename 완료
[2026-09-26 21:48:18]   ✓ 마크다운 업데이트: 착한 아이 증후군.md
[2026-09-26 21:48:18] [0;36m검사: j7bgkyj8rsy7u987nh.jpg (basename 18자)[0m
[2026-09-26 21:48:18]   [0;32m매칭된 마크다운 파일 수: 1[0m
[2026-09-26 21:48:18]   이름 변경: j7bgkyj8rsy7u987nh.jpg → essmw3rhcrds_20260926214818.jpg
[2026-09-26 21:48:18]   ✓ 이미지 rename 완료
[2026-09-26 21:48:18]   ✓ 마크다운 업데이트: 아도니스 증후군.md
[2026-09-26 21:48:18] [0;36m검사: sr1arao9z9ggbppa0q.jpg (basename 18자)[0m
[2026-09-26 21:48:18]   [0;32m매칭된 마크다운 파일 수: 1[0m
[2026-09-26 21:48:18]   이름 변경: sr1arao9z9ggbppa0q.jpg → kk6sctacuksx_20260926214818.jpg
[2026-09-26 21:48:18]   ✓ 이미지 rename 완료
[2026-09-26 21:48:18]   ✓ 마크다운 업데이트: 가르시아 효과.md
[2026-09-26 21:48:18] [0;36m검사: hnfhyrkijcizkylsge.jpg (basename 18자)[0m
[2026-09-26 21:48:18]   [0;32m매칭된 마크다운 파일 수: 1[0m
[2026-09-26 21:48:18]   이름 변경: hnfhyrkijcizkylsge.jpg → tkr3rtrbuvw6_20260926214818.jpg
[2026-09-26 21:48:18]   ✓ 이미지 rename 완료
[2026-09-26 21:48:18]   ✓ 마크다운 업데이트: 뇌의 부위별 기능.md
[2026-09-26 21:48:18] [0;36m검사: 11ccts0fzvd6v02eyk.jpg (basename 18자)[0m
[2026-09-26 21:48:18]   [0;32m매칭된 마크다운 파일 수: 1[0m
[2026-09-26 21:48:18]   이름 변경: 11ccts0fzvd6v02eyk.jpg → b9ucfbd8kp2p_20260926214818.jpg
[2026-09-26 21:48:18]   ✓ 이미지 rename 완료
[2026-09-26 21:48:18]   ✓ 마크다운 업데이트: 설단현상.md
[2026-09-26 21:48:18] [0;36m검사: otyi04tvf2pv5jgn9z.png (basename 18자)[0m
[2026-09-26 21:48:19]   [0;32m매칭된 마크다운 파일 수: 1[0m
[2026-09-26 21:48:19]   이름 변경: otyi04tvf2pv5jgn9z.png → hu4hucmnftfg_20260926214818.png
[2026-09-26 21:48:19]   ✓ 이미지 rename 완료
[2026-09-26 21:48:19]   ✓ 마크다운 업데이트: 사후 과잉 확신 편향.md
[2026-09-26 21:48:19] [0;36m검사: df78vhdmxmr071mf48.png (basename 18자)[0m
[2026-09-26 21:48:19]   [0;32m매칭된 마크다운 파일 수: 1[0m
[2026-09-26 21:48:19]   이름 변경: df78vhdmxmr071mf48.png → yxt7rmkmamv7_20260926214819.png
[2026-09-26 21:48:19]   ✓ 이미지 rename 완료
[2026-09-26 21:48:19]   ✓ 마크다운 업데이트: 떠벌림 효과.md
[2026-09-26 21:48:19] [0;36m검사: 7e1v2dxdeoiat9zabd.jpeg (basename 18자)[0m
[2026-09-26 21:48:19]   [0;32m매칭된 마크다운 파일 수: 1[0m
[2026-09-26 21:48:19]   이름 변경: 7e1v2dxdeoiat9zabd.jpeg → ng6hdd9ybhu9_20260926214819.jpeg
[2026-09-26 21:48:19]   ✓ 이미지 rename 완료
[2026-09-26 21:48:19]   ✓ 마크다운 업데이트: 편견 효과.md
[2026-09-26 21:48:19] [0;36m검사: 7h1oq7ambppr9ov3uk.png (basename 18자)[0m
[2026-09-26 21:48:19]   [0;32m매칭된 마크다운 파일 수: 1[0m
[2026-09-26 21:48:19]   이름 변경: 7h1oq7ambppr9ov3uk.png → n4v6mrbggpmn_20260926214819.png
[2026-09-26 21:48:19]   ✓ 이미지 rename 완료
[2026-09-26 21:48:19]   ✓ 마크다운 업데이트: 방아쇠 수지 신경 압박.md
[2026-09-26 21:48:19] [0;36m검사: rffr8raqtrg0sznx4a.jpg (basename 18자)[0m
[2026-09-26 21:48:19]   [0;32m매칭된 마크다운 파일 수: 1[0m
[2026-09-26 21:48:19]   이름 변경: rffr8raqtrg0sznx4a.jpg → 8gn9uxrvxpde_20260926214819.jpg
[2026-09-26 21:48:19]   ✓ 이미지 rename 완료
[2026-09-26 21:48:19]   ✓ 마크다운 업데이트: 뇌의 부위별 기능.md
[2026-09-26 21:48:19] [0;36m검사: ejb3579glz9iclzgms.jpg (basename 18자)[0m
[2026-09-26 21:48:19]   [0;32m매칭된 마크다운 파일 수: 1[0m
[2026-09-26 21:48:19]   이름 변경: ejb3579glz9iclzgms.jpg → vbcvccva9rcb_20260926214819.jpg
[2026-09-26 21:48:19]   ✓ 이미지 rename 완료
[2026-09-26 21:48:19]   ✓ 마크다운 업데이트: 안구운동 재처리.md
[2026-09-26 21:48:19] [0;36m검사: a6a8fpvod57n2q779x.jpeg (basename 18자)[0m
[2026-09-26 21:48:19]   [0;32m매칭된 마크다운 파일 수: 1[0m
[2026-09-26 21:48:19]   이름 변경: a6a8fpvod57n2q779x.jpeg → w8fufvm2e59y_20260926214819.jpeg
[2026-09-26 21:48:19]   ✓ 이미지 rename 완료
[2026-09-26 21:48:19]   ✓ 마크다운 업데이트: 웨스터마크 효과.md
[2026-09-26 21:48:19] [0;36m검사: sba3zzk94k0lo84ibg.jpeg (basename 18자)[0m
[2026-09-26 21:48:19]   [0;32m매칭된 마크다운 파일 수: 1[0m
[2026-09-26 21:48:19]   이름 변경: sba3zzk94k0lo84ibg.jpeg → wrua6s67c6ck_20260926214819.jpeg
[2026-09-26 21:48:19]   ✓ 이미지 rename 완료
[2026-09-26 21:48:19]   ✓ 마크다운 업데이트: 현저성 효과.md
[2026-09-26 21:48:19] [0;36m검사: l2p95mynks9gl1tvea.jpg (basename 18자)[0m
[2026-09-26 21:48:19]   [0;32m매칭된 마크다운 파일 수: 1[0m
[2026-09-26 21:48:19]   이름 변경: l2p95mynks9gl1tvea.jpg → rv2tsv6ehvts_20260926214819.jpg
[2026-09-26 21:48:19]   ✓ 이미지 rename 완료
[2026-09-26 21:48:19]   ✓ 마크다운 업데이트: 부모와 자녀의 관계.md
[2026-09-26 21:48:19] [0;36m검사: tow32zvg7mcquuhb6l.jpg (basename 18자)[0m
[2026-09-26 21:48:19]   [0;32m매칭된 마크다운 파일 수: 1[0m
[2026-09-26 21:48:19]   이름 변경: tow32zvg7mcquuhb6l.jpg → 5e793g69rvhw_20260926214819.jpg
[2026-09-26 21:48:19]   ✓ 이미지 rename 완료
[2026-09-26 21:48:19]   ✓ 마크다운 업데이트: 공유지의 비극.md
[2026-09-26 21:48:19] [0;36m검사: 8fjbin9ihh60ng3l0g.jpg (basename 18자)[0m
[2026-09-26 21:48:19]   [0;32m매칭된 마크다운 파일 수: 1[0m
[2026-09-26 21:48:19]   이름 변경: 8fjbin9ihh60ng3l0g.jpg → u4kv2sd29g4c_20260926214819.jpg
[2026-09-26 21:48:19]   ✓ 이미지 rename 완료
[2026-09-26 21:48:19]   ✓ 마크다운 업데이트: 페르소나.md
[2026-09-26 21:48:19] [0;36m검사: ff325k7njsrhh7sjr9.jpeg (basename 18자)[0m
[2026-09-26 21:48:19]   [0;32m매칭된 마크다운 파일 수: 1[0m
[2026-09-26 21:48:19]   이름 변경: ff325k7njsrhh7sjr9.jpeg → x676eut22565_20260926214819.jpeg
[2026-09-26 21:48:19]   ✓ 이미지 rename 완료
[2026-09-26 21:48:19]   ✓ 마크다운 업데이트: 흔들다리 효과.md
[2026-09-26 21:48:19] [0;36m검사: 8ke25c72egxsv7p2fc.jpeg (basename 18자)[0m
[2026-09-26 21:48:19]   [0;32m매칭된 마크다운 파일 수: 1[0m
[2026-09-26 21:48:19]   이름 변경: 8ke25c72egxsv7p2fc.jpeg → c5baue6m4ewp_20260926214819.jpeg
[2026-09-26 21:48:19]   ✓ 이미지 rename 완료
[2026-09-26 21:48:19]   ✓ 마크다운 업데이트: 언더독 효과.md
[2026-09-26 21:48:19] [0;36m검사: cn1vh454cxw9ysgos6.jpeg (basename 18자)[0m
[2026-09-26 21:48:19]   [0;32m매칭된 마크다운 파일 수: 1[0m
[2026-09-26 21:48:19]   이름 변경: cn1vh454cxw9ysgos6.jpeg → x7swtr2tn4x6_20260926214819.jpeg
[2026-09-26 21:48:19]   ✓ 이미지 rename 완료
[2026-09-26 21:48:19]   ✓ 마크다운 업데이트: 안아 주기 효과.md
[2026-09-26 21:48:19] [0;36m검사: p98behln1t8naan0xl.jpeg (basename 18자)[0m
[2026-09-26 21:48:19]   [0;32m매칭된 마크다운 파일 수: 1[0m
[2026-09-26 21:48:19]   이름 변경: p98behln1t8naan0xl.jpeg → 37979v2wgtdk_20260926214819.jpeg
[2026-09-26 21:48:19]   ✓ 이미지 rename 완료
[2026-09-26 21:48:19]   ✓ 마크다운 업데이트: 라포(Rapport).md
[2026-09-26 21:48:19] [0;36m검사: 2rlwi7o095e7x18qqx.jpg (basename 18자)[0m
[2026-09-26 21:48:19]   [0;32m매칭된 마크다운 파일 수: 1[0m
[2026-09-26 21:48:19]   이름 변경: 2rlwi7o095e7x18qqx.jpg → mmxc5vyy7k7y_20260926214819.jpg
[2026-09-26 21:48:19]   ✓ 이미지 rename 완료
[2026-09-26 21:48:19]   ✓ 마크다운 업데이트: 현상 유지 편향.md
[2026-09-26 21:48:19] [0;36m검사: q1ltaoj00bwy2g292d.png (basename 18자)[0m
[2026-09-26 21:48:19]   [0;32m매칭된 마크다운 파일 수: 1[0m
[2026-09-26 21:48:19]   이름 변경: q1ltaoj00bwy2g292d.png → ew7vs6uyxtae_20260926214819.png
[2026-09-26 21:48:19]   ✓ 이미지 rename 완료
[2026-09-26 21:48:19]   ✓ 마크다운 업데이트: 칵테일파티 효과.md
[2026-09-26 21:48:19] [0;36m검사: 09xv5g4qagj2f33p2z.png (basename 18자)[0m
[2026-09-26 21:48:19]   [0;32m매칭된 마크다운 파일 수: 1[0m
[2026-09-26 21:48:19]   이름 변경: 09xv5g4qagj2f33p2z.png → hdd2rrwv7dm4_20260926214819.png
[2026-09-26 21:48:19]   ✓ 이미지 rename 완료
[2026-09-26 21:48:19]   ✓ 마크다운 업데이트: 상호성의 법칙.md
[2026-09-26 21:48:19] [0;36m검사: l8nt23mjdj2y5kkitu.jpeg (basename 18자)[0m
[2026-09-26 21:48:19]   [0;32m매칭된 마크다운 파일 수: 1[0m
[2026-09-26 21:48:19]   이름 변경: l8nt23mjdj2y5kkitu.jpeg → va9pypv43e88_20260926214819.jpeg
[2026-09-26 21:48:19]   ✓ 이미지 rename 완료
[2026-09-26 21:48:19]   ✓ 마크다운 업데이트: 확증 편향.md
[2026-09-26 21:48:19] [0;36m검사: bi6sazr9wg6q9h8g5v.jpg (basename 18자)[0m
[2026-09-26 21:48:19]   [0;32m매칭된 마크다운 파일 수: 1[0m
[2026-09-26 21:48:19]   이름 변경: bi6sazr9wg6q9h8g5v.jpg → 3p7vxw2pr6nv_20260926214819.jpg
[2026-09-26 21:48:19]   ✓ 이미지 rename 완료
[2026-09-26 21:48:19]   ✓ 마크다운 업데이트: 불안장애.md
[2026-09-26 21:48:19] [0;36m검사: h0o9t31r5ij8yvtsx1.jpeg (basename 18자)[0m
[2026-09-26 21:48:19]   [0;32m매칭된 마크다운 파일 수: 1[0m
[2026-09-26 21:48:19]   이름 변경: h0o9t31r5ij8yvtsx1.jpeg → 8rcxmmw6br6y_20260926214819.jpeg
[2026-09-26 21:48:19]   ✓ 이미지 rename 완료
[2026-09-26 21:48:19]   ✓ 마크다운 업데이트: 스톡데일 패러독스.md
[2026-09-26 21:48:19] [0;36m검사: 6sxjlm0rc710w1qxrp.jpg (basename 18자)[0m
[2026-09-26 21:48:19]   [0;32m매칭된 마크다운 파일 수: 1[0m
[2026-09-26 21:48:19]   이름 변경: 6sxjlm0rc710w1qxrp.jpg → 2s73sr3mxk8y_20260926214819.jpg
[2026-09-26 21:48:19]   ✓ 이미지 rename 완료
[2026-09-26 21:48:19]   ✓ 마크다운 업데이트: 결정장애.md
[2026-09-26 21:48:19] [0;36m검사: mrly2ff6up7itgk12p.jpg (basename 18자)[0m
[2026-09-26 21:48:19]   [0;32m매칭된 마크다운 파일 수: 1[0m
[2026-09-26 21:48:19]   이름 변경: mrly2ff6up7itgk12p.jpg → 2sgt74mnecca_20260926214819.jpg
[2026-09-26 21:48:19]   ✓ 이미지 rename 완료
[2026-09-26 21:48:19]   ✓ 마크다운 업데이트: 히스테리.md
[2026-09-26 21:48:19] [0;36m검사: 45knul39vcsthx7x2a.jpg (basename 18자)[0m
[2026-09-26 21:48:19]   [0;32m매칭된 마크다운 파일 수: 1[0m
[2026-09-26 21:48:19]   이름 변경: 45knul39vcsthx7x2a.jpg → dysydb2kckaw_20260926214819.jpg
[2026-09-26 21:48:19]   ✓ 이미지 rename 완료
[2026-09-26 21:48:19]   ✓ 마크다운 업데이트: 인도네시아 뜨거운 파스.md
[2026-09-26 21:48:19] [0;36m검사: hu15mmnxc22uaiwnr2.png (basename 18자)[0m
[2026-09-26 21:48:19]   [0;32m매칭된 마크다운 파일 수: 1[0m
[2026-09-26 21:48:19]   이름 변경: hu15mmnxc22uaiwnr2.png → nfxmwv7v8h9x_20260926214819.png
[2026-09-26 21:48:19]   ✓ 이미지 rename 완료
[2026-09-26 21:48:19]   ✓ 마크다운 업데이트: 감정 분리.md
[2026-09-26 21:48:19] [0;36m검사: akknvm148w0vos4j6c.jpg (basename 18자)[0m
[2026-09-26 21:48:19]   [0;32m매칭된 마크다운 파일 수: 1[0m
[2026-09-26 21:48:19]   이름 변경: akknvm148w0vos4j6c.jpg → gk5tw9dgfku6_20260926214819.jpg
[2026-09-26 21:48:19]   ✓ 이미지 rename 완료
[2026-09-26 21:48:19]   ✓ 마크다운 업데이트: 성격장애.md
[2026-09-26 21:48:19] [0;36m검사: hkd6bjyqkns2n102a1.jpeg (basename 18자)[0m
[2026-09-26 21:48:19]   [0;32m매칭된 마크다운 파일 수: 1[0m
[2026-09-26 21:48:19]   이름 변경: hkd6bjyqkns2n102a1.jpeg → x8ganawtf3sg_20260926214819.jpeg
[2026-09-26 21:48:19]   ✓ 이미지 rename 완료
[2026-09-26 21:48:19]   ✓ 마크다운 업데이트: 플라시보 효과.md
[2026-09-26 21:48:19] [0;36m검사: nmde5m52q62rfi3lbb.jpg (basename 18자)[0m
[2026-09-26 21:48:19]   [0;32m매칭된 마크다운 파일 수: 1[0m
[2026-09-26 21:48:19]   이름 변경: nmde5m52q62rfi3lbb.jpg → hahwvgb54eg2_20260926214819.jpg
[2026-09-26 21:48:19]   ✓ 이미지 rename 완료
[2026-09-26 21:48:19]   ✓ 마크다운 업데이트: 일반화의 오류.md
[2026-09-26 21:48:19] [0;36m검사: xbdlayo6wofr9cyj3f.jpg (basename 18자)[0m
[2026-09-26 21:48:19]   [0;32m매칭된 마크다운 파일 수: 1[0m
[2026-09-26 21:48:19]   이름 변경: xbdlayo6wofr9cyj3f.jpg → 6ufbebdn75gh_20260926214819.jpg
[2026-09-26 21:48:20]   ✓ 이미지 rename 완료
[2026-09-26 21:48:20]   ✓ 마크다운 업데이트: 플린 효과.md
[2026-09-26 21:48:20] ------------------------------------------------------
[2026-09-26 21:48:20] 파일명 길이 17자 검사 중...
[2026-09-26 21:48:20] ------------------------------------------------------
[2026-09-26 21:48:20] [0;36m검사: 중부도시가스이체_20260101.jpg (basename 17자)[0m
[2026-09-26 21:48:20]   [0;32m매칭된 마크다운 파일 수: 1[0m
[2026-09-26 21:48:20]   이름 변경: 중부도시가스이체_20260101.jpg → s7nb7t8u9rp7_20260926214820.jpg
[2026-09-26 21:48:20]   ✓ 이미지 rename 완료
[2026-09-26 21:48:20]   ✓ 마크다운 업데이트: 나의 공과금 - 중부도시가스.md
[2026-09-26 21:48:20] [0;36m검사: 19f788d86fd5a1320.webp (basename 17자)[0m
[2026-09-26 21:48:20]   [0;32m매칭된 마크다운 파일 수: 1[0m
[2026-09-26 21:48:20]   이름 변경: 19f788d86fd5a1320.webp → bep4srtv5her_20260926214820.webp
[2026-09-26 21:48:20]   ✓ 이미지 rename 완료
[2026-09-26 21:48:20]   ✓ 마크다운 업데이트: 강박장애.md
[2026-09-26 21:48:20] [0;36m검사: 497237_301646_561.png (basename 17자)[0m
[2026-09-26 21:48:20]   [0;32m매칭된 마크다운 파일 수: 1[0m
[2026-09-26 21:48:20]   이름 변경: 497237_301646_561.png → 5rfybgfdr64x_20260926214820.png
[2026-09-26 21:48:20]   ✓ 이미지 rename 완료
[2026-09-26 21:48:20]   ✓ 마크다운 업데이트: 후광 효과.md
[2026-09-26 21:48:20] [0;36m검사: 141710_290601_579.png (basename 17자)[0m
[2026-09-26 21:48:20]   [0;32m매칭된 마크다운 파일 수: 1[0m
[2026-09-26 21:48:20]   이름 변경: 141710_290601_579.png → wvnh79xuck57_20260926214820.png
[2026-09-26 21:48:20]   ✓ 이미지 rename 완료
[2026-09-26 21:48:20]   ✓ 마크다운 업데이트: 이케아 효과.md
[2026-09-26 21:48:20] [0;36m검사: eueueiwiwiw349w34.webp (basename 17자)[0m
[2026-09-26 21:48:20]   [0;32m매칭된 마크다운 파일 수: 1[0m
[2026-09-26 21:48:20]   이름 변경: eueueiwiwiw349w34.webp → 4fttm666vsre_20260926214820.webp
[2026-09-26 21:48:20]   ✓ 이미지 rename 완료
[2026-09-26 21:48:20]   ✓ 마크다운 업데이트: 양가 감정.md
[2026-09-26 21:48:20] ------------------------------------------------------
[2026-09-26 21:48:20] 파일명 길이 16자 검사 중...
[2026-09-26 21:48:20] ------------------------------------------------------
[2026-09-26 21:48:20] [0;36m검사: 90465_97059_1927.jpg (basename 16자)[0m
[2026-09-26 21:48:20]   [0;32m매칭된 마크다운 파일 수: 1[0m
[2026-09-26 21:48:20]   이름 변경: 90465_97059_1927.jpg → 5ndtvftgmf3r_20260926214820.jpg
[2026-09-26 21:48:20]   ✓ 이미지 rename 완료
[2026-09-26 21:48:20]   ✓ 마크다운 업데이트: 공황장애.md
[2026-09-26 21:48:20] [0;36m검사: 31567_43214_5150.jpg (basename 16자)[0m
[2026-09-26 21:48:20]   [0;32m매칭된 마크다운 파일 수: 1[0m
[2026-09-26 21:48:20]   이름 변경: 31567_43214_5150.jpg → avy79mthpusp_20260926214820.jpg
[2026-09-26 21:48:20]   ✓ 이미지 rename 완료
[2026-09-26 21:48:20]   ✓ 마크다운 업데이트: 아포페니아.md
[2026-09-26 21:48:20] [0;36m검사: 23069_23867_2657.jpg (basename 16자)[0m
[2026-09-26 21:48:20]   [0;32m매칭된 마크다운 파일 수: 1[0m
[2026-09-26 21:48:20]   이름 변경: 23069_23867_2657.jpg → sv744dcrsmfe_20260926214820.jpg
[2026-09-26 21:48:20]   ✓ 이미지 rename 완료
[2026-09-26 21:48:20]   ✓ 마크다운 업데이트: 자기 효능감.md
[2026-09-26 21:48:20] [0;36m검사: 79546_59740_2657.jpg (basename 16자)[0m
[2026-09-26 21:48:20]   [0;32m매칭된 마크다운 파일 수: 1[0m
[2026-09-26 21:48:20]   이름 변경: 79546_59740_2657.jpg → r3b9c9uh3kk4_20260926214820.jpg
[2026-09-26 21:48:20]   ✓ 이미지 rename 완료
[2026-09-26 21:48:20]   ✓ 마크다운 업데이트: 온몸운동 스트레칭 하기.md
[2026-09-26 21:48:20] [0;36m검사: 220494_435696_57.png (basename 16자)[0m
[2026-09-26 21:48:20]   [0;32m매칭된 마크다운 파일 수: 1[0m
[2026-09-26 21:48:20]   이름 변경: 220494_435696_57.png → t4v6dutek6c4_20260926214820.png
[2026-09-26 21:48:20]   ✓ 이미지 rename 완료
[2026-09-26 21:48:20]   ✓ 마크다운 업데이트: 지네의 딜레마.md
[2026-09-26 21:48:20] [0;36m검사: 32335_44616_5045.png (basename 16자)[0m
[2026-09-26 21:48:20]   [0;32m매칭된 마크다운 파일 수: 1[0m
[2026-09-26 21:48:20]   이름 변경: 32335_44616_5045.png → wtucmbtfxbyh_20260926214820.png
[2026-09-26 21:48:20]   ✓ 이미지 rename 완료
[2026-09-26 21:48:20]   ✓ 마크다운 업데이트: 초두 효과.md
[2026-09-26 21:48:20] [0;36m검사: 우리_뇌_속_행동경제학_이야기.png (basename 16자)[0m
[2026-09-26 21:48:20]   [0;32m매칭된 마크다운 파일 수: 1[0m
[2026-09-26 21:48:20]   이름 변경: 우리_뇌_속_행동경제학_이야기.png → ct3b28dsdhkf_20260926214820.png
[2026-09-26 21:48:20]   ✓ 이미지 rename 완료
[2026-09-26 21:48:20]   ✓ 마크다운 업데이트: 시스템1 vs 시스템2 모델.md
[2026-09-26 21:48:20] [0;36m검사: 43713_67336_1255.png (basename 16자)[0m
[2026-09-26 21:48:20]   [0;32m매칭된 마크다운 파일 수: 1[0m
[2026-09-26 21:48:20]   이름 변경: 43713_67336_1255.png → 6gpab69gge3y_20260926214820.png
[2026-09-26 21:48:20]   ✓ 이미지 rename 완료
[2026-09-26 21:48:20]   ✓ 마크다운 업데이트: 앵커링 효과.md
[2026-09-26 21:48:20] [0;36m검사: 199933b8a581b735.jpg (basename 16자)[0m
[2026-09-26 21:48:20]   [0;32m매칭된 마크다운 파일 수: 1[0m
[2026-09-26 21:48:20]   이름 변경: 199933b8a581b735.jpg → vb5365bp7auu_20260926214820.jpg
[2026-09-26 21:48:20]   ✓ 이미지 rename 완료
[2026-09-26 21:48:20]   ✓ 마크다운 업데이트: 좋았던 옛날 편향.md
[2026-09-26 21:48:20] [0;36m검사: 503202_307805_65.png (basename 16자)[0m
[2026-09-26 21:48:20]   [0;32m매칭된 마크다운 파일 수: 1[0m
[2026-09-26 21:48:20]   이름 변경: 503202_307805_65.png → r9kry2rsvxg4_20260926214820.png
[2026-09-26 21:48:20]   ✓ 이미지 rename 완료
[2026-09-26 21:48:20]   ✓ 마크다운 업데이트: 심리적 행동 편향.md
[2026-09-26 21:48:20] [0;36m검사: 20131023000152_0.jpg (basename 16자)[0m
[2026-09-26 21:48:20]   [0;32m매칭된 마크다운 파일 수: 1[0m
[2026-09-26 21:48:20]   이름 변경: 20131023000152_0.jpg → a7vwvtpvy92f_20260926214820.jpg
[2026-09-26 21:48:20]   ✓ 이미지 rename 완료
[2026-09-26 21:48:20]   ✓ 마크다운 업데이트: 스탕달 증후군.md
[2026-09-26 21:48:20] [0;36m검사: 31839_43712_1543.jpg (basename 16자)[0m
[2026-09-26 21:48:20]   [0;32m매칭된 마크다운 파일 수: 1[0m
[2026-09-26 21:48:20]   이름 변경: 31839_43712_1543.jpg → 8sugrbtpg8kc_20260926214820.jpg
[2026-09-26 21:48:20]   ✓ 이미지 rename 완료
[2026-09-26 21:48:20]   ✓ 마크다운 업데이트: 쿨리지 효과.md
[2026-09-26 21:48:20] ------------------------------------------------------
[2026-09-26 21:48:20] 파일명 길이 15자 검사 중...
[2026-09-26 21:48:20] ------------------------------------------------------
[2026-09-26 21:48:20] ------------------------------------------------------
[2026-09-26 21:48:20] 파일명 길이 14자 검사 중...
[2026-09-26 21:48:20] ------------------------------------------------------
[2026-09-26 21:48:20] ------------------------------------------------------
[2026-09-26 21:48:20] 파일명 길이 13자 검사 중...
[2026-09-26 21:48:20] ------------------------------------------------------
[2026-09-26 21:48:20] ------------------------------------------------------
[2026-09-26 21:48:20] 파일명 길이 12자 검사 중...
[2026-09-26 21:48:20] ------------------------------------------------------
[2026-09-26 21:48:20] ------------------------------------------------------
[2026-09-26 21:48:20] 파일명 길이 11자 검사 중...
[2026-09-26 21:48:20] ------------------------------------------------------
[2026-09-26 21:48:20] ------------------------------------------------------
[2026-09-26 21:48:20] 파일명 길이 10자 검사 중...
[2026-09-26 21:48:20] ------------------------------------------------------
[2026-09-26 21:48:20] ------------------------------------------------------
[2026-09-26 21:48:20] 파일명 길이 9자 검사 중...
[2026-09-26 21:48:20] ------------------------------------------------------
[2026-09-26 21:48:21] ------------------------------------------------------
[2026-09-26 21:48:21] 파일명 길이 8자 검사 중...
[2026-09-26 21:48:21] ------------------------------------------------------
[2026-09-26 21:48:21] ------------------------------------------------------
[2026-09-26 21:48:21] 파일명 길이 7자 검사 중...
[2026-09-26 21:48:21] ------------------------------------------------------
[2026-09-26 21:48:21] ------------------------------------------------------
[2026-09-26 21:48:21] 파일명 길이 6자 검사 중...
[2026-09-26 21:48:21] ------------------------------------------------------
[2026-09-26 21:48:21] ------------------------------------------------------
[2026-09-26 21:48:21] 파일명 길이 5자 검사 중...
[2026-09-26 21:48:21] ------------------------------------------------------
[2026-09-26 21:48:21] 
[2026-09-26 21:48:21] ======================================================
[2026-09-26 21:48:21] 완료 요약
[2026-09-26 21:48:21]   rename 처리: 467건
[2026-09-26 21:48:21]   마크다운 참조 없어 스킵: 0건
[2026-09-26 21:48:21]   로그 파일: /home/lwh/.local/bin/rename_images.log
[2026-09-26 21:48:21] ======================================================
[2026-09-26 21:50:33] ======================================================
[2026-09-26 21:50:33] 시작: 이미지 rename + 마크다운 참조 업데이트
[2026-09-26 21:50:33] 노트 디렉토리  : /home/lwh/Documents/001_Brain_Notes
[2026-09-26 21:50:33] 이미지 디렉토리: /home/lwh/Pictures/힣_Brain_Notes
[2026-09-26 21:50:33] ======================================================
[2026-09-26 21:50:33] 발견된 이미지 파일 수: 475
[2026-09-26 21:50:33] 
[2026-09-26 21:50:33] ------------------------------------------------------
[2026-09-26 21:50:33] 파일명 길이 200자 검사 중...
[2026-09-26 21:50:33] ------------------------------------------------------
[2026-09-26 21:50:35] ------------------------------------------------------
[2026-09-26 21:50:35] 파일명 길이 199자 검사 중...
[2026-09-26 21:50:35] ------------------------------------------------------
[2026-09-26 21:50:37] ------------------------------------------------------
[2026-09-26 21:50:37] 파일명 길이 198자 검사 중...
[2026-09-26 21:50:37] ------------------------------------------------------
[2026-09-26 21:50:38] ------------------------------------------------------
[2026-09-26 21:50:38] 파일명 길이 197자 검사 중...
[2026-09-26 21:50:38] ------------------------------------------------------
[2026-09-26 21:50:40] ------------------------------------------------------
[2026-09-26 21:50:40] 파일명 길이 196자 검사 중...
[2026-09-26 21:50:40] ------------------------------------------------------
[2026-09-26 21:50:42] ------------------------------------------------------
[2026-09-26 21:50:42] 파일명 길이 195자 검사 중...
[2026-09-26 21:50:42] ------------------------------------------------------
[2026-09-26 21:50:43] ------------------------------------------------------
[2026-09-26 21:50:43] 파일명 길이 194자 검사 중...
[2026-09-26 21:50:43] ------------------------------------------------------
[2026-09-26 21:50:45] ------------------------------------------------------
[2026-09-26 21:50:45] 파일명 길이 193자 검사 중...
[2026-09-26 21:50:45] ------------------------------------------------------
[2026-09-26 21:50:47] ------------------------------------------------------
[2026-09-26 21:50:47] 파일명 길이 192자 검사 중...
[2026-09-26 21:50:47] ------------------------------------------------------
[2026-09-26 21:50:48] ------------------------------------------------------
[2026-09-26 21:50:48] 파일명 길이 191자 검사 중...
[2026-09-26 21:50:48] ------------------------------------------------------
[2026-09-26 21:50:50] ------------------------------------------------------
[2026-09-26 21:50:50] 파일명 길이 190자 검사 중...
[2026-09-26 21:50:50] ------------------------------------------------------
[2026-09-26 21:50:52] ------------------------------------------------------
[2026-09-26 21:50:52] 파일명 길이 189자 검사 중...
[2026-09-26 21:50:52] ------------------------------------------------------
[2026-09-26 21:50:53] ------------------------------------------------------
[2026-09-26 21:50:53] 파일명 길이 188자 검사 중...
[2026-09-26 21:50:53] ------------------------------------------------------
[2026-09-26 21:50:55] ------------------------------------------------------
[2026-09-26 21:50:55] 파일명 길이 187자 검사 중...
[2026-09-26 21:50:55] ------------------------------------------------------
[2026-09-26 21:50:56] ------------------------------------------------------
[2026-09-26 21:50:56] 파일명 길이 186자 검사 중...
[2026-09-26 21:50:56] ------------------------------------------------------
[2026-09-26 21:50:58] ------------------------------------------------------
[2026-09-26 21:50:58] 파일명 길이 185자 검사 중...
[2026-09-26 21:50:58] ------------------------------------------------------
[2026-09-26 21:51:00] ------------------------------------------------------
[2026-09-26 21:51:00] 파일명 길이 184자 검사 중...
[2026-09-26 21:51:00] ------------------------------------------------------
[2026-09-26 21:51:01] ------------------------------------------------------
[2026-09-26 21:51:01] 파일명 길이 183자 검사 중...
[2026-09-26 21:51:01] ------------------------------------------------------
[2026-09-26 21:51:03] ------------------------------------------------------
[2026-09-26 21:51:03] 파일명 길이 182자 검사 중...
[2026-09-26 21:51:03] ------------------------------------------------------
[2026-09-26 21:51:05] ------------------------------------------------------
[2026-09-26 21:51:05] 파일명 길이 181자 검사 중...
[2026-09-26 21:51:05] ------------------------------------------------------
[2026-09-26 21:51:06] ------------------------------------------------------
[2026-09-26 21:51:06] 파일명 길이 180자 검사 중...
[2026-09-26 21:51:06] ------------------------------------------------------
[2026-09-26 21:51:08] ------------------------------------------------------
[2026-09-26 21:51:08] 파일명 길이 179자 검사 중...
[2026-09-26 21:51:08] ------------------------------------------------------
[2026-09-26 21:51:10] ------------------------------------------------------
[2026-09-26 21:51:10] 파일명 길이 178자 검사 중...
[2026-09-26 21:51:10] ------------------------------------------------------
[2026-09-26 21:51:11] ------------------------------------------------------
[2026-09-26 21:51:11] 파일명 길이 177자 검사 중...
[2026-09-26 21:51:11] ------------------------------------------------------
[2026-09-26 21:51:13] ------------------------------------------------------
[2026-09-26 21:51:13] 파일명 길이 176자 검사 중...
[2026-09-26 21:51:13] ------------------------------------------------------
[2026-09-26 21:51:15] ------------------------------------------------------
[2026-09-26 21:51:15] 파일명 길이 175자 검사 중...
[2026-09-26 21:51:15] ------------------------------------------------------
[2026-09-26 21:51:16] ------------------------------------------------------
[2026-09-26 21:51:16] 파일명 길이 174자 검사 중...
[2026-09-26 21:51:16] ------------------------------------------------------
[2026-09-26 21:51:18] ------------------------------------------------------
[2026-09-26 21:51:18] 파일명 길이 173자 검사 중...
[2026-09-26 21:51:18] ------------------------------------------------------
[2026-09-26 21:51:20] ------------------------------------------------------
[2026-09-26 21:51:20] 파일명 길이 172자 검사 중...
[2026-09-26 21:51:20] ------------------------------------------------------
[2026-09-26 21:51:21] ------------------------------------------------------
[2026-09-26 21:51:21] 파일명 길이 171자 검사 중...
[2026-09-26 21:51:21] ------------------------------------------------------
[2026-09-26 21:51:23] ------------------------------------------------------
[2026-09-26 21:51:23] 파일명 길이 170자 검사 중...
[2026-09-26 21:51:23] ------------------------------------------------------
[2026-09-26 21:51:25] ------------------------------------------------------
[2026-09-26 21:51:25] 파일명 길이 169자 검사 중...
[2026-09-26 21:51:25] ------------------------------------------------------
[2026-09-26 21:51:26] ------------------------------------------------------
[2026-09-26 21:51:26] 파일명 길이 168자 검사 중...
[2026-09-26 21:51:26] ------------------------------------------------------
[2026-09-26 21:51:28] ------------------------------------------------------
[2026-09-26 21:51:28] 파일명 길이 167자 검사 중...
[2026-09-26 21:51:28] ------------------------------------------------------
[2026-09-26 21:51:30] ------------------------------------------------------
[2026-09-26 21:51:30] 파일명 길이 166자 검사 중...
[2026-09-26 21:51:30] ------------------------------------------------------
[2026-09-26 21:51:31] ------------------------------------------------------
[2026-09-26 21:51:31] 파일명 길이 165자 검사 중...
[2026-09-26 21:51:31] ------------------------------------------------------
[2026-09-26 21:51:33] ------------------------------------------------------
[2026-09-26 21:51:33] 파일명 길이 164자 검사 중...
[2026-09-26 21:51:33] ------------------------------------------------------
[2026-09-26 21:51:42] ======================================================
[2026-09-26 21:51:42] 시작: 이미지 rename + 마크다운 참조 업데이트
[2026-09-26 21:51:42] 노트 디렉토리  : /home/lwh/Documents/001_Brain_Notes
[2026-09-26 21:51:42] 이미지 디렉토리: /home/lwh/Pictures/힣_Brain_Notes
[2026-09-26 21:51:42] ======================================================
[2026-09-26 21:51:42] 발견된 이미지 파일 수: 475
[2026-09-26 21:51:42] 
[2026-09-26 21:51:42] ------------------------------------------------------
[2026-09-26 21:51:42] 파일명 길이 90자 검사 중...
[2026-09-26 21:51:42] ------------------------------------------------------
[2026-09-26 21:51:44] ------------------------------------------------------
[2026-09-26 21:51:44] 파일명 길이 89자 검사 중...
[2026-09-26 21:51:44] ------------------------------------------------------
[2026-09-26 21:51:45] ------------------------------------------------------
[2026-09-26 21:51:45] 파일명 길이 88자 검사 중...
[2026-09-26 21:51:45] ------------------------------------------------------
[2026-09-26 21:51:47] ------------------------------------------------------
[2026-09-26 21:51:47] 파일명 길이 87자 검사 중...
[2026-09-26 21:51:47] ------------------------------------------------------
[2026-09-26 21:51:49] ------------------------------------------------------
[2026-09-26 21:51:49] 파일명 길이 86자 검사 중...
[2026-09-26 21:51:49] ------------------------------------------------------
[2026-09-26 21:51:49] [0;36m검사: LviksjQV-8QM1S7Nvz79WNDhNg9DGXq5GowuTecwKgNu7FAXnUritwWWRcoltB0hC7nxzXFvtUyhVhcm_arwyg.webp (basename 86자)[0m
[2026-09-26 21:51:49]   [0;32m매칭된 마크다운 파일 수: 1[0m
[2026-09-26 21:51:49]   이름 변경: LviksjQV-8QM1S7Nvz79WNDhNg9DGXq5GowuTecwKgNu7FAXnUritwWWRcoltB0hC7nxzXFvtUyhVhcm_arwyg.webp → ng5s29s64rhv_20260926215149.webp
[2026-09-26 21:51:49]   ✓ 이미지 rename 완료
[2026-09-26 21:51:49]   ✓ 마크다운 업데이트: 트롤리 딜레마.md
[2026-09-26 21:51:50] ------------------------------------------------------
[2026-09-26 21:51:50] 파일명 길이 85자 검사 중...
[2026-09-26 21:51:50] ------------------------------------------------------
[2026-09-26 21:51:52] ------------------------------------------------------
[2026-09-26 21:51:52] 파일명 길이 84자 검사 중...
[2026-09-26 21:51:52] ------------------------------------------------------
[2026-09-26 21:51:54] ------------------------------------------------------
[2026-09-26 21:51:54] 파일명 길이 83자 검사 중...
[2026-09-26 21:51:54] ------------------------------------------------------
[2026-09-26 21:51:55] ------------------------------------------------------
[2026-09-26 21:51:55] 파일명 길이 82자 검사 중...
[2026-09-26 21:51:55] ------------------------------------------------------
[2026-09-26 21:51:57] ------------------------------------------------------
[2026-09-26 21:51:57] 파일명 길이 81자 검사 중...
[2026-09-26 21:51:57] ------------------------------------------------------
[2026-09-26 21:51:58] ------------------------------------------------------
[2026-09-26 21:51:58] 파일명 길이 80자 검사 중...
[2026-09-26 21:51:58] ------------------------------------------------------
[2026-09-26 21:52:00] ------------------------------------------------------
[2026-09-26 21:52:00] 파일명 길이 79자 검사 중...
[2026-09-26 21:52:00] ------------------------------------------------------
[2026-09-26 21:52:02] ------------------------------------------------------
[2026-09-26 21:52:02] 파일명 길이 78자 검사 중...
[2026-09-26 21:52:02] ------------------------------------------------------
[2026-09-26 21:52:03] ------------------------------------------------------
[2026-09-26 21:52:03] 파일명 길이 77자 검사 중...
[2026-09-26 21:52:03] ------------------------------------------------------
[2026-09-26 21:52:05] ------------------------------------------------------
[2026-09-26 21:52:05] 파일명 길이 76자 검사 중...
[2026-09-26 21:52:05] ------------------------------------------------------
[2026-09-26 21:52:07] ------------------------------------------------------
[2026-09-26 21:52:07] 파일명 길이 75자 검사 중...
[2026-09-26 21:52:07] ------------------------------------------------------
[2026-09-26 21:52:08] ------------------------------------------------------
[2026-09-26 21:52:08] 파일명 길이 74자 검사 중...
[2026-09-26 21:52:08] ------------------------------------------------------
[2026-09-26 21:52:10] ------------------------------------------------------
[2026-09-26 21:52:10] 파일명 길이 73자 검사 중...
[2026-09-26 21:52:10] ------------------------------------------------------
[2026-09-26 21:52:11] ------------------------------------------------------
[2026-09-26 21:52:11] 파일명 길이 72자 검사 중...
[2026-09-26 21:52:12] ------------------------------------------------------
[2026-09-26 21:52:13] ------------------------------------------------------
[2026-09-26 21:52:13] 파일명 길이 71자 검사 중...
[2026-09-26 21:52:13] ------------------------------------------------------
[2026-09-26 21:52:13] [0;36m검사: 20251223_0823_샤덴프로이데_simple_compose_01kd45zrf8e8tbabph000fs87h-1024x683.png (basename 71자)[0m
[2026-09-26 21:52:13]   [0;32m매칭된 마크다운 파일 수: 1[0m
[2026-09-26 21:52:13]   이름 변경: 20251223_0823_샤덴프로이데_simple_compose_01kd45zrf8e8tbabph000fs87h-1024x683.png → mge5rgxgsvte_20260926215213.png
[2026-09-26 21:52:13]   ✓ 이미지 rename 완료
[2026-09-26 21:52:13]   ✓ 마크다운 업데이트: 샤덴프로이데.md
[2026-09-26 21:52:15] ------------------------------------------------------
[2026-09-26 21:52:15] 파일명 길이 70자 검사 중...
[2026-09-26 21:52:15] ------------------------------------------------------
[2026-09-26 21:52:16] ------------------------------------------------------
[2026-09-26 21:52:16] 파일명 길이 69자 검사 중...
[2026-09-26 21:52:16] ------------------------------------------------------
[2026-09-26 21:52:18] ------------------------------------------------------
[2026-09-26 21:52:18] 파일명 길이 68자 검사 중...
[2026-09-26 21:52:18] ------------------------------------------------------
[2026-09-26 21:52:20] ------------------------------------------------------
[2026-09-26 21:52:20] 파일명 길이 67자 검사 중...
[2026-09-26 21:52:20] ------------------------------------------------------
[2026-09-26 21:52:20] [0;36m검사: psychology-therapy-counseling-psychologist-talking-260nw-2683691121.jpg (basename 67자)[0m
[2026-09-26 21:52:20]   [0;32m매칭된 마크다운 파일 수: 1[0m
[2026-09-26 21:52:20]   이름 변경: psychology-therapy-counseling-psychologist-talking-260nw-2683691121.jpg → ap5cceub349c_20260926215220.jpg
[2026-09-26 21:52:20]   ✓ 이미지 rename 완료
[2026-09-26 21:52:20]   ✓ 마크다운 업데이트: 심리 치료.md
[2026-09-26 21:52:21] ------------------------------------------------------
[2026-09-26 21:52:21] 파일명 길이 66자 검사 중...
[2026-09-26 21:52:21] ------------------------------------------------------
[2026-09-26 21:52:23] ------------------------------------------------------
[2026-09-26 21:52:23] 파일명 길이 65자 검사 중...
[2026-09-26 21:52:23] ------------------------------------------------------
[2026-09-26 21:52:24] ------------------------------------------------------
[2026-09-26 21:52:24] 파일명 길이 64자 검사 중...
[2026-09-26 21:52:24] ------------------------------------------------------
[2026-09-26 21:52:26] ------------------------------------------------------
[2026-09-26 21:52:26] 파일명 길이 63자 검사 중...
[2026-09-26 21:52:26] ------------------------------------------------------
[2026-09-26 21:52:28] ------------------------------------------------------
[2026-09-26 21:52:28] 파일명 길이 62자 검사 중...
[2026-09-26 21:52:28] ------------------------------------------------------
[2026-09-26 21:52:29] ------------------------------------------------------
[2026-09-26 21:52:29] 파일명 길이 61자 검사 중...
[2026-09-26 21:52:29] ------------------------------------------------------
[2026-09-26 21:52:29] [0;36m검사: 1761579300-68ff9124a00de-paranoia-doubt-in-the-mind-img800-07.webp (basename 61자)[0m
[2026-09-26 21:52:29]   [0;32m매칭된 마크다운 파일 수: 1[0m
[2026-09-26 21:52:29]   이름 변경: 1761579300-68ff9124a00de-paranoia-doubt-in-the-mind-img800-07.webp → n5tp7yfdt3r8_20260926215229.webp
[2026-09-26 21:52:29]   ✓ 이미지 rename 완료
[2026-09-26 21:52:29]   ✓ 마크다운 업데이트: 편집증.md
[2026-09-26 21:52:31] ------------------------------------------------------
[2026-09-26 21:52:31] 파일명 길이 60자 검사 중...
[2026-09-26 21:52:31] ------------------------------------------------------
[2026-09-26 21:52:31] [0;36m검사: thumb-ee9fd168f3202fb7289e4c8fc32c8f61_1435375591_77_600x318.jpg (basename 60자)[0m
[2026-09-26 21:52:31]   [0;32m매칭된 마크다운 파일 수: 1[0m
[2026-09-26 21:52:31]   이름 변경: thumb-ee9fd168f3202fb7289e4c8fc32c8f61_1435375591_77_600x318.jpg → s954ct2b9849_20260926215231.jpg
[2026-09-26 21:52:31]   ✓ 이미지 rename 완료
[2026-09-26 21:52:31]   ✓ 마크다운 업데이트: 성장호르몬 관리법.md
[2026-09-26 21:52:33] ------------------------------------------------------
[2026-09-26 21:52:33] 파일명 길이 59자 검사 중...
[2026-09-26 21:52:33] ------------------------------------------------------
[2026-09-26 21:52:34] ------------------------------------------------------
[2026-09-26 21:52:34] 파일명 길이 58자 검사 중...
[2026-09-26 21:52:34] ------------------------------------------------------
[2026-09-26 21:52:36] ------------------------------------------------------
[2026-09-26 21:52:36] 파일명 길이 57자 검사 중...
[2026-09-26 21:52:36] ------------------------------------------------------
[2026-09-26 21:52:38] ------------------------------------------------------
[2026-09-26 21:52:38] 파일명 길이 56자 검사 중...
[2026-09-26 21:52:38] ------------------------------------------------------
[2026-09-26 21:52:38] [0;36m검사: pngtree-two-people-physical-distancing-png-image_6350400.jpg (basename 56자)[0m
[2026-09-26 21:52:38]   [0;32m매칭된 마크다운 파일 수: 1[0m
[2026-09-26 21:52:38]   이름 변경: pngtree-two-people-physical-distancing-png-image_6350400.jpg → s3u3vns2xyxw_20260926215238.jpg
[2026-09-26 21:52:38]   ✓ 이미지 rename 완료
[2026-09-26 21:52:38]   ✓ 마크다운 업데이트: 적정한 거리두기.md
[2026-09-26 21:52:39] ------------------------------------------------------
[2026-09-26 21:52:39] 파일명 길이 55자 검사 중...
[2026-09-26 21:52:39] ------------------------------------------------------
[2026-09-26 21:52:39] [0;36m검사: psychologist-using-free-association-method-with-patient.jpg (basename 55자)[0m
[2026-09-26 21:52:39]   [0;32m매칭된 마크다운 파일 수: 1[0m
[2026-09-26 21:52:39]   이름 변경: psychologist-using-free-association-method-with-patient.jpg → 8ucunx8gan6c_20260926215239.jpg
[2026-09-26 21:52:39]   ✓ 이미지 rename 완료
[2026-09-26 21:52:39]   ✓ 마크다운 업데이트: 자유 연상.md
[2026-09-26 21:52:41] ------------------------------------------------------
[2026-09-26 21:52:41] 파일명 길이 54자 검사 중...
[2026-09-26 21:52:41] ------------------------------------------------------
[2026-09-26 21:52:42] ------------------------------------------------------
[2026-09-26 21:52:42] 파일명 길이 53자 검사 중...
[2026-09-26 21:52:42] ------------------------------------------------------
[2026-09-26 21:52:44] ------------------------------------------------------
[2026-09-26 21:52:44] 파일명 길이 52자 검사 중...
[2026-09-26 21:52:44] ------------------------------------------------------
[2026-09-26 21:52:46] ------------------------------------------------------
[2026-09-26 21:52:46] 파일명 길이 51자 검사 중...
[2026-09-26 21:52:46] ------------------------------------------------------
[2026-09-26 21:52:47] ------------------------------------------------------
[2026-09-26 21:52:47] 파일명 길이 50자 검사 중...
[2026-09-26 21:52:47] ------------------------------------------------------
[2026-09-26 21:52:49] ------------------------------------------------------
[2026-09-26 21:52:49] 파일명 길이 49자 검사 중...
[2026-09-26 21:52:49] ------------------------------------------------------
[2026-09-26 21:52:51] ------------------------------------------------------
[2026-09-26 21:52:51] 파일명 길이 48자 검사 중...
[2026-09-26 21:52:51] ------------------------------------------------------
[2026-09-26 21:52:52] ------------------------------------------------------
[2026-09-26 21:52:52] 파일명 길이 47자 검사 중...
[2026-09-26 21:52:52] ------------------------------------------------------
[2026-09-26 21:52:54] ------------------------------------------------------
[2026-09-26 21:52:54] 파일명 길이 46자 검사 중...
[2026-09-26 21:52:54] ------------------------------------------------------
[2026-09-26 21:52:56] ------------------------------------------------------
[2026-09-26 21:52:56] 파일명 길이 45자 검사 중...
[2026-09-26 21:52:56] ------------------------------------------------------
[2026-09-26 21:52:57] ------------------------------------------------------
[2026-09-26 21:52:57] 파일명 길이 44자 검사 중...
[2026-09-26 21:52:57] ------------------------------------------------------
[2026-09-26 21:52:59] ------------------------------------------------------
[2026-09-26 21:52:59] 파일명 길이 43자 검사 중...
[2026-09-26 21:52:59] ------------------------------------------------------
[2026-09-26 21:53:01] ------------------------------------------------------
[2026-09-26 21:53:01] 파일명 길이 42자 검사 중...
[2026-09-26 21:53:01] ------------------------------------------------------
[2026-09-26 21:53:02] ------------------------------------------------------
[2026-09-26 21:53:02] 파일명 길이 41자 검사 중...
[2026-09-26 21:53:02] ------------------------------------------------------
[2026-09-26 21:53:04] ------------------------------------------------------
[2026-09-26 21:53:04] 파일명 길이 40자 검사 중...
[2026-09-26 21:53:04] ------------------------------------------------------
[2026-09-26 21:53:06] ------------------------------------------------------
[2026-09-26 21:53:06] 파일명 길이 39자 검사 중...
[2026-09-26 21:53:06] ------------------------------------------------------
[2026-09-26 21:53:07] ------------------------------------------------------
[2026-09-26 21:53:07] 파일명 길이 38자 검사 중...
[2026-09-26 21:53:07] ------------------------------------------------------
[2026-09-26 21:53:09] ------------------------------------------------------
[2026-09-26 21:53:09] 파일명 길이 37자 검사 중...
[2026-09-26 21:53:09] ------------------------------------------------------
[2026-09-26 21:53:11] ------------------------------------------------------
[2026-09-26 21:53:11] 파일명 길이 36자 검사 중...
[2026-09-26 21:53:11] ------------------------------------------------------
[2026-09-26 21:53:12] ------------------------------------------------------
[2026-09-26 21:53:12] 파일명 길이 35자 검사 중...
[2026-09-26 21:53:12] ------------------------------------------------------
[2026-09-26 21:53:14] ------------------------------------------------------
[2026-09-26 21:53:14] 파일명 길이 34자 검사 중...
[2026-09-26 21:53:14] ------------------------------------------------------
[2026-09-26 21:53:16] ------------------------------------------------------
[2026-09-26 21:53:16] 파일명 길이 33자 검사 중...
[2026-09-26 21:53:16] ------------------------------------------------------
[2026-09-26 21:53:17] ------------------------------------------------------
[2026-09-26 21:53:17] 파일명 길이 32자 검사 중...
[2026-09-26 21:53:17] ------------------------------------------------------
[2026-09-26 21:53:19] ------------------------------------------------------
[2026-09-26 21:53:19] 파일명 길이 31자 검사 중...
[2026-09-26 21:53:19] ------------------------------------------------------
[2026-09-26 21:53:21] ------------------------------------------------------
[2026-09-26 21:53:21] 파일명 길이 30자 검사 중...
[2026-09-26 21:53:21] ------------------------------------------------------
[2026-09-26 21:53:22] 
[2026-09-26 21:53:22] ======================================================
[2026-09-26 21:53:22] 완료 요약
[2026-09-26 21:53:22]   rename 처리: 7건
[2026-09-26 21:53:22]   마크다운 참조 없어 스킵: 0건
[2026-09-26 21:53:22]   로그 파일: /home/lwh/.local/bin/rename_images.log
[2026-09-26 21:53:22] ======================================================
[2026-09-26 21:54:41] ======================================================
[2026-09-26 21:54:41] 시작: 이미지 rename + 마크다운 참조 업데이트
[2026-09-26 21:54:41] 노트 디렉토리  : /home/lwh/Documents/001_Brain_Notes
[2026-09-26 21:54:41] 이미지 디렉토리: /home/lwh/Pictures/힣_Brain_Notes
[2026-09-26 21:54:41] ======================================================
[2026-09-26 21:54:41] 발견된 이미지 파일 수: 475
[2026-09-26 21:54:41] 
[2026-09-26 21:54:41] ------------------------------------------------------
[2026-09-26 21:54:41] 파일명 길이 130자 검사 중...
[2026-09-26 21:54:41] ------------------------------------------------------
[2026-09-26 21:54:42] ------------------------------------------------------
[2026-09-26 21:54:42] 파일명 길이 129자 검사 중...
[2026-09-26 21:54:42] ------------------------------------------------------
[2026-09-26 21:54:44] ------------------------------------------------------
[2026-09-26 21:54:44] 파일명 길이 128자 검사 중...
[2026-09-26 21:54:44] ------------------------------------------------------
[2026-09-26 21:54:46] ------------------------------------------------------
[2026-09-26 21:54:46] 파일명 길이 127자 검사 중...
[2026-09-26 21:54:46] ------------------------------------------------------
[2026-09-26 21:54:47] ------------------------------------------------------
[2026-09-26 21:54:47] 파일명 길이 126자 검사 중...
[2026-09-26 21:54:47] ------------------------------------------------------
[2026-09-26 21:54:47] [0;36m검사: hand-dropping-clear-water-drop-onto-dark-stone-calm-water-hand-gently-releasing-clear-water-droplet-above-dark-stone-420380528.jpg (basename 126자)[0m
[2026-09-26 21:54:47]   [0;32m매칭된 마크다운 파일 수: 1[0m
[2026-09-26 21:54:47]   이름 변경: hand-dropping-clear-water-drop-onto-dark-stone-calm-water-hand-gently-releasing-clear-water-droplet-above-dark-stone-420380528.jpg → cabmdw4sc2u7_20260926215447.jpg
[2026-09-26 21:54:47]   ✓ 이미지 rename 완료
[2026-09-26 21:54:47]   ✓ 마크다운 업데이트: 잔물결 효과.md
[2026-09-26 21:54:49] ------------------------------------------------------
[2026-09-26 21:54:49] 파일명 길이 125자 검사 중...
[2026-09-26 21:54:49] ------------------------------------------------------
[2026-09-26 21:54:50] ------------------------------------------------------
[2026-09-26 21:54:50] 파일명 길이 124자 검사 중...
[2026-09-26 21:54:50] ------------------------------------------------------
[2026-09-26 21:56:01] ======================================================
[2026-09-26 21:56:01] 시작: 이미지 rename + 마크다운 참조 업데이트
[2026-09-26 21:56:01] 노트 디렉토리  : /home/lwh/Documents/001_Brain_Notes
[2026-09-26 21:56:01] 이미지 디렉토리: /home/lwh/Pictures/힣_Brain_Notes
[2026-09-26 21:56:01] ======================================================
[2026-09-26 21:56:01] 발견된 이미지 파일 수: 475
[2026-09-26 21:56:01] 
[2026-09-26 21:56:01] ------------------------------------------------------
[2026-09-26 21:56:01] 파일명 길이 70자 검사 중...
[2026-09-26 21:56:01] ------------------------------------------------------
[2026-09-26 21:56:03] ------------------------------------------------------
[2026-09-26 21:56:03] 파일명 길이 69자 검사 중...
[2026-09-26 21:56:03] ------------------------------------------------------
[2026-09-26 21:56:04] ------------------------------------------------------
[2026-09-26 21:56:04] 파일명 길이 68자 검사 중...
[2026-09-26 21:56:04] ------------------------------------------------------
[2026-09-26 21:56:06] ------------------------------------------------------
[2026-09-26 21:56:06] 파일명 길이 67자 검사 중...
[2026-09-26 21:56:06] ------------------------------------------------------
[2026-09-26 21:56:08] ------------------------------------------------------
[2026-09-26 21:56:08] 파일명 길이 66자 검사 중...
[2026-09-26 21:56:08] ------------------------------------------------------
[2026-09-26 21:56:09] ------------------------------------------------------
[2026-09-26 21:56:09] 파일명 길이 65자 검사 중...
[2026-09-26 21:56:09] ------------------------------------------------------
[2026-09-26 21:56:11] ------------------------------------------------------
[2026-09-26 21:56:11] 파일명 길이 64자 검사 중...
[2026-09-26 21:56:11] ------------------------------------------------------
[2026-09-26 21:56:13] ------------------------------------------------------
[2026-09-26 21:56:13] 파일명 길이 63자 검사 중...
[2026-09-26 21:56:13] ------------------------------------------------------
[2026-09-26 21:56:14] ------------------------------------------------------
[2026-09-26 21:56:14] 파일명 길이 62자 검사 중...
[2026-09-26 21:56:14] ------------------------------------------------------
[2026-09-26 21:56:16] ------------------------------------------------------
[2026-09-26 21:56:16] 파일명 길이 61자 검사 중...
[2026-09-26 21:56:16] ------------------------------------------------------
[2026-09-26 21:56:18] ------------------------------------------------------
[2026-09-26 21:56:18] 파일명 길이 60자 검사 중...
[2026-09-26 21:56:18] ------------------------------------------------------
[2026-09-26 21:56:19] ------------------------------------------------------
[2026-09-26 21:56:19] 파일명 길이 59자 검사 중...
[2026-09-26 21:56:19] ------------------------------------------------------
[2026-09-26 21:56:21] ------------------------------------------------------
[2026-09-26 21:56:21] 파일명 길이 58자 검사 중...
[2026-09-26 21:56:21] ------------------------------------------------------
[2026-09-26 21:56:23] ------------------------------------------------------
[2026-09-26 21:56:23] 파일명 길이 57자 검사 중...
[2026-09-26 21:56:23] ------------------------------------------------------
[2026-09-26 21:56:24] ------------------------------------------------------
[2026-09-26 21:56:24] 파일명 길이 56자 검사 중...
[2026-09-26 21:56:24] ------------------------------------------------------
[2026-09-26 21:56:26] ------------------------------------------------------
[2026-09-26 21:56:26] 파일명 길이 55자 검사 중...
[2026-09-26 21:56:26] ------------------------------------------------------
[2026-09-26 21:56:28] ------------------------------------------------------
[2026-09-26 21:56:28] 파일명 길이 54자 검사 중...
[2026-09-26 21:56:28] ------------------------------------------------------
[2026-09-26 21:56:29] ------------------------------------------------------
[2026-09-26 21:56:29] 파일명 길이 53자 검사 중...
[2026-09-26 21:56:29] ------------------------------------------------------
[2026-09-26 21:56:31] ------------------------------------------------------
[2026-09-26 21:56:31] 파일명 길이 52자 검사 중...
[2026-09-26 21:56:31] ------------------------------------------------------
[2026-09-26 21:56:32] ------------------------------------------------------
[2026-09-26 21:56:32] 파일명 길이 51자 검사 중...
[2026-09-26 21:56:32] ------------------------------------------------------
[2026-09-26 21:56:34] ------------------------------------------------------
[2026-09-26 21:56:34] 파일명 길이 50자 검사 중...
[2026-09-26 21:56:34] ------------------------------------------------------
[2026-09-26 21:56:36] ------------------------------------------------------
[2026-09-26 21:56:36] 파일명 길이 49자 검사 중...
[2026-09-26 21:56:36] ------------------------------------------------------
[2026-09-26 21:56:37] ------------------------------------------------------
[2026-09-26 21:56:37] 파일명 길이 48자 검사 중...
[2026-09-26 21:56:37] ------------------------------------------------------
